-- --------------------------------------------------------
-- Host:                         127.0.0.1
-- Versi칩n del servidor:         10.1.19-MariaDB - mariadb.org binary distribution
-- SO del servidor:              Win32
-- HeidiSQL Versi칩n:             9.4.0.5151
-- --------------------------------------------------------

/*!40101 SET @OLD_CHARACTER_SET_CLIENT=@@CHARACTER_SET_CLIENT */;
/*!40101 SET NAMES utf8 */;
/*!50503 SET NAMES utf8mb4 */;
/*!40014 SET @OLD_FOREIGN_KEY_CHECKS=@@FOREIGN_KEY_CHECKS, FOREIGN_KEY_CHECKS=0 */;
/*!40101 SET @OLD_SQL_MODE=@@SQL_MODE, SQL_MODE='NO_AUTO_VALUE_ON_ZERO' */;


-- Volcando estructura de base de datos para krece
CREATE DATABASE IF NOT EXISTS `krece` /*!40100 DEFAULT CHARACTER SET latin1 */;
USE `krece`;

-- Volcando estructura para tabla krece.account
CREATE TABLE IF NOT EXISTS `account` (
  `id` int(11) NOT NULL AUTO_INCREMENT,
  `name` varchar(255) DEFAULT NULL,
  `identification` varchar(50) DEFAULT NULL,
  `address` varchar(255) DEFAULT NULL,
  `phone` varchar(20) DEFAULT NULL,
  `website` varchar(255) DEFAULT NULL,
  `city` varchar(100) DEFAULT NULL,
  `regime_id` int(11) DEFAULT NULL,
  `logo` longtext,
  `decimal_precision` tinyint(4) DEFAULT NULL,
  `decimal_separator` char(1) DEFAULT NULL,
  `account_key` varchar(255) DEFAULT NULL,
  `email_footer` text,
  `email` varchar(255) DEFAULT NULL,
  `invoice_design_id` int(11) unsigned DEFAULT '1',
  `pro_plan_paid` date DEFAULT NULL,
  `id_number` varchar(255) DEFAULT NULL,
  `email_template_invoice` text,
  `email_template_quote` text,
  `email_template_payment` text,
  `invoice_footer` text,
  `pdf_email_attachment` smallint(6) DEFAULT '0',
  `referral_user_id` int(10) unsigned DEFAULT NULL,
  `email_subject_invoice` varchar(255) DEFAULT NULL,
  `email_subject_quote` varchar(255) DEFAULT NULL,
  `email_subject_payment` varchar(255) DEFAULT NULL,
  `email_subject_reminder1` varchar(255) DEFAULT NULL,
  `email_template_reminder1` text,
  `enable_reminder1` bit(1) DEFAULT b'0',
  `num_days_reminder1` smallint(6) DEFAULT '7',
  `num_days_reminder2` smallint(6) DEFAULT '14',
  `num_days_reminder3` smallint(6) DEFAULT '30',
  `custom_invoice_text_label1` varchar(255) DEFAULT NULL,
  `custom_invoice_text_label2` varchar(255) DEFAULT NULL,
  `invoice_number_pattern` varchar(255) DEFAULT NULL,
  `quote_number_pattern` varchar(255) DEFAULT NULL,
  `quote_terms` text,
  `email_design_id` int(11) DEFAULT '1',
  `show_currency_code` bit(1) DEFAULT NULL,
  `pro_plan_trial` date DEFAULT NULL,
  `enable_portal_password` bit(1) DEFAULT b'0',
  `send_portal_password` bit(1) DEFAULT b'0',
  `custom_invoice_item_label1` varchar(255) DEFAULT NULL,
  `custom_invoice_item_label2` varchar(255) DEFAULT NULL,
  `recurring_invoice_number_prefix` varchar(255) DEFAULT 'R',
  `enable_client_portal` bit(1) DEFAULT b'1',
  `invoice_fields` text,
  `financial_year_start` date DEFAULT NULL,
  `enabled_modules` smallint(6) DEFAULT '63',
  `enabled_dashboard_sections` smallint(6) DEFAULT '7',
  `created_at` timestamp NULL DEFAULT NULL,
  `updated_at` timestamp NULL DEFAULT NULL,
  `deleted_at` timestamp NULL DEFAULT NULL,
  PRIMARY KEY (`id`),
  UNIQUE KEY `UK_account_key` (`account_key`),
  UNIQUE KEY `UK_account_email` (`email`),
  KEY `FK_account_regime` (`regime_id`),
  CONSTRAINT `FK_account_regime` FOREIGN KEY (`regime_id`) REFERENCES `account_regime` (`id`)
) ENGINE=InnoDB AUTO_INCREMENT=6 DEFAULT CHARSET=latin1 COMMENT='Contains the account information for each user register in the app, in addition controls the the permisiones over the application';

-- Volcando datos para la tabla krece.account: ~5 rows (aproximadamente)
DELETE FROM `account`;
/*!40000 ALTER TABLE `account` DISABLE KEYS */;
INSERT INTO `account` (`id`, `name`, `identification`, `address`, `phone`, `website`, `city`, `regime_id`, `logo`, `decimal_precision`, `decimal_separator`, `account_key`, `email_footer`, `email`, `invoice_design_id`, `pro_plan_paid`, `id_number`, `email_template_invoice`, `email_template_quote`, `email_template_payment`, `invoice_footer`, `pdf_email_attachment`, `referral_user_id`, `email_subject_invoice`, `email_subject_quote`, `email_subject_payment`, `email_subject_reminder1`, `email_template_reminder1`, `enable_reminder1`, `num_days_reminder1`, `num_days_reminder2`, `num_days_reminder3`, `custom_invoice_text_label1`, `custom_invoice_text_label2`, `invoice_number_pattern`, `quote_number_pattern`, `quote_terms`, `email_design_id`, `show_currency_code`, `pro_plan_trial`, `enable_portal_password`, `send_portal_password`, `custom_invoice_item_label1`, `custom_invoice_item_label2`, `recurring_invoice_number_prefix`, `enable_client_portal`, `invoice_fields`, `financial_year_start`, `enabled_modules`, `enabled_dashboard_sections`, `created_at`, `updated_at`, `deleted_at`) VALUES
	(1, 'TinnSoft', '1234567', 'mi direcci칩n', '3629222', 'www.fernando.com', 'Bogot치', 1, 'data:image/jpeg;base64,/9j/4AAQSkZJRgABAQAAAQABAAD/4gKgSUNDX1BST0ZJTEUAAQEAAAKQbGNtcwQwAABtbnRyUkdCIFhZWiAH4AADAA8AEwAkAC9hY3NwQVBQTAAAAAAAAAAAAAAAAAAAAAAAAAAAAAAAAAAA9tYAAQAAAADTLWxjbXMAAAAAAAAAAAAAAAAAAAAAAAAAAAAAAAAAAAAAAAAAAAAAAAAAAAAAAAAAAAAAAAtkZXNjAAABCAAAADhjcHJ0AAABQAAAAE53dHB0AAABkAAAABRjaGFkAAABpAAAACxyWFlaAAAB0AAAABRiWFlaAAAB5AAAABRnWFlaAAAB+AAAABRyVFJDAAACDAAAACBnVFJDAAACLAAAACBiVFJDAAACTAAAACBjaHJtAAACbAAAACRtbHVjAAAAAAAAAAEAAAAMZW5VUwAAABwAAAAcAHMAUgBHAEIAIABiAHUAaQBsAHQALQBpAG4AAG1sdWMAAAAAAAAAAQAAAAxlblVTAAAAMgAAABwATgBvACAAYwBvAHAAeQByAGkAZwBoAHQALAAgAHUAcwBlACAAZgByAGUAZQBsAHkAAAAAWFlaIAAAAAAAAPbWAAEAAAAA0y1zZjMyAAAAAAABDEoAAAXj///zKgAAB5sAAP2H///7ov///aMAAAPYAADAlFhZWiAAAAAAAABvlAAAOO4AAAOQWFlaIAAAAAAAACSdAAAPgwAAtr5YWVogAAAAAAAAYqUAALeQAAAY3nBhcmEAAAAAAAMAAAACZmYAAPKnAAANWQAAE9AAAApbcGFyYQAAAAAAAwAAAAJmZgAA8qcAAA1ZAAAT0AAACltwYXJhAAAAAAADAAAAAmZmAADypwAADVkAABPQAAAKW2Nocm0AAAAAAAMAAAAAo9cAAFR7AABMzQAAmZoAACZmAAAPXP/bAEMABQMEBAQDBQQEBAUFBQYHDAgHBwcHDwsLCQwRDxISEQ8RERMWHBcTFBoVEREYIRgaHR0fHx8TFyIkIh4kHB4fHv/bAEMBBQUFBwYHDggIDh4UERQeHh4eHh4eHh4eHh4eHh4eHh4eHh4eHh4eHh4eHh4eHh4eHh4eHh4eHh4eHh4eHh4eHv/CABEIAgACAAMBIgACEQEDEQH/xAAcAAEAAgMBAQEAAAAAAAAAAAAABQYDBAcCAQj/xAAaAQEAAwEBAQAAAAAAAAAAAAAAAQIDBAUG/9oADAMBAAIQAxAAAAHsoAAAAAAAAAAAAAAAAAAAAAAAAAAAAAAAAAAAAAAAAAAAAAAAAAAAAAAAAAAAAAAAAAAAAAAAAAAAAAAAAAAADQ0ImeQEkbomAAAAAAAAAAAAAAAAAAAABCwmoTm9apreq1FK6evT6TXQebaebvrm3SOnn+vFJLvWOYR9NbhWtnXidNGa96zaF2Ym2dL4x7pb9DKzZtcAmAAAAAAAAAAAAAAAAAGOP5HW9lofz1nt5yy8z3eTDSclO8laxE3GsdvDbPVatfwn2XNN680X2MdCPtsr6vNF6lJhOjnmoU0yCQG1YKrN4dFj7r+eO4Y6zA0xAAAAAAAAAAAAAAAAVnR5bTTNrpk0rJn++38sHTw0C/1+h+F9L+iNSj3/AOK+i+e+YXfsyqHXI/hX0PBbObfHZiEwAAAko2Uz0mOw8e7Jy9VkGuAAAAAAAAAAAAAAACi+uX56vv2z644ZU935IL5AaEHYYW80q47PSvD+kmKVWuZc3ZnwHTkEgAAAE5CWbHfL3bjHecNQ0yAAAAAAAAAAAAAAU/f43TTz9WfTH1unvfIhagDBihrM+tH9j4fYy8b0a5wesF6n3erbQ+zGxneA+X/NhvRte678TzZcdbbKrvfjfDdn9Tb5Oy99NiJecwtUAAAAAAAAAAAABHbvFa2j9VPGxJH0Hx4XyAR/iFtPuD0+9+X7/viG1VObuC9XqTsWG8VY8vzz+/20dSJlsMQvWR86C0b/ALjRs1md+a5fbXV+4EqNecAAAAAAAAAAAAAVeJq9HZ899yyeffv/AB4b8gCN9Qlp81H51vy/oJ3nkvyvl7Q0q95LjjtqTWpocPduafxaAtAAAAFh7P8AnfqF8rwNMQAAAAAAAAAAAANfhtqo+W61w1l9Twfo9LwwGnmgrMdOz7Pn+7Yrfv8AB+H0sY0o3vts5+j3pY/nL1haAAAAADPOwrezuxJ3vd4b23bmyi1QAAAAAAAAAAENM8dratffO9aubc030vxli9QMxVm8+oqGtWpCn83p++4VGpeZ7elplqtvBasttjVOTsCQAAAAywxTE5ec5w7P3Qwt65/eNamnLOmc0nPQ5u1jbmAAAAAAAAAAAgeK2yp5dGSQw5vd+XDu8x68iRi/dby3i82jl8f6SfrZEjcTJ7pw94RYAXSqCt9q+4zGe9/7WYnHNERcj78J9/NbWztlwGeoRPM9OagfQ5v0P90N/q4wAAAAAAAAAGlu0SJ5o87S20Pp/iQANOmSEd5X0Ac/YB7smlJcvWGO4AFh6bDbPJplw/GGr78RPr74THryQBLx7pV63T7Rb0Ums3Cn9ePap6qWvr4wmAAAAAAAAAHHOx/n+mmvIx8n6HlB7PzoCPkKjh1xo8n6EBsa8/npufTj7gAGbDuw6pi+/PO6QiQAAAFIvulrnyrqkLLaViKN0rmt46hePz/eerm6O1drTIAAAAAAAADV4D3jg+e2Xf0d72Png9LxwNWlTsD5fvBzdwGxZI6R5OwMtgAG3qWKs3p8++d0iImPEXJyF1akJfTJL3DTNH3dxbl83nX1bRIeq9Dpt9TvC1eLa/a6fvWmdI5pi1p+iHKOl6YbgtUAAAAAADH+ff0NxumtekYve7/KzD2vnBp8/XXs8k+f+s1Pu3kprGac0tXz6M9AAAFpq3qk9aR8hwdARLBn05iH+WHJZo733PVnzefW2HM5+x+l/GrKpqCANHmPXNe8cWy2qp6us2zgHfN+b2L0AAAAAAQk2h+e8faeSZdHzPF+/R8n3hWbzvWj7zYPXNpjyaGGk7dSuWW0cOWWtdEBIAADb6Ly+4YXtg49zY2bU0cm8vXHkL0AAAAAambQpf5zydpOsO88c7l2coaZAAAAAAANTbHG630rmuPTIddq1t574KPn+ZaxexbvWd6TctaEvWapHUYjbHlw3gAAAfSY6hET/NYKgAAAAB4PeHX1s7+6xoQe0ajpvMurHql05B1/TELUAAAAAAAA5NULTVsense38cmnNb9S77TTRx5GOkFZar83zvGns47Z8bw3mjdFQsAAXSpdkzZhhYAAAA8YYnZ8aWKltjBEVSZtlIxdE6saf1nf+9PM4R3fkUWrPUOVKa/of7zDp+vOEwAAAAAAByqmdS5bj0dk3arauXSjXfH7rbTwyupnfVr9jrMXmZ+FmtcabQLDXuigXAAWzotUtfPIUkB4w0mJu3jmni09K8cz1E9OjKDMWrvQVxtW+XKLzffuuWDOXzAQslS8tJHmPYuV8/RCfoT8/foLpw+jTIAAAAAADV4N+g+d00p3XOIWzn6Oivn3CWhvim+rgW+Re1yq9I/4dEAAAdQsNMufNIVkCgw2LovTTxltf3fnrkhJ+Zh6wa1LSCGZ3k8XndvUYdc80HUYrPXJf/v3j3ieT2mrarf1mEm+nlC1QAAAAAAHn0OO1n9Cczz2hL1yn5jr3D7xPPSewVrnXmzb1C8BIAACU67xrseM+mPJlIHJrjrVfevUPu/ITSA9ziYidndXp59YoDWlkw8zq9b36kWC6YbV21MWF/UXkqOelV3ovpPdz38b8wAAAAAAAAAERS+lq24tqd0+Rb88LBX89gSAAAAvlD+1dfka3ZOeQiflEvi0cTmelwmsQHqQWrExlxkInlkx0/JS1Ss+ZmMGpS+fW+eMtNXmm9G9uOfvFC6N08wXzAAAAAAAAAAAAjOI/oGp005GM9wAAAALZaeXbubsDFlwsAAAA+fY+s59fGz1GCJy8/xxPXi3tHrnRlZc5tzAAAAAAAAAAAAAAUDm36I5xnrz4U2AAAAAtnReHWvKejMGfGQAAHz6NLX1qRF7LSNV0UE5pSX6riy7c4TUAAAAAAAAAAAAAACgc2/RFTpryNnwZ7AAAAAZrLVFXSJLkqrsXzjyJ6zHc3TFvruksCwTKMXaPm7rgFqAAAAAAAAAAAAAAAAARnKe0/K2/PDqfOs99ERYAAAAAAAA3elzWq9UzNMKHkuQzC1QAAAAAAAAAAAAAAAAAGPIKRRu4K3/ADu7hVaac5WSErfWCQADJLohF7tNq8qvV++2zw5i+YAAAAAAAAAAAAAAAAAAAAAAAAGppy6Ff+WEmE3N8efRMAAAAAAAAAAAAAAAAAAAAAAAAAAAAAAAAAAAAAAAAAAAAAAAAAAAAAAAAAAAAAAAAAAAAAAAAAAAf//EADEQAAEEAQEIAgAEBgMAAAAAAAMBAgQFAAYQERITFCAwQCFQFSIjMxYkMjQ1gCUxQf/aAAgBAQABBQL/AFoJNiDx1xWtxtzWuwUuKVfrZtpCiZK1GZ2Gspxlc5zsY97Fi3E+PlXcx5i9jlRqTL2EDJWoZhFNJkG7YVpNirVWwJ31VjZxYSWFzLldiMeuKMiZHrpRskxyxi0t4rcRUcj3tGyw1CIeTJsmW7I9fLOhkhR1LMbv6smdW/GSmLiLvxrla6gseuB9MV7BMtb9z8cquXBjeRRQcYETNlsZQQYJuohyQCkDnwiRH1dvIgtnTpMx7Gue6LRGVkm2qa/LG0nT3doCqNyKipWSViTU+U+ksZ4IIrKxkTiY1FcoIWNajUgdOdyjHwviMXLyAckHSr3dAV6DH+lJBZVr461tFIkZNsqujbaWkyxf4ILt48pCKWq+jubYcFsgxZBcjx3mwImCTZakJGtqW4HNTJEgMdGPYRqoipp8VkK0dyIgr7UxJHjgfuZpdd9P9Fe3CRsc5XOyLE34nwm22jMNhGEASjveLHtaRlrVSID9NgtSCtrSHVBt7WVZl8den5s003hp/ob+45OxEVViRUH3TP6DiYZkkDwO03aSEMECNzUOoxw8OYpy+SC3cLKsXJrvoNQW/JTGtVzosdAp3Sf2cFGWYSoq4lRH1FqRx/ONvAyvD1E36DUFr0jFVVVjVe6KBAt7iEaxCEc9YrTTpUYMOmgahvDWT+7cuwMd5mkG8a9kNnEXNIRuKR793ZNgAI9xHtRXLEAgW9xjIzCkREislW0oQ4FBWXlse0PtRFVWRJL8Suk4KHNEsdTKjxjfiQxNI5rXI+Cxr5Nai49rmOyKPgFlPF6SB71jLHCjS5BJJ8hx+Uncc27DlaJkcUq2mxQQqKrvLQ1pK2t3IsSWqYJznt2KqJimGmdQmdTnU4khuSwilMjCVS5pmH1M73ivYIdxPdPlZAj7u+QbJBmhYxsiwl1ECNS1+orclpJ2xoRTYGBHHiJuxyo3HSExxXr4P/WNc99VEbChe9qex5pMgg5ju6QbJBmhY9xJBtM1DayNqq668u1iqjowZZMVzWI864qqvj0+aMCx97UNh0cbADUpGNRje2SXdhytEM5XGJo2m5bdYXfGu0InmfEiDjoQ+Kqr5tL2HOH7kkzI4J0l8uVkQPKH2yC8CEejGyjuOTSVP1x9W3fSM2xIz5D2NFFGQjn+hFM+PIhSgywe3qmdzTZBRvM7SvRjXLvWdI5z6WvJZTryxBR1xHuI/ZDjOkPVzAMVd6+UISmcylmqkqulxkyqnEgyREYUXs3EzooKqrlYnE7AmVmNVHJsVdyFer3WUjGNc94Ej6ZpJkk0uTsigccu9gR+asgEmEjAFGEq7kcRVy6hoJ2aRlcQvZ1HM6qdgW7m7BkcxRka9MlE3rNPyRf95pWMGKG4sDWUzYxqveNrY4vKIZCugUjlUbGjZhHcS5KEho6/C0BuRa+xey+kr8GnE7saqtXqP03uRjZBVMWDHWTJu7FJbtsEfLZ3wa6TLyPRxmoyvhNToYeLWwVz8KgYyvhMxjGsTFXdhH8XZZM5c4T1GRq709fU8rn2GBTc3usz8Tsa9zWbYwuY/vpqpHonwmb07Vc1McXFVV7b1N07K53FX+tPOkaG5yucxN7u6WbkhX57WNVzhsRjO6jh9VJc5Go4jl7N65xOzeva97GNRUVM1C3+YzT7+On9bV8jhj4BO+ebmm7YQ+FvfUiSNXKu9fHqF68+llKM2aiT8uaVdvqfW1KZS2uMTc3tnl5QO2OzmE7wN5hiL8+TUKfzKfCxic2PqBu+Jmjyb4frSSKWQ35d3WBeZI7YjOAXfA/vvI0blydXDloWgTdBAWPFtGcyDkc5gPr9RKmRpAZI/TmO4ImC/c7ZROUDtjs5hfBC/vNq/GHnNTHSzuxsk6YGeuMc17dg2btiqiZxtz4XFEu+dSb1OAoH5HOWOSqvmG9Oy+a7A/udtsT83bBZuH4Gw1fHT5TZNacrxV7cbGAmLHCuEgidkUBwFwKfOFMxmyc9WRqlzkm7CjGVk6jTCjIJ+Uly6LkWVHkt9AjeMbkVrmLuf2kGQ52RG504c5AcWKJcdEdiJuTwUB9z+0xWCYScVVbImZFOpdgf6MM17S1DnEUkcZBw4Q4zuyZFDKHYwSwyYIjxPobXrW+hqOMsezwbuJNryb9qIq4oyJ5GOVjoElsoHYaOwpGMYxNjRquIm5MNHCbAhEFO+SMZQmp04SMcN8Uzo8gbkezz3MFJ8QrHiJgyb9hH8WyBXnmLFp4gcYxjEw0cBssaVqD8USQ+MWJIHJH2I1VxBuxrUb5TO2XL2PnZWora/wBC2qwz2zYh4Zs4l4cpq3qnNajW4SZGHiWERcGRhEzUEXkS/FVy4u/Y0arjWNTzkdwpltP5aZUw3TZvpS4wZQbipLBXK+MsuUNjRsOVgRy5hZCsY9+dKfEUoX10zqE1CLmVxonBWeKvlS2kCzc3zvfuxfnLSxQe3STgrB9PWJtwc0yBGxstj82RBicxGojUwzo71Rros6UPnRrcCfg/hRFVaeAkQPmc5Ex5FXHORrbGzUmRY5ZRjUYh1GaYkcmz9PVrt9plezlwnrwsTe8jmINmE3oOmeNDmjDKXJyb4XKfyPBpyFxO8rnImOKuyZPBGyXLNJWrqpE5YMMEIWWYensAkcI0HUEYzkVFT0dU/wCXwf7ZE4hwv7wyb27JcNyLDnlCrHNew7VeC5jti0/fHE4xgDaEPiVzUxS4r3Lsk2EYOSrM5sjRzySVlAMWIiImzVQ+C22aZsXDN6OrmKljkF3HDyaNYs5qo5pGcK7LQSJlI7fGzVLv0O/TIkfL7lc1M5qZzVxSOxVXCGEPC2cRmGuHLh5Ug+RIMqVkHTjG4AIgM7J4Izymr4ZWWEdYspiq17V3t9DV4VfDzTR0fDwo2FaxqMbjhZwuy0Ijn041ZEzUB+dP79Ms3Qe05OFJVujXLaTFz8SmYs+WuPMZ+MY8ix6mwNkbTZFyLTwI+J8d0gwo4hnJay8vioWyCxSGT4T0JYWyYxhuEWslLEltcjm7ZnUo0smwfkOue9yfCWktIkVVVV79PJ/xfbqKSqPqa4lgZunYKImn6/GUla3GV8FmNa1qbXlGzGlUnZZ2ceC0aS7qSEbBDuJXSRF+c0tF50/0tVQNlJZcjEXenbKkCjCsJZJh/BVykFXdtu9X2WmeSKsRUXaqomKYSY6WPFlPXEZJLg4zG7TlGAdpqBzsrawstwmMEx7uFNQn4z5Rx0jVnpOajm3lW6CXK6zPEyLZxDpsIRg0mXQBpKkmkk8NV/ke25Hy7LTyLIgdObOTIzkHXEikxIeNiiTGta3aYowssNQjbjnzbKRXU4w7HuRqGJwsORSmqo/VT/UIxpGW1EQSqm5cYUjMWXKXHKrvJBfwTHKjWjehB7dSRFeOpnPgSYUyPMZ2kIMbZN3XhyXqKQ9FWVNNCo3LgAiAzHvRuKu9b6T8ZpGLuH606tiTMk6bKivprJmPr5zG+W3n762tdxV+1flLOmci/qBIC3sQomoZ+fxFOx1/YLhbSwLn6pnx6maXItGBmCEMTdjybJshsYBHuI+OJ5zxQtjx/ZX5S9gLCmeRVVc06/jre0wAmQtNCfi0IM/AQYyjiJg6yCzGMYxNriImOcrthHtGywlOlGzSUL59uyhsmxZAngN5NNH4JUCXzZfjVUTHFTHOVdr3NY2znLJdkGM+XKAJgA+5qGs6wK/C+MT3DJGlPDOE9pR+J7Vau05RhHYTnynbNOV/Sxve1HVcfmobDkO8Spvx41TZNsQgyScsh+zTVb1BfoNQU+7zVdu4CAMI7PDLtYgMnWciT2U9e+fIENgh/Q3tLxeYRSCdHvJDMDeRHY2yguzrYeLNhpjrOC3C3kRuHvTuyRLkyO2sglnHhxhRAfR3NMOZhwkAX2KuuNPLCjCiA+lnwY80dnVSYK+tT0pZWBEMIjSbEToVjLNP+lX5SyoAmyZEkRH+lEinlkqqMMbaohLiCEjvpyMYRk7TwCZMrZkXzxIcqUsDTrG4EQws+vlVkGTkjTSbj0liLCxzi72Me9QVVgbI2mzLkSlgAxERE+1fGjvx9ZXuxaWsXPwSsxtTXNxsKG3GojU/1X//xAAvEQACAQIFAwQBAwQDAAAAAAABAgADEQQQEjAxICFBBRNAURQiMmEVM0JgcYGh/9oACAEDAQE/Af8AVLGWPxxT+4FAmteLxqcK2gBMFP7l0We+sFVTCoMIt8NUvLBRMT6ulPtT7n/yJgcZjE1u9hP6ViKNQaluP4lNtSAmVKUaoFjVSeii/e0qjz8JEvzK+Ip4ddTzF4+piO3Ay9Mx1lCjxEqCot1n5Ok6XENQgaQeqn+4Spx8FE8mYzGphl78ytXeu2p81Yqbien4mo41SpULHroD9V5VPwES/eY3GLhk/mVKjVW1NzmBeYX07/KrP4GQUniCi/1Pxbjmfi9ocO4ypLpWMbnfRbzE4hcPT1GVqzVn1tmqljYTCYIUu55hOSUHaIpXkwuJrmozUY6BjeO1hvgXhK01uZjMUcTU1eMwCxsJhMIKQ78wnxlSpM8Fk4hN+qovnfprbvPV8XqPsr/30YLC+2NTczjKlR1dzxL+NlltuoLmY3E/j0i3mE3NzngMNqPuNOMqVPUe+yovCotGFxuoLCeq4j3a2kcDPD0TWfTFUKLDIC5tFXSLbASAWyPO4ouZiq3s0S/RgqHtU+/JzopYX6FW8t0sbCKbx+Y3O3S5nrdSyqmeDo+7U/gZ011HpHU5FpTj8x0PO3SnrX94f8Z+n0tFK/3nRWy9A6nPiKt4VhN8ioMZSNmkZ6xhy6iovjLC4OpiT+niJh0QWmhfqGkp6QbdN7QzXLnoK2jrbYHaKwaYj0hXfUnb7lOmtNdK8ZW60ORYCa+tB5jt4lU7SG4yUZEddzsBPuM/1A14477S8ZX75EbljAkuFj1IzEynzCoMYW2U4yJit95HnYt9y6zWIasarDUJzpjvlV2aZ8dGrZcnxNRlyYEY+J7JH7odI4yWn9wCGObnaV/vcuRxPyGn5DQ1XPmdzBTPmBAIBP2iMbDcDET3TAb7VpoE0iWyC3gFozXlQ+N5GtuqLwKBkzXjNYfAR/B3Q8LXnEZr/BV/veZr/DVyIGB2mYCM15qHxRUIgqCXHReGoIahPy7zUZc/6b//xAAsEQACAQIFAwQBBQEBAAAAAAABAgADEQQQEiAhEzAxBSJAQVEUMmBhcTOR/9oACAECAQE/Af4peX+OXlzNJi10LaQeYDeE2heWZp0WhpMICR8QtacmUcAzcvxK/q+EwVTpqlyPMp+s4Suvtax/uV0NGuVX8zB4/X7H4aBC0WkBsrLxeJ8JmlKk1U2WUMKlL/cvU/TVxHLf+ythmw1TTVEHpnVXXQe4i4VGfqMPdALban7Ynn4LNMPh2rH+pTprTFlztcWM9QwtJhobmUMMlFdKjfWPET4DNMPhzWb+oiBBYZ2lfGW9qQD7ORYDzDWT8z9XY+J+r5gxKHKq1zALDvsbSjSNVrCU6YprpGfAFzMRiS3AijJ66LHcN4EFMzpiaFmhYjFBaKPgAFzYTD0BRW2fjkzEYjX/AJFH2cqtZUhBfzAANynvsZgMPYdQ5gTE19XA8Qc85Va2nhfMC/Z33EvAb91jaYaj1qmmWFrQiCYqtb2CHnKrU0jiAb2f8RmtEqEGKee6x5mAo9Onc+TnVcU1vCb85E2jG5vmTaFzLzUYTC8Jvkh9o7hlCn1agXZiKmts6r3NtlV+Zfai6jaOmk2lL9kHjtvPTE9xbPEVNCZ1G0jad1LhrysQRKB9sVu289M/5n/c8U+p7fjOq1zsY2yEuBLgwxB9xmtFN4vt8QVIDaA37Lz02sFJQ/eVfEpRHMeszG81t+YKrDay6haEWzuJa8EtsV7RXDeIpv2SLSj6iyrZuZUqFjqaFycgxEBvtrJcXyCkzQN7n6lFLcxO03mObmGa4DFb63PYnsF/xKdH7aEWi+O0fMMbxkDfIG+xzbdcQvBTZpTogQC0eA2gN+y3mMLHJl/EXzkosNj+c+TwJ0nnQP2YMOItECBc6v7ZTJidlhHW+xFvtbznTAAlhOIaiD7nXB/aLwaz54yZ7R3vKfiKLDtFYUBnTgpjdUzADjmfpV/M/SpBQQfU4ELxqsZvzB7zaKO4QJo3kXjecg1oKs6s6sNSEkwtaXvKSaRFHeYb2W+5jaFicqVLTyYBf4DLvdL8jd0SYlMLkBb4JXeQDOmJ050xAAMwLfDK3hFu0BeAWlvilRNJltukwL8ywlv4b//EAEIQAAIAAwMHCQUHAwQDAQAAAAECAAMREiExBBAgIkFRYRMjMDJAQlJxgRQzYpGhNFBykrHB0QWCoiRDU+FjgPDx/9oACAEBAAY/Av8A1o18pkj++L8qHopMXZUPVSIpLyiUx4N93EPNtP4VvMUyaSssb2vMVfKpnoaRrMT5xVHZfIxdO5QbnvgS35mbuOB0asQBxiiEzm+DD5weRCSV8qmOdnzH820dSaWXwveIse7neE7fL7q5x6v4FxgqDyMvwr/OhcpPpF6N8orYsDe10WJgodh3wJGWmo7sz+YqDUGC7sFUYkxYyROVPiOEVnzWbhszWkktZ8TXCKT8tVm8MgW/rhHNSyPxNHVSL1WNYWYqIDKSCMDFiZ75Otx4/c5eYwVRiTBlZFqr/wAm0+UVY1JzURaxzjegjVQZnI6x1REqd40BixNWo/SL70ODQU95L2KdkVnzKjYowEBUUsTsEcrlkxcmljGuMFP6dkwyqb/yzMBH+onsV8AuX5aXw7oqIlzhgDreUV+5bU1rz1VGJisw0TYgwGaiipis35RRRQQ626uh1kilgUjVJEMES2QaikNk8wFXlN1SNh/+MNMbqqKmO7MluPnFuVV5f1EB8o5mX/kYMnJZYm5Ttof1MVyibq7EHVHQld2bJ2ONmny+5OTSjz927zgzZzlmObcu+KKPXPy0lyj0BBECVNok/dsbyzAzmsKe8cItIysN4MUOBibkuToXydXo9rqjjBnT3VVXFmgyMgrKlbZneb+OjYcM0vgx/X7jOT5MQZ21vDBZiSTiTmtzflFBoLW5thihuIwMDJ8tbW7szf5wUcBlOIMHKv6c8zk9oU3r/wBRyv8AUXAlnqqV145w1c9WWuJi1OaiDqyxgOkZs0njU/X7iOS5K3Od5/DmoMYtve36aQPGLLiKNhsMJkTK89GuWmK/9RVrzDZPkdJmUbW7qQ02c5d2xJ6Wu85pEs4hBX7hOS5M3O95vDmsqKmKm99M5vZlS2W+nGCwpbprzW/+whsm/p7FJWDTNreXThd0SZPia/y+4fZ5B59sT4YqbzFlRUxvbadO+L49lyMWm7z91BDM70AvmTGxYwZaVl5MMF8Xnp4HNWWQSMV2xR1K+ejXYt+aZlLC5BZXz+4KLQzm6o/eC7ksxvJMUAqYvvY46dBeYLzGj2XJRZTvNuHGLzZRes3ecxafVlL1Je7QoIulH1ujuj1ist1HrFJ6AHeDGsinzECZLqjDdFGAI4xblgU2oYtSDQ+ExZYUObicc0uV3sW8+3mdM/tG8w06aas2a03XP007KfOLTmFkSRj8lG+CSaKoq77WMco+rLX3abtC8VizKyMH8MVaWU8895jGsdUx1Y6sXqY1SOUGEaw6uOblWHNyr/XZ29pjmyqipMF8Ja3IM3Kv6adlPnFpvQQsqWLUxzRRBLMK0tTphjVquTp1F/fQr1F3mL1tn4oui8xqisY9ATvgIoqxNAIST3sXO89v9jktzaHXO85rbdUfXTsL6xab0EbWY3ACOWnU9oca58I3R7Nk7f6ZD+c6AK4+UWp851HhBvi8xq3Rf0avlA4K3hPb+TlnnpmHAb8wUesBVwGlYX1i20Wmgf1HKV1z7pTsG+G/p2SNqj3rjbw0LCCpi0b33xRPnF/TexzTroNTiO2vOmGiqKw8+Zidm4ZviOOlQdaC7G6KnDYI9qyhf9PLOHjMHIckbn2Guw7g/nQoLl2mLKj/ALi/sCTk6yGsCbJao28O2exyzqS+vxOa2/ppVgsTFleoPrCyEuXF28IhMlyUATbNJa+HiYLuxZmNSTtz0wUYmOTlDCKnprMpGc8IqQi+bRaeXVd635hMW9T113iFmSzVWFQe1NN75uTzgkmpMUzUN4ioz1MVjkUP4oCICzMaACLUyjZRMxHib+BD5RPa07HPYX1O6ORk4Db0/hljrNHJylsj9YqY4Ry8oURsRuOZ8kY3prJ5dqKqeblaq/vmrvz3RdmsDCLuscM0z+tZbdKl3SuJgz5twwRfCM4VRUmOSTHvHprMtGc8BAfKzQeAQERQqjADNwzPLO0RQxJOxjYPr2lmB5x9VNOoj4oLNgILmFlVsjFm8I2mEyfJxYyOQLMpd/HQ5Q9dsOA6CqLZTxNHOs0w/IRQZNL9RWPs0r8sfZkj7OPzGLsml+orFEUKOAzXxQYaE1firCuMVNYBG3tHJKdSTd67c3np8iuAxzMoutY6F/VGPQDKMpGr3U3xQZsdHGLhF+j5qM2Ttvlr+nZ5s891bvOCzGpN5immW27NIKNsBRp2nHNy7zxzbtDGMTpWnYKN5MVBqM0tt60zZOeFPr2eVkw75tH0zE6d3VW4aVs4noJfibWMVPSS5ewLWOQY6j4cDmknicwG5yOzuNksWRmGkadZrhpAbNvQIniYCKDAdLLbekVhJniEK25806VtV6/P/wDOzzJpxZiYA0zuW7SrtboJH4x0u6FtuQV3RzeUX/EIWVNpUbomgY0rmtyZjI3CAmWpX41/iLciYrjh2Sc/hQn6ZhpM23ZpAbNvQyfxjQvikoWuMdenlHvDFJq+oi0pqM9TjmvMYxTGOEF8lYfgMWZssoeOblJMxkbhAlZXSW/j2HseUj/xN+nQLL3XnSt7+hlZXk97DrL5RXPyaDU3xzj18o92PWPdL8o1apFLjLOOauazbW1urmJXHCEA2457ExAy7jBfJGp8DRYmIVbccwk5SS8nYdqxakTVfy7CybxSCpxEDSZ8ATiY1mJjq/WOpG0RcwMUHQtk57166VpzHNqAIrQn+yKMhVhoMszrVvhpRNwFYKNgYtglm3nRsTV8jtEUbWQ9VsweW5RhtEcjOoJ6/wCXYXampN1x++am3Qoue4Vi+W3y6QMpoRhFsdbvDRDPU02RRVAz33RQZuclgxSWlnoGSatpTHMzTXc0FHFGGMJOTFDWFcYMK9gsXCYt6GDLmKVZbiM1Djm4ZtQWU8ZwgFxyrfFh8ooiKo4DNzklG8xBmZJWo7nRiYnqN8W5Z8xu0cI3dNZzNY2Ch882ThsRKX9Ow1OpNGDiOTnpQ7DsOazm5WbdJH+UBVAAGAza05fS+PefQxVHDeWblFGpNv8AXo6NLSTM3jA577ow6fjmMiSdfvHdmSUBq4udw7GZU5LS/pFsa8jY27zzLKGGLHcICIKKMBBmOboxsp4RGopMe7MVFpGiw90wfWC22WaxJyrxsa/t0aypPOVwUwC9LXYLscxkyDV9rbs7KgAmhtfju7JIkA9Y2jmaecXNB5ZigOql0crM6mzjFAKDNyLkEmE8/pEyV4lIhpaj3YFPToqAVJi0455seHDp74uui0xAA2wZeT3LtbfAlSVtMYdVFvKBrWv2zBO7NFnsgG6WM0lPgEFtwjixhEXADMxGNIblKWz1SYSa1apmnD4D+kctTUtWfXofa5guHU/npsYuuzUrafwiNc6uxRhFoc3K8Zjk5K03nac06UMA13lCTV6yGogJPUyDvrURUYdib8IzL5Qy7xEqvjGgXlXjdAV9dP0gOpqDExBiVIiTJXZMFeJoegSUuLGkLKTqqKdHjFwjHNS3bbcsUXm14RYkS2doEzLCJjeDuiKAUGct40Dft+2cZHNast+pwPYkfY0vNJbegzcoOratCARgY4Z1mDbjDL4WzSU3tXoHmn/bW7107zGEYRjF5jXmIvmYucv+ERzMoDi0c5MJG7ZHMSWYb9kWssmW/hTCLEqWqLuGjys6WjELi26KGQg4qKGGk1rTA8IDDEGsA9hlzgPdtf5HMZNdaWfpmszFDCAqigGGbVjCBLHdxip7xrmKg3SxZ6Bm2s+ljTeYs5Otr4mjrgf2x77/ABEe/aNea7ebRRFZjwEXZOyje90VyjKAvBBWBzPKMNr3xdpGbOcKojlLJTJJZuHjOZ6YLqwktcWakU7DMkNg4pDS3FGU0MLM7uDeUBlNQcNANk9k7wYscmy/hSLc/VXdtMUEF++bkHGKnHoE8zpezqeLQVU2UXrNF7zj6xhMP90e4r5uY1clk/liiqAOGhrMI5tLt50NY25mxBFuc1mSu7AeULLliirhBZeublzcuerJv9ex+3Shwmfzm9nnnm+6fDFRhpGZNag/WOUe4d0buhyaSPeTJlkcBXSnk+KnyhbwGcktFxz3kR1xF1TFFURrGgi/WOczJrhFG0wZeRCyP+Q4+kcvlJYSzffi0BJahVGAzLK8N5zSlprMLTeZ7GVYVBxEW5YJkNgd3DNZ95K8Jgc5YbwvdntTHVRxMUkc62/ZFuc9T+nRSPx6U4bza+cUUiss0Ijq/WMD84wPzjuiL3jaY1QBntzXVF3kwUyNLZ8bYReXmv8AQQJmUUmTN2wZ2mPgBWGmNixiVJpdWreXZSjqGU4gwZuR1eX4Noihzakxl8jF+UzvzmLyT0kl9ziCxNAIV1wYVGgMqQXpc3lHKC9Dc674tSJgPDaNK1MdUHExTlDNPwCsFcnlrKG/ExeZk5/nFrKmp8KxYlIEHDNxi+Bky+bZpmVsL21U8tvZ6zZWt4luME5PPVhue6PsxPkQYLNks0AXk06aUqHWnrU8BEg/ANChgzckvHg/iO9LcehEUGUFh8V8YST/AGx1JH5T/MXGWvksa2VTP7bv0jvzG+Zi+XyY3vFZ7mYdwuEWZaKg4DPRcxmN6DfBdzUmEkoKs5oISSnVQU7VQwbI5p70/jpRU4YQF8DEaVJstX8xGqHl/haLp8yPfzIvaa3rF2TqfO+KIqqOA0Lr4vzF3NFEWsEHVGZstcfDL/c9saS+PdO4w0qaKMpv6VpJPvBd5xlUgm9H1fLpL4ui/OWY0Aiwl0ofXMkhO9idwhZUsUVRQdt5aUOfQfmEUPSLMQ0ZTUR7TttVIhZiGqsKjp7cxqCKdWWMBn5aYOemf4jt5yzJl1v9xRt49N7POPNtgdx6S7NZXnJm4bItzGr+2f2qcvNIdUeI/cLZXki3Yug/UdMJWUVeXsO0RblOHHDoqB+UbcsU92m5dCzeJS9doWXLWyqigH3EcpyNdbvS9/l01qU7IeBjnkWaPkY1w8v0rH2hfW6PtUn84j7VJ/OI+0L6RqLMf0pHMylQcb452czcNmjycu4d5t0CTJFFH1+5DOk0Sf8ARoMuahRhsPaaJqyx1n3QJMlaAfX7mszlv2MMRFojlJXjHZxNyisuT9WgSpShVGAEZaPbFb2YL/tDWtRk8l6AXpNuxYA/9fc1DBmZKeRfw90/xFmfLK8dh7HYkSyx+ggTMopNm/4jO1ZaG31rsYtCWla1rT7osTEDqdhEWslfkm3G8QTMkmz4lvHT0kSWbjsi1lky38C4RYlIqLuH3hWZIW14luMVyfKT5OIryQmD4DHOSZiea6dERmPARq5M44tdH+onqnBb4vl8q2974oBQfe2vIlN5rF+SSvQUj7KPzGPs3+bfzF2Sp63xq5LJH9giigAf+rH/xAArEAEAAQIEBAYDAQEBAAAAAAABEQAhMUFRYRBxgaEgMJGx0fBAweFQ8YD/2gAIAQEAAT8h/wDM7akkVMkU9CfpWKSgP0rlElLAFf8AOjGD7mXWnvoDaHemt1yi+hTsp6qanwdWKau/XzjQgS4N6L+vCtKsVQFcm6+j0mgjJEd0/FenyyenhFfVxt0rD29dzP8AyoFpdzq0q/m2lu8/A7b1BJH1Vb32retpMMNxUr+Dmm3yoyYEiNmsaFggKWck4Z5ZvaoI3LCOnCLNGW1mstKz7UvVHc09R2TNPQCv+Q/NE3ZTVvRepQCQTUpsLSDCNSqEZyf8cJ35RAVevhK/4PuFLWOlVleEgFM37utG+rSXg4cXXn/Jq4ZKEaxenekHPcVnTrWfPeogkbJx7P6qZTYHKKUIUAStO7+pSz2Kg0O422vSOdIF1hYOjxZuVjQm0iSU/wA2AM3jSADI4f4tyb7J96tI7ff9HfgNYmRRkP00FIGRSw7ZLJvypQcLarhsuJUCLivXpyam3uMJLh3pP7KiJsVjBsxLgpiaXn9danEtknYy61G/0CSHt8jtUtyWbfo/t8lnM9uvBUpu30fr/EWSstO2/wCFY5h14OSbzrF6zWLxb9ICI/VR8M+R8OE6cQA3buXWiD3hKGmZSEJrS4bz4GcDrGmNAuhKICp74TA5GjvypVZbvlNvLX9+CAcif4YbC1jH902dpRKvB4DBlr50AAAMA8BKwkaNXyukPcaGPGBcNnyo6JwCRKGCxK/3pAAGHLdjA535VMwFPrvY3q9evt7u/mYqwA9f+cOYnef4RXVhLsN/alVVZXFokKrAKgBMky8Q8lTogOZUJJWDg0v8LOfs9KieW5FSzNbGT9v3ama9K5XzWR7XBi0QTdu/4ONUsfYb+1N2WiyEwKt0TF05eMzsxwP5oGQ1OVLY7lux+qZckNtnQd/OLsVtMpzcDPc7UWIP8AEChYy/NIkUZVzoJIMCtWPjJlc5FTJ2yKEDxH6h1oQhvpDkVLm27u+PiL4V/wAzg9zXEUkvtnhg19FuGZKjdj29/wDAmoPy921JfHMFoS5MCpRDFNNvH/yNqBIZrQteI+Gp8KYuJkP63apaLrTbc6vggAq5FYZ/pnSsTnV5aNg9qhlmuGhIN5lSepms7JTt6yE1LWWvE2cmincBb1pQs8R4QUmdQFQCVqTTD1+Px0/Pu/RbN0qk77obG1ArBdooaQ8a+a+dF3KGa1iPWHUKjUzzPq0KeSSiWx+fAgsDSa7kD3qcL0Q+3E+wc2s8chTl+pTo76Fn31khVpgL/wBNO5gdjrpwUJ9/vlfvp+eIOUGRSRnkGa83hACu4dN/HLLc6T8v1GkMxBwP5Qm5wFMfoqMSLn79/bwR7JepyKIHc/hQCABoUNJFF7hrT5oU3x8fUKXenVlAzaNEZRm4/H58tkAPS5HCzl/1ePGXmrG4+pR6ycNPICn+K6YY0P3To4vE9blp6+AOJyYqjNvwviidgMJZadYw1caQlK+XZFRcWTN/Py86d98OHX6aFBRAW8V0l82lJlsYGrTx+RoVg19p1u+laOMzHp218B3VmhVnuc8uVfOKZlK+ct1zk+j09vzblZlPhdt6AoFYCVoo3U8XUd2qCkLrWAI9Ko3IdHR5GfpRCJAR0ubt4MDJj4FFfnc1IXW0/AVeILfapEjgzWj+ZG3ZKHo9OBzZjv8AFO2ORT7hK08hftu1qXMfdvXSmh2HvD7c3rSXiLSpz4xdSwpCiIkr520+RNS8WlztVotxaB8cEbbL6V6JKcDM/KIrQt3xjTFkSrm0oeqgggr/AJm0IWR4kyQFO1hkVj84PajegEurlWZlgb6R9PWkQzy6bG3ENYMdBSAEYmrz7OlX8TejAxx13NFlFWYgoDCiCw+Dgs92B1Y9/f8AKhyZoM3N904XBjxTJWzNamSvmcLk2Y7tHeZfzpVKsrUVc03HNQ7HXSlW1DbQ4z5lAVIWX13ztkMzVnQOW7zcqCEEAsU2rDMHAEjCJycqCgQlmvqqB7x+Tbq9Sc+hwhTLF8IhYSmbIjDtT1QEtZkOBoUDy93gN05FIM5EVp7v3PwWAsfRv5EB0jHTWg+v7/271Ii+jGlMfT1jPQkr7j+6+tBzrY9kBwASoKXIeB0COt/3WAeT0aDDQk/InpJRMvtbpwuufjXk928FDgQ1pjHKY9PBeP2G3kXHa7dzQAAAwDhtPWpnwYoKH5qdlT4ZV1X6/XDOj9J+PCheZZ5D1pui5HNqC8Ysw2O9JSrK+EGb0yk+/jO7ohc2RVzdCsAs2pVxZ4h5vWv+lSmKvh5SfRRsyYIyPCD/AIU/3htA/Sj8fOB0XB3e3D2nxzIvoL4rL6PLyAZwes/yKaQv5iJGR7r/ACh8polwOVR9uH0qr/v8eZ8k957rwi23ivp4g0VX5Kww8f8A1cGicJYDzYdgei/NJAMJhW1avPOkCMKfR4FIexj+vxlgVyrEMb1aG4Pjig5b9+K+NR/XkfZ6+bcMG9Da4wjWpFfQWXqULl2SpMaU1Ig6X4A9cnFWIenfr8KGb1sOZl+JDnwy8ibao5vFZHVyeS4T6T4EBUAYrTrNasK0q0EUvI/O9ToSfW1CBpgnETiezhh4UK4atsjVSkCc1PIpu2b7NcqaseAQSzX2aaOmwO9p7UXJPwijYp9/DA6+KYfiEkscPLySdsXVcx6YUgBgk8R0MEqYFoAKLTDWDv6qCh6MKvzTa5V4skPfhOnlhww5agmlVlptEWIypeWJg1I4ulbEJpFwaluj807NsQ4JYJcT5Taoc/FFc5mJ+CS2DrrRkQiNTB18UO8E0MqCXjaxQRn3lS2X1awjpNDSInk0R4AQeSLH9rM+6eK0hoZtQvIVpayb0LRpe1nh79MxbGpEI4lPCYR02or1DGb0tS7GQeG7no9hrZyks/Dwwu1LDRpCEyWDqb/gmCFx5/LhfGDvxUCXCnyBrxQhFoUNITVfmSVHK0aEQAtovhXMhBO1Rp+xxvlqiyjhEzJng07MHHfyBaCuNTjooY9SkstgNP8AwUb7UrMgHJ/AeHEnk6cmlEFIyaGGSgyvuptdqZBg4SS63+qaIRPFobaSi4DN5zu+tZ0UWzPLy0p9gUN5hxXhwJUpvFMOL6+blOvBWgwIZj7HThg3A+j8HAtrTs6lMGdIdR4LyNuDQaixmviiztAFjhaJGnwUpEznVBFbp4FZ3oM3z5QwjUM+2ij4ON8sVgN2r547jClllorw7D28+DAItAAADA/CBEnqtRypPOzu7PlwnuMA6lFdLAZVGyHqulPSWQnvrSscnKsz7VTMF0o7YC+zWjyMn2fenzoXJ/w+vlzZyxdn8pSFm8Mh+Adt1EqVloAPAL270qqrK4vC9ZHzGbll0/EzAEuVj3eAtdsP7PBckMb5tYmEoH3hQ0wYBwFr6AzH9UfC2MOqrD8SHRisG53L/E+UTciAM6iwRv0aPPDuqyWKbXbKbFSDcPBeTSnr+iDV2qNYuemTbHgy+KXPE+Ov4iaTO6/vgAxESc4vW6Q0DGPeNFdEY4PAEkqaUE9xVz1SQ2efDcqtcbw1hPkglywUxc/OYvdpSLWqWWWgF/W30rDeNgoiGqePIzrHrY+Lu8DxN+tc7VhInnDNKDOfucqAIKuJn+FP6+HCNvCPtUYZpRt/Q1dTE4k1LdOJSsuDDjyVGqcjWESzmla1EcwfIwG+KGSIDy8UNHrc600bcJddQ96mn23d61O4sYwOblWzA3c1okYLAGHigocciG+lyff8KNFlfcX+cDNZ/Q4HAul9ZikCkJKvBi4pjBUbqd3Y5PCHWvoP75BhT6B/ifI0cpNOWCk6OVIxGgJ5YlC3DT5KOjcSe1OMsyW9FJ9GYHVtUBJcrqcfagJlkx4REWccxJc6ubuEC9KV0F2ssKVeBBreAn8GU9b2f0Dgi8hN1/eeG36GoKjgUgkNZ3opLF0o8+7UT4fTcAlL1jP7t5BRdzfYD++IGsgSmRTwMeR0KYty4pX6PasbDlBXdGGti1stfVwda+4qMWp4D6MYdqAIAGh4scw61n4MYhhPvHCQYiT5Y95o8JMTdaMOgj8HHJMtNGk/LBuVeTOyZ0LoKUZngRjDgrvKjGbdQaOije//AIUAAALAVJ86g/imbKmVc/IgTV+/ilkJ9HIrEhZyY250QG82J+qDjzVVpm/pxomBcyvetp5CDwYAnSnrno/BHpku79dCpfkbNjdvQNTQClXk/KdaSlWVxpoG1kxeH7fw3k2Kdv09OEoubdzfFACCriZ+KJsYGa0KQ2i2SfJXGVh1L6eLISZ7P1Wc5Vzg7FXAHk8cGXNrGenegYOlVvZerQl3eY7Vf+uwrDhiw6WKkWzxu5MqloS5ffnQnBgKCRxyKaTwdZ/nvwsjdxHwdPwy6HhMEpIxud1cIB8ww5OVHgX+hwoRJETglAs4qfGx7D81M5lGXIeVn9HiZzCN3VdO1nqP3Skn9BwFmupV+L1Kb4ysQOa12RDi/OsYVejhnSYvatoSPqBVrCufVPCQOORRorpVmbCnvx9Iu/il+OASJRjYp9nqd6RARLI5cG553lBQs3+alpc1WfMB6w95TQggSrkVNFEk0fBIrL5XSoYuNGD5obat3bnHi3kSQU6gnL3mFa+Ff+dT5Hzh8VGR+tL1figOno4WwvRpFLUDN3+J++GvOT6nr7fj2JH3Ln1rJBwJepTDP1ZjQnnkWh5owyUT8Ah6h629aIvS9DwAQBGyNATLdncomYnehshwne3o2POL5p0ygf8AWd6wzbKpZTJ5pSpBrkdsahPqwZ1tfmLgoEtq+c4XJHDWVMccrUIIaAvsRvv+UBAEcRoETGtNejzRAiCJZFXwv+x/fiifudFY8n0xmpVhzCjO9Ap+dpSHYpIeYX3VsOiI8FuuUldwAyWVac3WOia8+EgeCZNfoev5kXRij5TS/Y4eaUXHoH8mjvO4eh7+/mYgCgYZrF1tOIFzSrlVzibHueBQ3XuDURxg/NDQSOxz0oKAiWR8yFgCb0IOJCzHEq7QA8puRV4XNfAqMfflUUyrm7vHCmMsl8k/f58a0Li9DfXzgs1r32jywEJJV0vOE6pqFuZq6UyMuTjA5iH1g/wWWgmw+mHnRJGw/VKArua8lQJWAqXsPX74UqiMLOeb4AuZNA0N6IpCDI/wsHWIu7dtSIokJ5u96YqeDUh/y7VYXtWDtWHH1e6hKbFOglY83IvtTsb6Qd6cjUznTDFOqPQW8Icobvga1jozWr/iEalft33rG3H+SRWkXi3yazfCc1q/42E+0nLacaBPDmZfjqGx4YcrQ3o1bxQSWgtY7R1p4xoo3yxph/jAIAjiNRRUhKf5ewfw9ebPuOVWbK4Rd2145bxecOE61CKKgMykT/kPsREoqcR9tzO9T5T9jLr58LHnCB1bUoTHJ6nGgpTgMH+g4hL6RU0I5fvHxQiCMxe2Nd2yPHtvKZpyy8n3q8haM/1Qow2b7MKJCDAD/WflTUWvohcqxDoH+6BrMYfV7uGkbMKCP/LH/9oADAMBAAIAAwAAABDzzzzzzzzzzzzzzzzzzzzzzzzzzzzzzzzzzzzzzzzzzzzzzzzzzzzzzzzzzzzzzzzzzzzzzzzzzzzzzzzzzzzr7zzzzzzzzzzzzzzzzzzzzz/PGLvnGCc00PbzzzzzzzzzzzzzzzzzyDE5Dnhj0x/31jLzzzzzzzzzzzzzzzzykaEL4PoEz3333obzzzzzzzzzzzzzzzzKiEIKzUf/AN9999kT8888888888888881XBCCRwe96nua8+le88888888888888jzCCCNHO9w+BjwQkA888888888888886kQCCM+394QiAAAAAQ88888888888888CuCCWoa9oRAAAAAABCd8888888888887zPASmOfmBAAAAAGWheE888888888888AV++4u/5BAAD7Avsvc+DV8888888888pQ8++9995AAAKMutf+tXr98888888888xe++4996gAAH0+++++/jDT8888888888IX++m99pAAAR+pwQ/Xpx+I5y88888888sW+2jUQgAAAX9+9E2POc++5Pz8888888v/ECz/NBAAAA5+3e8+++++5rL88888888sA0Sew2AAAAAP++++++8rhp8888888888Jc3+wkrAAAB+++++wnnHn9x188888888D181s2rAAA9++jps3qu88hc/wDPPPPPPPCZPrjOwAAAN/vtdnVvpOKA0X/PPPPPPPPDQ/oIgAAAFPvi7rD2LbuEZ/PPPPPPPPPPHjQQAAAAJ/8A60A1Wx+2uF/zzzzzzzzzzzzy4gAAAABP77776O31kTzzzzzzzzzzzzzzy8AAAAAAbb777r6AHzzzzzzzzzzzzzzzzxgAAAAABPFKFMAHzzzzzzzzzzzzzzzzzzz8gAAAAAAAAAS6Pzzzzzzzzzzzzzzzzzzyw0E8AAAEzbzzzzzzzzzzzzzzzzzzzzzzzzzz+27zzzzzzzzzzzzzzzzzzzzzzzzzzzzzzzzzzzzzzzzzzzzzzzzzzzzzzzzzzzzzzzzzzzzzzzzzzzz/xAAqEQEAAgIABAUEAwEBAAAAAAABABEhMRAgQVEwYXGB0UChwfBgkbHh8f/aAAgBAwEBPxD+KDaIls+mBWjhtARFsL9ZaWlRnTNLDhlRnVobcRU/Rp6YWmiNJ+d+s/uZR6hYGvetfdl7zJnI+Q9SB2xn8wKsyQKiYvpyMW6mj6JtReSjodX0I/8A0T89/wDOAqsiketdSWpz5/mOQR8skX4HaKu/p92QsWS0fPlGrW/Y8jiAWkljFJ16P71luXnt8iaD6DcalqcvR+Xyj17XFFRuXV/V8/EUCig4aFcQ5VekMw/sVC+TT9mCLV1ErDN5tl4+PZ8o+9s7vaNltf2jiGO1hW/v7enzLsGuGZCjzhuz2CAi+k8+efBbPXzmI7+Oiojl6DKx4sDAdj5evEwFrL1k9vbyIWnBWzB3lSsnuxNuazDx6FplfB93b2/305MZZ/Y+YtKOH7NccKYPASX/AC8Zg9NHr/zcRkteOMMGvN7+3+wwvrwyWh+1F5wlqOoEuTxffJlro+/X49uJka6+kAFQcGIQAHIEqVAvUR3AFHA0iJTXh0BD60GPVwfeKrbxoEdR/BxyHbybzAGuFHHLQTcFOCn4YyYovVV9v/eNTfceNKdOUUVzIpcVNQ1ClESvC0Y2n9ZeOQ7y9unz78ck9eQK445lMJ0U2mCZGLtKm5iufBoUhxXo+nf2/PCsihtdHy+UI1usTyE6dUCuS5cESzjUQMxW3NMRbrxq420J2eAlWQSoeWi4fHxqGzoQJbtE5qWr4ovpFXLzW5QnCBg8EaiWsCCZZUNInMAVfOC6nWgwqC1lXhdcI0PB7s5jmG0Tux1p3Z6LHkTcxXT4LswlgQdQok3R5DiALUD6SrRKPKC9bmoxxbOM6PBpbdYPAamlBF5TjSsR7876adTYQRYsnz+JuK5ivBDTXhsbiBly+Y4uXvEcIR6IE2kAveOjUxHBKLusvHxNMw7EAWc5wSJdzyIF04Kj7QBiXcalrTp416nXPfMKpZoItTWNTNfTwPNTuNvFBbEd/Q148BcuXL4KBbHfl9H6DNb4W1iPMwa+l3GYneINp5EG4GajH1YjTPNi3X+G/wD/xAAqEQEAAgIBAwIGAgMBAAAAAAABABEhMUEQIFEwYUBxgaHR8JHxYLHB4f/aAAgBAgEBPxD/ABRBzAPwyhueCLbYU3TKxUcXAGIG0TiGoQScFFIIlnwZQqzJlPHP/kuMRSqq+V7+x4Y7MJrB/D9GLbkwr319qgP2T5/h9v6jUyDArXUWmLj4KjBKbf8AkJvfl+PHQ5CngbPZ9vb+JeJXk5PIxhJ7mE9neT+oMLgW+Xz8/fcAUdu34IowSkmBt/eYbKjqCssiTEeOSEaB+5e+uvmDb8BRglU0Nv7zAp0HUwt1P+x/EW9j03aoAwL+ccB/g3GmBZ9yPBdXBvJNHo+AilB/1nxAg4Ou10Txp/v5ynLvpjVt9o3p+qsTvEC2z2o+KOS449pc+utFsAhayotu3qUOCMqNPvFXoA05fESvE8E0h3cfr3tTBOXXy8/Xrdllu/D7wXtrp5l/pKHY96G2AckrerQjhw2/KBAGIpBbKPLzBeuOmC2f25R3iYihbuWNcSj1VkfPY+nH56q+fEZq2wKgC2Ky6mbY7WJd5nuReWAaiK3pYntD01Rc983Py5gAUdceaOuI6OzSIp30t618NcjsTV6axUvXwV/P9dbituDrleexaLitvusS1CacSyniAFPp7EJd+sHXENdWJ8dgCnnoLZwpziAHE5U0CKMzPcE7xF0g+iGLil1w+fS5Zro5izS57ichFvsJVEVPQq8zxEssEFARDhgBrqm+pukrZ9BLKiqMzsafz+Yze1msxLmogCztCgZ6oc0AMHdSUj5YNvpAKExniKi4rgl+5UHu7soHetbnFDX9iJtHfpN0VsFroAxDcrX2VqOe5LbPDM26mRMvmHAxcXSUL9EVFgdF3BToqex2+pfTLeT9+kthzlZqSoJvqzC4hqcvRuLm8b7Lduu0onqOFg2pQm9EuU0HPi8G/wCehmI7dQ7+fTCrJMxL+YDcCu05Oo81hwr9+kORWav/AKmCtQDU8WYjlQpjUsQPUVuUiU13CheIKR0Z4gfKU8xPli8E2jD0inMs7ZUX61pZ35T3KLCbCArRPcEufAch6AErtG2Ymj3AtolSvgb8nftCKyvmAzSHQFwfCYoXb0lgdJa9/CqiWoo32AuoNBN/F0T2JT/Df//EACsQAQABAwMCBQUBAQEBAAAAAAERACExQVFhcYEQIJGhsTBAwdHw4VDxgP/aAAgBAQABPxD/AOXFAlYovc+kgKoBdWsgNJE7TNKkxsHqtHWDsnqJWdGrTtM/86NO+f2YsuorNxSaTkCOhT+kBWErkuZXvQgduJfUaEkllGD3Wdko+kAl07d+UO0+U/hyYDdXFTY+pBZ1VooTJtIJzZ9BTrELL7gIPKMHAFGM0JZ7hQA0BLPIF3QcWeIv/wApPMyYy2tsPL2mrK5k8H1noQcUqsrK+Jcjbo1DCbv6qPJfroehEvSmjCvIi3NfxWIHsvhDdPUazkK/wcg4RMlFBORzcrYohAqhXcP0utQShmbszY6xPhF2bI6AyOk0KFJn9JQnp0KCBDYGN2A6S9WlWYuKF+WRiL5WoRWc/kL+1B0vCSPeg/GZAXETDRhQyBBhDzNkMPU/48NYBgdajRfnwGLNObt70R7Bchyq5fCfjMoWOrgorTrfwv1RwAn+gfBg7QDCOScgVBLGgYYh2ZKFo1ys25o/zUfNoNbhs4elBlqRyyw6BOcHhvUPkZ/1B5ZeaDhRejYC7RBHvom6ssMarbagyitPoLIGHAtrqh1VJt8RYerLz5j0Kmb3OaMUMhqNQtFejEPNrnIUIIAo1H/i2vk5TcGhurd7U6XNNdZ+RuxBbwxocCVq8O5nt3f160WHIAgoXJbp3hlUkJ0pUjAaO9Pqnd/6e9LGx+wwxksmKMo2FflDeH2Gk6KTIAlYM2KEkiCBzUf6KwxbBJWwhk/9cjgdJIDh4c+ho8ogRExrKy+1KaTJj6RNSFrjz9FZJjwwSY9R8EPAUZZM/wDiMUyuU5aD1MngvSJOleDQDAGgWPAKULYW6Bq1bLW46j4pAihGBBMI5DZps9eYhLya7q+06UBkuIqwCR6FHHWRCcJZo1bCiwSEpH44xSiDZwYDhJhIiC+dHOuhquM0tP1fYz3p6h5FIEUZVbr9KAFKY3QB8vhhC6Wk/l/4ahGIo4Zo8cGu1N4cwSuquWgVgJaFYsuN/B0oYLQCAPIKRJAXgzDuXxRoziaTGKGLpNhsaI4N2t7q6dkEi4mpReOp4E6Rf1kMyXqNY6GHch0gqe6UKiRJeFyF32ltV2qlCH09RX2gt9SS2W3eU+CYRC93M9g/4QhCC7JpfzflhmyJRlXelKrAJVobMPJ+x580vEPU/wApLMMnl3GtizCz+Hih9nJf3wSs4XGCKMEZT+MtXh8bmoR272wOZilwHho/Wxg+qB0SPILT6z4SGGbRQeq/8EiRGVx3Pf8AlhKIqsq60/g4Cika8PD9vOLnKR6+EOtTA8IYm+9iVCptYRkG6S2LbiWWm7uJY1x1Oey4MqrLd+qEASrBQj3hF3dX1qdiRDQMvsGgAEAQH/Av2mgR9XmYNMuksfEhKnKu9LeXAVJ2A/4HHnnTKWctWwDhbH9vVr0RZkQtq2DLvQ5dXfGFi+WBxMGqq3N54Yww3ZuCxbKT5gqArxVifeUiMIjWwuwhuTZO9beJFJ6OvliUQSnf/V+3gi6zWW1xyW/8DIEYa4cI7NN228IJOtKmVWn/AAwGVqz4v0nHz5zGHV26+eKBwV3/AN6UhoWFNSxg2F1t0N6ACKS1tSLYBsC1Nky5HjkTL2IPISs2Ale1X0LeI+FCTwX6BpEhWUNXUYU9C1gdnkfbpXA9h+VAHOryeqNHiKJq0JA+tYR+Du0l9h+ClLZr5cGR3nqUz6YHCeFqxo1zY7HutM2RABKtC/Cnuco7W6PvzmysrCCw/LoDSa5B2dA0BYKAAowAXaMiuE6NjnfzjcGJacHPNQRzqbI5pgqyErdueBzlwZCjx4218F1VgcT1aQlYSUnLu9XsWDyCHLLQPcvUTYkLExyRnu1dhOtOkn3jxlh/QrCM2/dRs7qCm0zr/mtJvSP4pidhRpDdQtl+Q+KF9Ektx6s9OfBRSR3HvFx9zP36l4KwBlqSjlO/l0Jexp4Y66XMN3O3n0CYJzwfukkpyA3f1zRXd28c9gSq6CtYdXSMTBtMga9WpzKxm7udWaaLGq+JxysdxvkfY5p0QXbx+EdZoOVYCAqEl5atrroFSopuH/aSpSu75hRkYSkGAXjqoCXmxQEpFlRgDvRgtEVgEuQsOA+/Vy2FH709XoeHSHH0Om9FiDzTYLA/BS95LA3e3+09pWiUrHVPWhkZEjdrFsrVNgrT7mULnaY6NctI8RAC2ov6IjTjoudxIw9+lFUYiQnrd60+9+H+KZtWVZ+mycSVoqLaJJ0meQRBERuJ98FjQTnBwOnK+jSqqqrdWrIY39UaMLGDzQblsPsOagUWAzpBVxY2PGkFavzygYEszsGcpCXLtJGW2ajLbAz4tjS6wO66FGGhWcHEaHOfihJGeD4KUvWVZ+sxTcGk8p3sj9H72dCa6uwcrActaERzIWHgPeXWibkQBlaFiMabOh28xTFm3Heglllf2aYzTyXD9tLKpMEdz0zobamNQ4ASYbA9l8pDdl8YjybLs8vFDiFu6tuv7isTDg4PsGLgXIgZXCSPDRP7VbR7lon+n3kdDiyh9h9128H0hZItyaLknlRxLtvNXQTKEBU7x+xH4/2reyRrA3dWBqu0pZCXQYUuspOpmKIMwkqlS5V8b5WTBg2N1qBfItcHVXVpsCJV+sB1oXDlcBy0GTjXj0J709fcCdVFxyh4IYIn2/AMj+FrEMSxCT7p4Rv+LkwxsBXSNaesR6VGVXehDMOWxvRGEAQFJEmzr0ccUFXGTxOoKVqRoNtoqHJa7+9fTep9ZFFoAaqtYDVi7trBN3q5AsDE5sNA0BYNDxB/URbUf0VGY0E3WrOq703ZfrSYw5Cx8nw15GfFxdNzVpYkCmEUWhBk5qDi84VexottE5DwnfnWJoJwIfut3dUpJvdSDgeFiDNi4afv08bjyy4paaJdyeGuhvPQ7UwijQ23XT5pyyJVbrSnA3Bh6o+8q11LaGxlPsN3VdXsHgkwIWq0IJcHnaODH8/WP7yRnWMULYkE3jKw6S8lW/zgBSAqgGWrPwOefBBydOpXZhp8C0HImSmSWaO4Ieknb7nb7hkK/qGd4pVZWVqcSz0PKlXGSk2CEPVUx9kf7NWjsNqwU303A/0IF5xloiXFWYJWyc18Dup8ReBCmXbU5+HX6CgLMOk7M9luSlXa6R0Cg8KNZ3rJouOzP8Vgr0/AlKs1VgVJh/cUVN8G9I8G5A1ayB7r5LKWVY0Iae4UqCfFL1JG3Ek+4dHiJkrr48ATZrLxp/c+eIu6Wdk7fPTwmVIjDS7wKNxt5Hir4r2fQTh4icNOPY11tkcLQCANgpQJUDmv/HUDBHo+QlTcDLQLTc/pU0a+PKUb/s+AzbJC7/bidiJYJbvIO9MIDkkZV71s+t76a0AEAAYDzE5M+1WvbNKWRKuV8smBoKxcC7F1qvnaTCAs/s2l4I1ohLSxmlUfBl60hKLdfAUZGKwB91f+gr3nGfK6BGEE20tFr+RgbiZ8H09+5XwIyytcRXsH28075hxaD1k8OVnb8v486v7OE2X8j7B5pyIUFMb+/wAfQFrYsSYh2g7UmkL6k9usLSCfSjKYIVnwnDiN48BY1/UB/jwZRxHdPtxzELmkHqeARchubat/NDANSuTl7HunmV0clw/eO9AAAAEAFjzyjMMxwH5qA0GJgj6qwtvUq/ClBIFGiUZ2RW0LOzNSGLhsJfMeF/gaNgh7/bBW0CWmRnq8r+avwEBLpfzwjOLwpl6/B5o2a1awaPS/f6EZHA3tpVVWVz9QUQbmXpTgNDpQEl+h6VDlJZZNlLejUjg3gi0h6OtQ14IL3ijsPgDXa2RsmE4bVb8yIxPfE9YdGmiEJbk9Mi4Q+0ZdCO9R+PArBpL7PmitAXO6x++1KqqyvlRJIbWg/djv9GTNPj+QajSiAKFEdr52mX2p+62l7s10QSJ96CUBxQnXV2onn3FvAFQCVowJ4L0SNajRJzaphSLAZitgi8KL4ktByjS6PrSbOgQA3HCcnhtfD0myYHDJWny5HmwNf7XMUgEEbia/ZCBITq+B7X4Pm0NjNq2PQn180JWfLZ/s+30Y6cDbqh5W55W2qdyEJIYfF8pgnktYNv8AK1A0KOiW77UL6cfnNRQzhXtXRHF7Tf3psp7LDtB108DMWt6vBJSrAEO00iRVytOMUGSTd9KRgu9aQ36IPib5bGOvDzRcis+0ZzpLqVpunB6m5yW8M/0meh19lpswMgwH5Y7gfYmDJtuBPzTrg0lxGGixYg8TbzMiWNpJtAy2CpdJsR6Gq+1GBmNUj7xUJNnYvhqejs3Y9ZqZtgZIDeMW60EyGB2CD6Me4Ui2ie4A93mVRGAuuwUq3Gf4/ahJ1TZ7BQjZMkdKcdPAAHdUUxQizs0KhUPNZzOs5mj4cXeMx8rdGo0MkQDkTSZoxEIADaAa8+V2KJpF30OmGiYKcNwvwek+C3pl0O5SMWaDYTQWk7lpD7AFKUWJwdSb0TwMFtXnRv4oEAZXSpCTV1P68SbrgJa4TMB8fUe8CXIMjSSDgm+/0dP88sB0chms2v76UM4Sherr4AqASulRicGtHAgeDSDoLwNpIYpjUzFVXK3+hBenutEdGcNDeASFHDQ9GnTAzQ1wTUAMrhJHrQVlWagJ7P2EtopHVbsWeYbxTnEjwhSAiIyJpUIpoOD/AFSAoAEq0k/DWN+fAqYIEQOxquDvFF3LluBaOs1weAH0PAQaEIH8h60yoNdR828mzM/KIokJ9KajFneUP9arrUgZ0yfnXy5vm8Wo9EN1mhM2pZ+qai4v+vhBKYvZj2t4AHIWuRLX2NnEJKKGB/0NHRuBAhf1CPc1jwlpffG3TwGR7XAWh8nsaoXA0CAwBSgKsBSUhuVexiit9sIj4qP75Th1jHgSGZIYHHiZO52+kxgKMwknpQSKYw9XLhtzpQiCIjhPCLX5GoCBHI/XhQjgfmkRFVlanLDI4bH+HXDdlqCB5ywt77uDlomwCAND7K9H0m2gyFzSQwsDK2DR00PDbwmhLCYcvgOUoXUyIAVB49g6IGq0o5tsAnLV7VPYmZ2Ou1J4PrL0mjfUW/8ASmoyYFjabOJP4gzefhYvSXYrR4O6L/X2fTSOAC9JmRHMUFkglkagoT1j7A9i9o609cmVpRglCTcbuWnXDtkSjKu/g6nm5JU6JBunX7RryjboSThfS8EeT0dHi3W50PBuyzoH9y3bmrUA0tRns+aEHkAgPCDgSiotZC6rvy4oWQj2kavgjTCIHsw0UUF2yE/SBUAGlTgDehRGOfWOhq6vAfXlQjtq1J/lWi2BZQcrRyu2C1NjnLxTadljqk0G9GGPiGRynuIBqoukU2xBa4BL1k9T7RRMh5tPgl0n45B9y0TBIydCanWlk7p+2rLA7pF+vh7rjIMUXj1CzLAXVk60dFgQLomF4TwBIkH7qJAwEvUSDoF+p9GZMy1vwmDmdvrS8XBdqbDky0iIq5WogdhpTqx8uKn8umy/Y8tLhFvMQya325ojGQbneanTBpSCIkjRPRDtkh9RTvhJ2IAn0ouJwSF5gPcRu0TdRCQOEfsgEcLnTwEBtPSFJnhfcSjgIiw7n7UkVKz218XZu1B4NSiC5E8ly42fajYCm1GjhExWCQHu1HYqh1H7j7R9AOZkDBLdeAl7VCjsemry5ev0m2aO9AMtBsnKypoZGllKAqwF1asgRpRecD1niixGEZxc5+kUCaBZy6pYcrTxruZzSWXxY4c0NiQMAMAGPECj5QnxJ6wJmfE+xGkIy/ZIthZoQ07D6vC68NeYj7z4NZhQrSBdj7JQ9j2MIklIhy1nbjxauqPVEj1z7U8qi9ADHrPr4HNExfa+hsiwckk+gd/OxADsXaN78xTW1c3qx2uAV7qDSUD/AES01Q+tfeB7135V+wgPVrdDitdEHrUdkUL7tF2TNNKwDMk6i3djqrAWIInd3eW/lAHBhBcAF1mkYA2HkCB7NO+cIIiSuujyNOAIJhEZEpH8mu59jd4RTQhPoe/goKUpvoT+cb+D2UZAw7jkelDeBI4CwUyARyNNKhG5/NMx6GavkVYaPTqHzRhrxnNoHwvfwe2cYbRVZ3Y+gimgHcAHq+rzA0BEIOtpV4zBmG8EKcqdKeJTo8PUay0OgUmrt/SCp8AdAPRanb36iKWHXyBO0V7DQMLnKScwA9mjb808130e1BpUQBAeY8/SvLsGVdAvVpCm2elcRuFixfSo6BQco+CHame7xQA+aErBDt9jbt5ofIMPanipfRIalI+XjPcYTpRa9tSISJ5HTU77sKkxtTQsREvRZTtSS0kvU7N9fmhwsAQAaFTCDWJKGY2yfTWkFqUlTdX6BFF2PWfjzawzjWX4Ze1FNKQVPAJJUNp0aGgy5OehbTv8zwFCEdiYegCjEMw+ogtHgfBw7HkYjYBl9CkgKcYh0C7Ri/i5vMInyveb7DQW+vBHqTlmVMa6FDxTpR+XVdaGgNPeSZhwC9YpSyFSyrvS5GabAIe3sG/2bZmQBs7dOLunLwNuzlMjh5+3TBd1EJA4R8w1LYL6QNWrIiis7Hlcrr6fRBVlEUuzhW56PmVj2hA0KBiZZZALpB70fC9wfH2+Qo2WcKXtQbO6RA96Vw0M9qgS9yfEfmkr24bO37mgAAAGA8NGtiuhu8F6HcJEJvSYct+CjMhBU0zrcHd23ISrBgD+1rLxdygVInZ6Z2HgtJC6QoZdD7MJrqTKiETUit6o9W/kXJzPgq6BvfH+kXONas4MUEOwruzR5QwjJ4FxaUpO7U28ogt5W/QW5KZYiOxbYA+dfpOTSgJOl38+Y7G4dwHyU7UZCUVFFiWwyndVnFjX9igLBdD+6wFdD91d+uNfYqcJBqfnWmxeP7tFFwLxHiEm7Eel8vFCu4wkHez3PVRKRSjYOC2FtT6ELGX6OfLbjWixBWVK6jUevjECYKdRksWYHB2IO1W6KlwZ3qEdUoAAAAwH2iw9zwtEq+jU+eD+znNNndAhRkTwkxt/gWuExLKLXO6pe/1EblD0Z9ppIRnoAJVrEcKQwST6+R1ESmWckOSzw8UfMhYiXJwyPU1ael3O6FbnXGy+b/1SnS1kbhGeuF2aTFmBbHEgPR60o3WKD4HoUgWKMZDbCerqUeI3sJd1yvL4A2NrbrS5iUYKwuOAuvX4G/hNiLwBkOoCeX257oq3qD4GplLV0TaBF5g7UQCmoD6Sp251MAlV2D6qAkIyVPwKGCJusugowEirqA+4+QYDIEiORqezJcF1k5OG+01cpyYPZGjB7/nR91DxzYvg0gt0FBYK7ivuabYB0B9AVJR2JZT3WnpBdsfZMu1BC9n2Nhl1k6UAENIHljLz4MkAZWlZsGv60qqrK0rRquFcH5eCl8Pu1WmVCLlcvBl4Kj2SFmGVysr1+6GCyAkRyJUydsOw3N0+iP1YuupSSLBsSr3anMMOm4LHzYuXiBdDk7Vdd0InofZSrC2X+Cjt6cH+KD/3kAfelRx/5KSjA1ghdjxbEtTPYcetTixoGDwaIDDBSIuCnuOWvY08JmG4mgO1jz94LxZmkT0NE1Fp4rG+ybiXHZ+q9odOl1juvQUTNZbKWI6D2fUPkTlqUFe7YrLvBY8VAWXgFNUvyss/oNPB32lJCuvAetjWunPtjV3XK7v3sCoyC0V18LvUmtlgsgQiZE+omAhNAyVx7tj19Je8UYcwGo/n6QkSkkWYq+SmN3k33i5Ww1eKT3UC32brxg9/AuwVj6YRZHCtl2NPv8N84hNMOxrnMz9UcCRdZsi6L2b6tCJIyfSamTRphm29Sm2aBOEmZfxYv0pWvEdi2Gni0zWRILjXI7sGj/wZmjnKOoGmroyWmPqheTlj0P4TmxW6EoRwmR4b/RZmBKrAFGxnIhM6Ti93inTcSVh9V7QceQ0CgM/BT02u6UCK2HD/AIQs1JLg3DpkurS9lmyIRIR+qaANYnhjJw0WYkIS8yTQia/C9VL7VCnTnwCiZC6h8tBSv+SzUkRX84aQMzAF7qfalEeZHVMB6NSgFL+MvZ5bFJgTv3ddDXpKQ2bKrsy2q/5g/wCJYkc2Q3x4O85Ej1BIepojoln7kkkLDWocOD1goYV814921X/y3/Gv6jqh8HDJxV8QXOJYMz9Tn7ewxCCDwfUZm05IvPgsc8u63aBGsM/IOX5nFMRP5KCUWBgjL/xhgtAJE2SpmILMvdC/ZJixSaaIYnkGz9mdkojIDdrDr2pFccnsRz5fQosQeCTWgTusmGkzFBQ8SjMSiZSy5i3/ACMaqsbs0qvlWZ+D+G1LprEE5uph0H14Q0wPcoh61ZFgyoO1ldg61jfKvUtl5/56CQklA/lmSTdYS9ZpmiDKPWOPVWcCCX1QuxRanmU/1Tz82BvpBQ7eIhc3i9ppfb9a9Vge9LNVNsnpiPZo++QMAcB/1mz1lc90rC+dn8FMyD+a1UJD3Si4wm75DSQqGI/VQkgwIHY/+WP/2SAgICAgICAgICAgICAgICAgICAgICAgICAgICAgICAgICAgICAgICAgICAgICAgICAgICAgICAgICAgICAgICAgICAgICAgICAgICAgICAgICAgICAgICAgICAgICAgICAgICAgICAgICAgICAgICAgICAgICAgICAgICAgICAgICAgICAgICAgICAgICAgICAgICAgICAgICAgICAgICAgICAgICAgICAgICAgICAgICAgICAgICAgICAgICAgICAgICAgICAgICAgICAgICAgICAgICAgICAgICAgICAgICAgICAgICAgICAgICAgICAgICAgICAgICAgICAgICAgICAgICAgICAgICAgICAgICAgICAgICAgICAgICAgICAgICAgICAgICAgICAgICAgICAgICAgICAgICAgICAgICAgICAgICAgICAgICAgICAgICAgICAgICAgICAgICAgICAgICAgICAgICAgICAgICAgICAgICAgICAgICAgICAgICAgICAgICAgICAgICAgICAgICAgICAgICAgICAgICAgICAgICAgICAgICAgICAgICAgICAgICAgICAgICAgICAgICAgICAgICAgICAgICAgICAgICAgICAgICAgICAgICAgICAgICAgICAgICAgICAgICAgICAgICAgICAgICAgICAgICAgICAgICAgICAgICAgICAgICAgICAgICAgICAgICAgICAgICAgICAgICAgICAgICAgICAgICAgICAgICAgICAgICAgICAgICAgICAgICAgICAgICAgICAgICAgICAgICAgICAgICAgICAgICAgICAgICAgICAgICAgICAgICAgICAgICAgICAgICAgICAgICAgICAgICAgICAgICAgICAgICAgICAgICAgICAgICAgICAgICAgICAgICAgICAgICAgICAgICAgICAgICAgICAgICAgICAgICAgICAgICAgICAgICAgICAgICAgICAgICAgICAgICAgICAgICAgICAgICAgICAgICAgICAgICAgICAgICAgICAgICAgICAgICAgICAgICAgICAgICAgICAgICAgICAgICAgICAgICAgICAgICAgICAgICAgICAgICAgICAgICAgICAgICAgICAgICAgICAgICAgICAgICAgICAgICAgICAgICAgICAgICAgICAgICAgICAgICAgICAgICAgICAgICAgICAgICAgICAgICAgICAgICAgICAgICAgICAgICAgICAgICAgICAgICAgICAgICAgICAgICAgICAgICAgICAgICAgICAgICAgICAgICAgICAgICAgICAgICAgICAgICAgICAgICAgICAgICAgICAgICAgICAgICAgICAgICAgICAgICAgICAgICAgICAgICAgICAgICAgICAgICAgICAgICAgICAgICAgICAgICAgICAgICAgICAgICAgICAgICAgICAgICAgICAgICAgICAgICAgICAgICAgICAgICAgICAgICAgICAgICAgICAgICAgICAgICAgICAgICAgICAgICAgICAgICAgICAgICAgICAgICAgICAgICAgICAgICAgICAgICAgICAgICAgICAgICAgICAgICAgICAgICAgICAgICAgICAgICAgICAgICAgICAgICAgICAgICAgICAgICAgICAgICAgICAgICAgICAgICAgICAgICAgICAgICAgICAgICAgICAgICAgICAgICAgICAgICAgICAgICAgICAgICAgICAgICAgICAgICAgICAgICAgICAgICAgICAgICAgICAgICAgICAgICAgICAgICAgICAgICAgICAgICAgICAgICAgICAgICAgICAgICAgICAgICAgICAgICAgICAgICAgICAgICAgICAgICAgICAgICAgICAgICAgICAgICAgICAgICAgICAgICAgICAgICAgICAgICAgICAgICAgICAgICAgICAgICAgICAgICAgICAgICAgICAgICAgICAgICAgICAgICAgICAgICAgICAgICAgICAgICAgICAgICAgICAgICAgICAgICAgICAgICAgICAgICAgICAgICAgICAgICAgICAgICAgICAgICAgICAgICAgICAgICAgICAgICAgICAgICAgICAgICAgICAgICAgICAgICAgICAgICAgICAgICAgICAgICAgICAgICAgICAgICAgICAgICAgICAgICAgICAgICAgICAgICAgICAgICAgICAgICAgICAgICAgICAgICAgICAgICAgICAgICAgICAgICAgICAgICAgICAgICAgICAgICAgICAgICAgICAgICAgICAgICAgICAgICAgICAgICAgICAgICAgICAgICAgICAgICAgICAgICAgICAgICAgICAgICAgICAgICAgICAgICAgICAgICAgICAgICAgICAgICAgICAgICAgICAgICAgICAgICAgICAgICAgICAgICAgICAgICAgICAgICAgICAgICAgICAgICAgICAgICAgICAgICAgICAgICAgICAgICAgICAgICAgICAgICAgICAgICAgICAgICAgICAgICAgICAgICAgICAgICAgICAgICAgICAgICAgICAgICAgICAgICAgICAgICAgICAgICAgICAgICAgICAgICAgICAgICAgICAgICAgICAgICAgICAgICAgICAgICAgICAgICAgICAgICAgICAgICAgICAgICAgICAgICAgICAgICAgICAgICAgICAgICAgICAgICAgICAgICAgICAgICAgICAgICAgICAgICAgICAgICAgICAgICAgICAgICAgICAgICAgICAgICAgICAgICAgICAgICAgICAgICAgICAgICAgICAgICAgICAgICAgICAgICAgICAgICAgICAgICAgICAgICAgICAgICAgICAgICAgICAgICAgICAgICAgICAgICAgICAgICAgICAgICAgICAgICAgICAgICAgICAgICAgICAgICAgICAgICAgICAgICAgICAgICAgICAgICAgICAgICAgICAgICAgICAgICAgICAgICAgICAgICAgICAgICAgICAgICAgICAgICAgICAgICAgICAgICAgICAgICAgICAgICAgICAgICAgICAgICAgICAgICAgICAgICAgICAgICAgICAgICAgICAgICAgICAgICAgICAgICAgICAgICAgICAgICAgICAgICAgICAgICAgICAgICAgICAgICAgICAgICAgICAgICAgICAgICAgICAgICAgICAgICAgICAgICAgICAgICAgICAgICAgICAgICAgICAgICAgICAgICAgICAgICAgICAgICAgICAgICAgICAgICAgICAgICAgICAgICAgICAgICAgICAgICAgICAgICAgICAgICAgICAgICAgICAgICAgICAgICAgICAgICAgICAgICAgICAgICAgICAgICAgICAgICAgICAgICAgICAgICAgICAgICAgICAgICAgICAgICAgICAgICAgICAgICAgICAgICAgICAgICAgICAgICAgICAgICAgICAgICAgICAgICAgICAgICAgICAgICAgICAgICAgICAgICAgICAgICAgICAgICAgICAgICAgICAgICAgICAgICAgICAgICAgICAgICAgICAgICAgICAgICAgICAgICAgICAgICAgICAgICAgICAgICAgICAgICAgICAgICAgICAgICAgICAgICAgICAgICAgICAgICAgICAgICAgICAgICAgICAgICAgICAgICAgICAgICAgICAgICAgICAgICAgICAgICAgICAgICAgICAgICAgICAgICAgICAgICAgICAgICAgICAgICAgICAgICAgICAgICAgICAgICAgICAgICAgICAgICAgICAgICAgICAgICAgICAgICAgICAgICAgICAgICAgICAgICAgICAgICAgICAgICAgICAgICAgICAgICAgICAgICAgICAgICAgICAgICAgICAgICAgICAgICAgICAgICAgICAgICAgICAgICAgICAgICAgICAgICAgICAgICAgICAgICAgICAgICAgICAgICAgICAgICAgICAgICAgICAgICAgICAgICAgICAgICAgICAgICAgICAgICAgICAgICAgICAgICAgICAgICAgICAgICAgICAgICAgICAgICAgICAgICAgICAgICAgICAgICAgICAgICAgICAgICAgICAgICAgICAgICAgICAgICAgICAgICAgICAgICAgICAgICAgICAgICAgICAgICAgICAgICAgICAgICAgICAgICAgICAgICAgICAgICAgICAgICAgICAgICAgICAgICAgICAgICAgICAgICAgICAgICAgICAgICAgICAgICAgICAgICAgICAgICAgICAgICAgICAgICAgICAgICAgICAgICAgICAgICAgICAgICAgICAgICAgICAgICAgICAgICAgICAgICAgICAgICAgICAgICAgICAgICAgICAgICAgICAgICAgICAgICAgICAgICAgICAgICAgICAgICAgICAgICAgICAgICAgICAgICAgICAgICAgICAgICAgICAgICAgICAgICAgICAgICAgICAgICAgICAgICAgICAgICAgICAgICAgICAgICAgICAgICAgICAgICAgICAgICAgICAgICAgICAgICAgICAgICAgICAgICAgICAgICAgICAgICAgICAgICAgICAgICAgICAgICAgICAgICAgICAgICAgICAgICAgICAgICAgICAgICAgICAgICAgICAgICAgICAgICAgICAgICAgICAgICAgICAgICAgICAgICAgICAgICAgICAgICAgICAgICAgICAgICAgICAgICAgICAgICAgICAgICAgICAgICAgICAgICAgICAgICAgICAgICAgICAgICAgICAgICAgICAgICAgICAgICAgICAgICAgICAgICAgICAgICAgICAgICAgICAgICAgICAgICAgICAgICAgICAgICAgICAgICAgICAgICAgICAgICAgICAgICAgICAgICAgICAgICAgICAgICAgICAgICAgICAgICAgICAgICAgICAgICAgICAgICAgICAgICAgICAgICAgICAgICAgICAgICAgICAgICAgICAgICAgICAgICAgICAgICAgICAgICAgICAgICAgICAgICAgICAgICAgICAgICAgICAgICAgICAgICAgICAgICAgICAgICAgICAgICAgICAgICAgICAgICAgICAgICAgICAgICAgICAgICAgICAgICAgICAgICAgICAgICAgICAgICAgICAgICAgICAgICAgICAgICAgICAgICAgICAgICAgICAgICAgICAgICAgICAgICAgICAgICAgICAgICAgICAgICAgICAgICAgICAgICAgICAgICAgICAgICAgICAgICAgICAgICAgICAgICAgICAgICAgICAgICAgICAgICAgICAgICAgICAgICAgICAgICAgICAgICAgICAgICAgICAgICAgICAgICAgICAgICAgICAgICAgICAgICAgICAgICAgICAgICAgICAgICAgICAgICAgICAgICAgICAgICAgICAgICAgICAgICAgICAgICAgICAgICAgICAgICAgICAgICAgICAgICAgICAgICAgICAgICAgICAgICAgICAgICAgICAgICAgICAgICAgICAgICAgICAgICAgICAgICAgICAgICAgICAgICAgICAgICAgICAgICAgICAgICAgICAgICAgICAgICAgICAgICAgICAgICAgICAgICAgICAgICAgICAgICAgICAgICAgICAgICAgICAgICAgICAgICAgICAgICAgICAgICAgICAgICAgICAgICAgICAgICAgICAgICAgICAgICAgICAgICAgICAgICAgICAgICAgICAgICAgICAgICAgICAgICAgICAgICAgICAgICAgICAgICAgICAgICAgICAgICAgICAgICAgICAgICAgICAgICAgICAgICAgICAgICAgICAgICAgICAgICAgICAgICAgICAgICAgICAgICAgICAgICAgICAgICAgICAgICAgICAgICAgICAgICAgICAgICAgICAgICAgICAgICAgICAgICAgICAgICAgICAgICAgICAgICAgICAgICAgICAgICAgICAgICAgICAgICAgICAgICAgICAgICAgICAgICAgICAgICAgICAgICAgICAgICAgICAgICAgICAgICAgICAgICAgICAgICAgICAgICAgICAgICAgICAgICAgICAgICAgICAgICAgICAgICAgICAgICAgICAgICAgICAgICAgICAgICAgICAgICAgICAgICAgICAgICAgICAgICAgICAgICAgICAgICAgICAgICAgICAgICAgICAgICAgICAgICAgICAgICAgICAgICAgICAgICAgICAgICAgICAgICAgICAgICAgICAgICAgICAgICAgICAgICAgICAgICAgICAgICAgICAgICAgICAgICAgICAgICAgICAgICAgICAgICAgICAgICAgICAgICAgICAgICAgICAgICAgICAgICAgICAgICAgICAgICAgICAgICAgICAgICAgICAgICAgICAgICAgICAgICAgICAgICAgICAgICAgICAgICAgICAgICAgICAgICAgICAgICAgICAgICAgICAgICAgICAgICAgICAgICAgICAgICAgICAgICAgICAgICAgICAgICAgICAgICAgICAgICAgICAgICAgICAgICAgICAgICAgICAgICAgICAgICAgICAgICAgICAgICAgICAgICAgICAgICAgICAgICAgICAgICAgICAgICAgICAgICAgICAgICAgICAgICAgICAgICAgICAgICAgICAgICAgICAgICAgICAgICAgICAgICAgICAgICAgICAgICAgICAgICAgICAgICAgICAgICAgICAgICAgICAgICAgICAgICAgICAgICAgICAgICAgICAgICAgICAgICAgICAgICAgICAgICAgICAgICAgICAgICAgICAgICAgICAgICAgICAgICAgICAgICAgICAgICAgICAgICAgICAgICAgICAgICAgICAgICAgICAgICAgICAgICAgICAgICAgICAgICAgICAgICAgICAgICAgICAgICAgICAgICAgICAgICAgICAgICAgICAgICAgICAgICAgICAgICAgICAgICAgICAgICAgICAgICAgICAgICAgICAgICAgICAgICAgICAgICAgICAgICAgICAgICAgICAgICAgICAgICAgICAgICAgICAgICAgICAgICAgICAgICAgICAgICAgICAgICAgICAgICAgICAgICAgICAgICAgICAgICAgICAgICAgICAgICAgICAgICAgICAgICAgICAgICAgICAgICAgICAgICAgICAgICAgICAgICAgICAgICAgICAgICAgICAgICAgICAgICAgICAgICAgICAgICAgICAgICAgICAgICAgICAgICAgICAgICAgICAgICAgICAgICAgICAgICAgICAgICAgICAgICAgICAgICAgICAgICAgICAgICAgICAgICAgICAgICAgICAgICAgICAgICAgICAgICAgICAgICAgICAgICAgICAgICAgICAgICAgICAgICAgICAgICAgICAgICAgICAgICAgICAgICAgICAgICAgICAgICAgICAgICAgICAgICAgICAgICAgICAgICAgICAgICAgICAgICAgICAgICAgICAgICAgICAgICAgICAgICAgICAgICAgICAgICAgICAgICAgICAgICAgICAgICAgICAgICAgICAgICAgICAgICAgICAgICAgICAgICAgICAgICAgICAgICAgICAgICAgICAgICAgICAgICAgICAgICAgICAgICAgICAgICAgICAgICAgICAgICAgICAgICAgICAgICAgICAgICAgICAgICAgICAgICAgICAgICAgICAgICAgICAgICAgICAgICAgICAgICAgICAgICAgICAgICAgICAgICAgICAgICAgICAgICAgICAgICAgICAgICAgICAgICAgICAgICAgICAgICAgICAgICAgICAgICAgICAgICAgICAgICAgICAgICAgICAgICAgICAgICAgICAgICAgICAgICAgICAgICAgICAgICAgICAgICAgICAgICAgICAgICAgICAgICAgICAgICAgICAgICAgICAgICAgICAgICAgICAgICAgICAgICAgICAgICAgICAgICAgICAgICAgICAgICAgICAgICAgICAgICAgICAgICAgICAgICAgICAgICAgICAgICAgICAgICAgICAgICAgICAgICAgICAgICAgICAgICAgICAgICAgICAgICAgICAgICAgICAgICAgICAgICAgICAgICAgICAgICAgICAgICAgICAgICAgICAgICAgICAgICAgICAgICAgICAgICAgICAgICAgICAgICAgICAgICAgICAgICAgICAgICAgICAgICAgICAgICAgICAgICAgICAgICAgICAgICAgICAgICAgICAgICAgICAgICAgICAgICAgICAgICAgICAgICAgICAgICAgICAgICAgICAgICAgICAgICAgICAgICAgICAgICAgICAgICAgICAgICAgICAgICAgICAgICAgICAgICAgICAgICAgICAgICAgICAgICAgICAgICAgICAgICAgICAgICAgICAgICAgICAgICAgICAgICAgICAgICAgICAgICAgICAgICAgICAgICAgICAgICAgICAgICAgICAgICAgICAgICAgICAgICAgICAgICAgICAgICAgICAgICAgICAgICAgICAgICAgICAgICAgICAgICAgICAgICAgICAgICAgICAgICAgICAgICAgICAgICAgICAgICAgICAgICAgICAgICAgICAgICAgICAgICAgICAgICAgICAgICAgICAgICAgICAgICAgICAgICAgICAgICAgICAgICAgICAgICAgICAgICAgICAgICAgICAgICAgICAgICAgICAgICAgICAgICAgICAgICAgICAgICAgICAgICAgICAgICAgICAgICAgICAgICAgICAgICAgICAgICAgICAgICAgICAgICAgICAgICAgICAgICAgICAgICAgICAgICAgICAgICAgICAgICAgICAgICAgICAgICAgICAgICAgICAgICAgICAgICAgICAgICAgICAgICAgICAgICAgICAgICAgICAgICAgICAgICAgICAgICAgICAgICAgICAgICAgICAgICAgICAgICAgICAgICAgICAgICAgICAgICAgICAgICAgICAgICAgICAgICAgICAgICAgICAgICAgICAgICAgICAgICAgICAgICAgICAgICAgICAgICAgICAgICAgICAgICAgICAgICAgICAgICAgICAgICAgICAgICAgICAgICAgICAgICAgICAgICAgICAgICAgICAgICAgICAgICAgICAgICAgICAgICAgICAgICAgICAgICAgICAgICAgICAgICAgICAgICAgICAgICAgICAgICAgICAgICAgICAgICAgICAgICAgICAgICAgICAgICAgICAgICAgICAgICAgICAgICAgICAgICAgICAgICAgICAgICAgICAgICAgICAgICAgICAgICAgICAgICAgICAgICAgICAgICAgICAgICAgICAgICAgICAgICAgICAgICAgICAgICAgICAgICAgICAgICAgICAgICAgICAgICAgICAgICAgICAgICAgICAgICAgICAgICAgICAgICAgICAgICAgICAgICAgICAgICAgICAgICAgICAgICAgICAgICAgICAgICAgICAgICAgICAgICAgICAgICAgICAgICAgICAgICAgICAgICAgICAgICAgICAgICAgICAgICAgICAgICAgICAg', 1, '.', NULL, NULL, 'fernando2684@gmail.com', 1, NULL, NULL, NULL, NULL, NULL, NULL, 0, NULL, NULL, NULL, NULL, NULL, NULL, b'0', 7, 14, 30, NULL, NULL, NULL, NULL, NULL, 1, NULL, NULL, b'0', b'0', NULL, NULL, 'R', b'1', NULL, NULL, 63, 7, '2016-12-07 16:17:25', '2017-02-08 11:17:28', NULL),
	(2, 'FERNANDO ARDILA', NULL, NULL, NULL, NULL, NULL, NULL, NULL, NULL, NULL, NULL, NULL, 'fernando26842@gmail.com', 1, NULL, NULL, NULL, NULL, NULL, NULL, 0, NULL, NULL, NULL, NULL, NULL, NULL, b'0', 7, 14, 30, NULL, NULL, NULL, NULL, NULL, 1, NULL, NULL, b'0', b'0', NULL, NULL, 'R', b'1', NULL, NULL, 63, 7, '2016-12-07 17:19:15', '2016-12-07 17:19:15', NULL),
	(3, 'FERNANDO ARDILA', NULL, NULL, NULL, NULL, NULL, NULL, NULL, NULL, NULL, NULL, NULL, 'fernandwo2684@gmail.com', 1, NULL, NULL, NULL, NULL, NULL, NULL, 0, NULL, NULL, NULL, NULL, NULL, NULL, b'0', 7, 14, 30, NULL, NULL, NULL, NULL, NULL, 1, NULL, NULL, b'0', b'0', NULL, NULL, 'R', b'1', NULL, NULL, 63, 7, '2016-12-07 17:22:30', '2016-12-07 17:22:30', NULL),
	(4, 'FERNANDO ARDILA', NULL, NULL, NULL, NULL, NULL, NULL, NULL, NULL, NULL, NULL, NULL, 'fernando268422@gmail.com', 1, NULL, NULL, NULL, NULL, NULL, NULL, 0, NULL, NULL, NULL, NULL, NULL, NULL, b'0', 7, 14, 30, NULL, NULL, NULL, NULL, NULL, 1, NULL, NULL, b'0', b'0', NULL, NULL, 'R', b'1', NULL, NULL, 63, 7, '2016-12-07 17:23:23', '2016-12-07 17:23:23', NULL),
	(5, 'FERNANDO ARDILA', NULL, NULL, NULL, NULL, NULL, NULL, NULL, NULL, NULL, NULL, NULL, 'fernando2684fff@gmail.com', 1, NULL, NULL, NULL, NULL, NULL, NULL, 0, NULL, NULL, NULL, NULL, NULL, NULL, b'0', 7, 14, 30, NULL, NULL, NULL, NULL, NULL, 1, NULL, NULL, b'0', b'0', NULL, NULL, 'R', b'1', NULL, NULL, 63, 7, '2016-12-07 22:43:02', '2016-12-07 22:43:02', NULL);
/*!40000 ALTER TABLE `account` ENABLE KEYS */;

-- Volcando estructura para tabla krece.account_regime
CREATE TABLE IF NOT EXISTS `account_regime` (
  `id` int(11) NOT NULL,
  `value` varchar(100) NOT NULL,
  PRIMARY KEY (`id`)
) ENGINE=InnoDB DEFAULT CHARSET=latin1;

-- Volcando datos para la tabla krece.account_regime: ~4 rows (aproximadamente)
DELETE FROM `account_regime`;
/*!40000 ALTER TABLE `account_regime` DISABLE KEYS */;
INSERT INTO `account_regime` (`id`, `value`) VALUES
	(1, 'R칠gimen com칰n'),
	(2, 'R칠gimen simplificado'),
	(3, 'R칠gimen especial'),
	(4, 'R칠gimen simplicado impuesto nacional al consumo');
/*!40000 ALTER TABLE `account_regime` ENABLE KEYS */;

-- Volcando estructura para tabla krece.account_tokens
CREATE TABLE IF NOT EXISTS `account_tokens` (
  `id` int(11) NOT NULL AUTO_INCREMENT,
  `account_id` int(11) NOT NULL,
  `user_id` int(11) NOT NULL,
  `created_at` timestamp NULL DEFAULT NULL,
  `updated_at` timestamp NULL DEFAULT NULL,
  `deleted_at` timestamp NULL DEFAULT NULL,
  `name` varchar(255) COLLATE utf8_unicode_ci DEFAULT NULL,
  `token` varchar(255) COLLATE utf8_unicode_ci NOT NULL,
  `public_id` int(10) unsigned DEFAULT NULL,
  PRIMARY KEY (`id`),
  UNIQUE KEY `account_tokens_token_unique` (`token`),
  UNIQUE KEY `account_tokens_account_id_public_id_unique` (`account_id`,`public_id`),
  KEY `account_tokens_user_id_foreign` (`user_id`),
  KEY `account_tokens_account_id_index` (`account_id`),
  CONSTRAINT `FK_account_tokens_accountid` FOREIGN KEY (`account_id`) REFERENCES `account` (`id`),
  CONSTRAINT `FK_account_tokens_userid` FOREIGN KEY (`user_id`) REFERENCES `user` (`id`)
) ENGINE=InnoDB DEFAULT CHARSET=utf8 COLLATE=utf8_unicode_ci;

-- Volcando datos para la tabla krece.account_tokens: ~0 rows (aproximadamente)
DELETE FROM `account_tokens`;
/*!40000 ALTER TABLE `account_tokens` DISABLE KEYS */;
/*!40000 ALTER TABLE `account_tokens` ENABLE KEYS */;

-- Volcando estructura para tabla krece.activity_log
CREATE TABLE IF NOT EXISTS `activity_log` (
  `id` int(11) NOT NULL AUTO_INCREMENT,
  `account_id` int(11),
  `user_id` int(11),
  `created_at` timestamp NOT NULL DEFAULT CURRENT_TIMESTAMP ON UPDATE CURRENT_TIMESTAMP,
  `detail` varchar(500) DEFAULT NULL,
  `route` varchar(500) DEFAULT NULL,
  `model` varchar(20) DEFAULT NULL,
  `process_type` varchar(20) DEFAULT NULL,
  PRIMARY KEY (`id`),
  KEY `FK_log_company_id` (`account_id`),
  KEY `FK_log_user` (`user_id`),
  CONSTRAINT `FK_log_account_id` FOREIGN KEY (`account_id`) REFERENCES `account` (`id`),
  CONSTRAINT `FK_log_user` FOREIGN KEY (`user_id`) REFERENCES `user` (`id`)
) ENGINE=InnoDB AUTO_INCREMENT=650 DEFAULT CHARSET=latin1 COMMENT='stores the log for each transaction made by any user';

-- Volcando datos para la tabla krece.activity_log: ~600 rows (aproximadamente)
DELETE FROM `activity_log`;
/*!40000 ALTER TABLE `activity_log` DISABLE KEYS */;
INSERT INTO `activity_log` (`id`, `account_id`, `user_id`, `created_at`, `detail`, `route`, `model`, `process_type`) VALUES
	(12, 1, 1, '2017-02-13 12:20:49', '5000', 'route link', 'Estimate', 'Update'),
	(13, 1, 1, '2017-02-13 12:22:35', 'detail', '/estimate/32', 'Estimate', 'Update'),
	(14, 1, 1, '2017-02-13 12:26:00', 'Se actualiz칩 la cotizaci칩n n칰mero32 del cliente cliente 2', '/estimate/32', 'Estimate', 'Update'),
	(15, 1, 1, '2017-02-13 12:37:40', 'Se actualiz칩 la cotizaci칩n n칰mero32 para el cliente cliente 2', '/estimate/32', 'Estimate', 'Update'),
	(16, 1, 1, '2017-02-13 12:40:26', 'Se actualiz칩 la cotizaci칩n n칰mero32 para el cliente cliente 2', '/estimate/32', 'Estimate', 'Update'),
	(17, 1, 1, '2017-02-13 12:40:27', 'Se cre칩 la cotizaci칩n n칰mero32 para el cliente cliente 2', '/estimate/32', 'Estimate', 'Create'),
	(18, 1, 1, '2017-02-13 12:54:33', 'Fernando acaba ha iniciado sesion', '/profile/1/edit', 'User', 'LogIn'),
	(19, 1, 1, '2017-02-13 12:56:13', 'Fernando ha iniciado sesion', '/profile/1/edit', 'User', 'LogIn'),
	(20, 1, 1, '2017-02-13 13:01:15', 'Se actualiz칩 la remisi칩n n칰mero2 para el cliente cliente 2', '/remision/2', 'Remision', 'Update'),
	(21, 1, 1, '2017-02-13 13:06:19', 'Se actualiz칩 la remisi칩n n칰mero: 2 para el cliente cliente 2', '/remision/2', 'Remision', 'Update'),
	(22, 1, 1, '2017-02-13 13:13:16', 'Se actualiz칩 la remisi칩n n칰mero: 2 para el cliente cliente 2', '/remision/2', 'Remision', 'Update'),
	(23, 1, 1, '2017-02-13 13:19:59', 'Se ha generado el pdf de la remision No: 3', '/remision/3/pdf', 'Remision', 'Create'),
	(24, 1, 1, '2017-02-13 13:21:37', 'Se elimin칩 la remisi칩n n칰mero: 2', NULL, 'Remision', 'Delete'),
	(25, 1, 1, '2017-02-14 14:11:36', 'Se cre칩 la factura de venta n칰mero: 2 para el cliente cliente 2', '/invoice/1', 'InvoiceSaleOrder', 'Create'),
	(26, 1, 1, '2017-02-14 14:18:36', 'Se actualiz칩 la remisi칩n n칰mero: 1 para el cliente cliente 2', '/invoice/1', 'InvoiceSaleOrder', 'Update'),
	(27, 1, 1, '2017-02-14 14:18:56', 'Se actualiz칩 la remisi칩n n칰mero: 1 para el cliente cliente 2', '/invoice/1', 'InvoiceSaleOrder', 'Update'),
	(28, 1, 1, '2017-02-14 14:22:03', 'Se cre칩 la factura de venta n칰mero: 3 para el cliente cliente 1', '/invoice/2', 'InvoiceSaleOrder', 'Create'),
	(29, 1, 1, '2017-02-14 15:23:31', 'Se elimin칩 la remisi칩n n칰mero: 1', NULL, 'InvoiceSaleOrder', 'Delete'),
	(30, 1, 1, '2017-02-14 15:28:09', 'Se cre칩 la factura de venta n칰mero: 4 para el cliente cliente 2', '/invoice/3', 'InvoiceSaleOrder', 'Create'),
	(31, 1, 1, '2017-02-14 15:28:22', 'Se cre칩 la factura de venta n칰mero: 5 para el cliente cliente 2', '/invoice/4', 'InvoiceSaleOrder', 'Create'),
	(32, 1, 1, '2017-02-14 15:52:13', 'Se actualiz칩 el estado de la factura de venta n칰mero: 4 para el cliente cliente 2', '/invoice/3', 'InvoiceSaleOrder', 'Update'),
	(33, 1, 1, '2017-02-14 15:52:15', 'Se actualiz칩 el estado de la factura de venta n칰mero: 3 para el cliente cliente 1', '/invoice/2', 'InvoiceSaleOrder', 'Update'),
	(34, 1, 1, '2017-02-14 15:52:18', 'Se actualiz칩 el estado de la factura de venta n칰mero: 4 para el cliente cliente 2', '/invoice/3', 'InvoiceSaleOrder', 'Update'),
	(35, 1, 1, '2017-02-14 15:53:00', 'Se actualiz칩 el estado de la factura de venta n칰mero: 3 para el cliente cliente 1', '/invoice/2', 'InvoiceSaleOrder', 'Update'),
	(36, 1, 1, '2017-02-14 16:38:54', 'Se ha impreso el pdf de la factura de venta No: 5', '/invoice/4', 'InvoiceSaleOrder', 'Print'),
	(37, 1, 1, '2017-02-14 16:39:53', 'Se ha impreso el pdf de la factura de venta No: 5', '/invoice/4', 'InvoiceSaleOrder', 'Print'),
	(38, 1, 1, '2017-02-14 16:40:10', 'Se ha impreso el pdf de la factura de venta No: 5', '/invoice/4', 'InvoiceSaleOrder', 'Print'),
	(39, 1, 1, '2017-02-14 16:40:34', 'Se ha impreso el pdf de la factura de venta No: 5', '/invoice/4', 'InvoiceSaleOrder', 'Print'),
	(40, 1, 1, '2017-02-14 16:40:47', 'Se ha impreso el pdf de la factura de venta No: 5', '/invoice/4', 'InvoiceSaleOrder', 'Print'),
	(41, 1, 1, '2017-02-14 16:41:00', 'Se ha impreso el pdf de la factura de venta No: 5', '/invoice/4', 'InvoiceSaleOrder', 'Print'),
	(42, 1, 1, '2017-02-14 16:41:20', 'Se ha impreso el pdf de la factura de venta No: 5', '/invoice/4', 'InvoiceSaleOrder', 'Print'),
	(43, 1, 1, '2017-02-14 16:41:32', 'Se ha impreso el pdf de la factura de venta No: 5', '/invoice/4', 'InvoiceSaleOrder', 'Print'),
	(44, 1, 1, '2017-02-14 16:41:37', 'Se ha impreso el pdf de la factura de venta No: 5', '/invoice/4', 'InvoiceSaleOrder', 'Print'),
	(45, 1, 1, '2017-02-14 16:42:04', 'Se ha impreso el pdf de la factura de venta No: 5', '/invoice/4', 'InvoiceSaleOrder', 'Print'),
	(46, 1, 1, '2017-02-14 16:44:16', 'Se actualiz칩 la factura de venta n칰mero: 1 para el cliente cliente 2', '/invoice/4', 'InvoiceSaleOrder', 'Update'),
	(47, 1, 1, '2017-02-14 16:44:18', 'Se ha impreso el pdf de la factura de venta No: 1', '/invoice/4', 'InvoiceSaleOrder', 'Print'),
	(48, 1, 1, '2017-02-14 16:44:52', 'Se ha impreso el pdf de la factura de venta No: 1', '/invoice/4', 'InvoiceSaleOrder', 'Print'),
	(49, 1, 1, '2017-02-14 16:45:10', 'Se ha impreso el pdf de la factura de venta No: 1', '/invoice/4', 'InvoiceSaleOrder', 'Print'),
	(50, 1, 1, '2017-02-14 16:48:14', 'Se ha impreso el pdf de la factura de venta No: 1', '/invoice/4', 'InvoiceSaleOrder', 'Print'),
	(51, 1, 1, '2017-02-14 16:48:36', 'Se ha impreso el pdf de la factura de venta No: 1', '/invoice/4', 'InvoiceSaleOrder', 'Print'),
	(52, 1, 1, '2017-02-14 16:49:24', 'Se ha impreso el pdf de la factura de venta No: 1', '/invoice/4', 'InvoiceSaleOrder', 'Print'),
	(53, 1, 1, '2017-02-14 16:50:49', 'Se ha impreso el pdf de la factura de venta No: 1', '/invoice/4', 'InvoiceSaleOrder', 'Print'),
	(54, 1, 1, '2017-02-14 16:51:14', 'Se ha impreso el pdf de la factura de venta No: 1', '/invoice/4', 'InvoiceSaleOrder', 'Print'),
	(55, 1, 1, '2017-02-14 16:51:35', 'Se ha impreso el pdf de la factura de venta No: 1', '/invoice/4', 'InvoiceSaleOrder', 'Print'),
	(56, 1, 1, '2017-02-14 16:52:01', 'Se ha impreso el pdf de la factura de venta No: 1', '/invoice/4', 'InvoiceSaleOrder', 'Print'),
	(57, 1, 1, '2017-02-14 16:52:31', 'Se ha impreso el pdf de la factura de venta No: 1', '/invoice/4', 'InvoiceSaleOrder', 'Print'),
	(58, 1, 1, '2017-02-14 16:54:19', 'Se ha impreso el pdf de la factura de venta No: 1', '/invoice/4', 'InvoiceSaleOrder', 'Print'),
	(59, 1, 1, '2017-02-14 16:54:42', 'Se ha impreso el pdf de la factura de venta No: 1', '/invoice/4', 'InvoiceSaleOrder', 'Print'),
	(60, 1, 1, '2017-02-14 16:55:11', 'Se ha impreso el pdf de la factura de venta No: 1', '/invoice/4', 'InvoiceSaleOrder', 'Print'),
	(61, 1, 1, '2017-02-14 16:56:20', 'Se ha impreso el pdf de la factura de venta No: 1', '/invoice/4', 'InvoiceSaleOrder', 'Print'),
	(62, 1, 1, '2017-02-14 16:56:48', 'Se ha impreso el pdf de la factura de venta No: 1', '/invoice/4', 'InvoiceSaleOrder', 'Print'),
	(63, 1, 1, '2017-02-14 16:56:57', 'Se ha impreso el pdf de la factura de venta No: 1', '/invoice/4', 'InvoiceSaleOrder', 'Print'),
	(64, 1, 1, '2017-02-14 16:57:29', 'Se ha impreso el pdf de la factura de venta No: 1', '/invoice/4', 'InvoiceSaleOrder', 'Print'),
	(65, 1, 1, '2017-02-14 16:57:46', 'Se ha impreso el pdf de la factura de venta No: 1', '/invoice/4', 'InvoiceSaleOrder', 'Print'),
	(66, 1, 1, '2017-02-14 17:00:02', 'Se ha impreso el pdf de la factura de venta No: 1', '/invoice/4', 'InvoiceSaleOrder', 'Print'),
	(67, 1, 1, '2017-02-14 17:18:48', 'Se ha impreso el pdf de la factura de venta No: 1', '/invoice/4', 'InvoiceSaleOrder', 'Print'),
	(68, 1, 1, '2017-02-14 17:22:55', 'Se cre칩 la factura de venta n칰mero: 6 para el cliente as', '/invoice/5', 'InvoiceSaleOrder', 'Create'),
	(69, 1, 1, '2017-02-14 17:24:15', 'Se actualiz칩 la factura de venta n칰mero: 1 para el cliente as', '/invoice/5', 'InvoiceSaleOrder', 'Update'),
	(70, 1, 1, '2017-02-14 17:26:14', 'Se cre칩 la factura de venta n칰mero: 7 para el cliente cliente 2', '/invoice/6', 'InvoiceSaleOrder', 'Create'),
	(71, 1, 1, '2017-02-14 17:38:00', 'Se actualiz칩 la factura de venta n칰mero: 1 para el cliente cliente 2', '/invoice/6', 'InvoiceSaleOrder', 'Update'),
	(72, 1, 1, '2017-02-14 17:44:39', 'Se actualiz칩 la factura de venta n칰mero: 1 para el cliente cliente 2', '/invoice/6', 'InvoiceSaleOrder', 'Update'),
	(73, 1, 1, '2017-02-14 18:08:17', 'Se actualiz칩 la factura de venta n칰mero: 1 para el cliente cliente 2', '/invoice/6', 'InvoiceSaleOrder', 'Update'),
	(74, 1, 1, '2017-02-14 18:09:21', 'Se actualiz칩 la factura de venta n칰mero: 1 para el cliente cliente 2', '/invoice/6', 'InvoiceSaleOrder', 'Update'),
	(75, 1, 1, '2017-02-14 18:11:11', 'Se actualiz칩 la factura de venta n칰mero: 1 para el cliente cliente 2', '/invoice/6', 'InvoiceSaleOrder', 'Update'),
	(76, 1, 1, '2017-02-14 18:12:17', 'Se actualiz칩 la factura de venta n칰mero: 1 para el cliente cliente 2', '/invoice/6', 'InvoiceSaleOrder', 'Update'),
	(77, 1, 1, '2017-02-14 18:18:59', 'Se ha impreso el pdf de la factura de venta No: 1', '/invoice/6', 'InvoiceSaleOrder', 'Print'),
	(78, 1, 1, '2017-02-14 18:20:32', 'Se ha impreso el pdf de la factura de venta No: 1', '/invoice/6', 'InvoiceSaleOrder', 'Print'),
	(79, 1, 1, '2017-02-14 18:35:59', 'Se ha impreso el pdf de la factura de venta No: 1', '/invoice/6', 'InvoiceSaleOrder', 'Print'),
	(80, 1, 1, '2017-02-14 19:19:57', 'Se ha impreso el pdf de la factura de venta No: 1', '/invoice/6', 'InvoiceSaleOrder', 'Print'),
	(81, 1, 1, '2017-02-14 19:49:36', 'Se ha impreso el pdf de la factura de venta No: 1', '/invoice/6', 'InvoiceSaleOrder', 'Print'),
	(82, 1, 1, '2017-02-14 19:50:17', 'Se ha impreso el pdf de la factura de venta No: 1', '/invoice/6', 'InvoiceSaleOrder', 'Print'),
	(83, 1, 1, '2017-02-14 19:51:09', 'Se ha impreso el pdf de la factura de venta No: 1', '/invoice/6', 'InvoiceSaleOrder', 'Print'),
	(84, 1, 1, '2017-02-14 19:51:19', 'Se ha impreso el pdf de la factura de venta No: 1', '/invoice/6', 'InvoiceSaleOrder', 'Print'),
	(85, 1, 1, '2017-02-14 19:51:53', 'Se ha impreso el pdf de la factura de venta No: 1', '/invoice/6', 'InvoiceSaleOrder', 'Print'),
	(86, 1, 1, '2017-02-14 19:52:06', 'Se ha impreso el pdf de la factura de venta No: 1', '/invoice/6', 'InvoiceSaleOrder', 'Print'),
	(87, 1, 1, '2017-02-14 20:05:33', 'Se ha impreso el pdf de la factura de venta No: 1', '/invoice/6', 'InvoiceSaleOrder', 'Print'),
	(88, 1, 1, '2017-02-14 20:06:39', 'Se ha impreso el pdf de la factura de venta No: 1', '/invoice/6', 'InvoiceSaleOrder', 'Print'),
	(89, 1, 1, '2017-02-14 20:07:41', 'Se ha impreso el pdf de la factura de venta No: 1', '/invoice/6', 'InvoiceSaleOrder', 'Print'),
	(90, 1, 1, '2017-02-14 20:10:04', 'Se ha impreso el pdf de la factura de venta No: 1', '/invoice/6', 'InvoiceSaleOrder', 'Print'),
	(91, 1, 1, '2017-02-14 20:10:32', 'Se ha impreso el pdf de la factura de venta No: 1', '/invoice/6', 'InvoiceSaleOrder', 'Print'),
	(92, 1, 1, '2017-02-14 20:10:53', 'Se ha impreso el pdf de la factura de venta No: 1', '/invoice/6', 'InvoiceSaleOrder', 'Print'),
	(93, 1, 1, '2017-02-14 20:11:09', 'Se ha impreso el pdf de la factura de venta No: 1', '/invoice/6', 'InvoiceSaleOrder', 'Print'),
	(94, 1, 1, '2017-02-14 20:11:26', 'Se ha impreso el pdf de la factura de venta No: 1', '/invoice/6', 'InvoiceSaleOrder', 'Print'),
	(95, 1, 1, '2017-02-14 20:11:45', 'Se ha impreso el pdf de la factura de venta No: 1', '/invoice/6', 'InvoiceSaleOrder', 'Print'),
	(96, 1, 1, '2017-02-14 20:11:56', 'Se ha impreso el pdf de la factura de venta No: 1', '/invoice/6', 'InvoiceSaleOrder', 'Print'),
	(97, 1, 1, '2017-02-14 20:13:49', 'Se ha impreso el pdf de la factura de venta No: 1', '/invoice/6', 'InvoiceSaleOrder', 'Print'),
	(98, 1, 1, '2017-02-15 09:42:06', 'Se actualiz칩 el estado de la remisi칩n n칰mero: 1 para el cliente cliente 2', '/remision/1', 'Remision', 'Update'),
	(99, 1, 1, '2017-02-15 09:42:08', 'Se actualiz칩 el estado de la remisi칩n n칰mero: 1 para el cliente cliente 2', '/remision/1', 'Remision', 'Update'),
	(100, 1, 1, '2017-02-15 09:42:10', 'Se actualiz칩 el estado de la remisi칩n n칰mero: 3 para el cliente Fernando Ardila', '/remision/3', 'Remision', 'Update'),
	(101, 1, 1, '2017-02-15 10:16:28', 'Se cre칩 la factura de venta n칰mero: 8 para el cliente cliente 2', '/invoice/7', 'InvoiceSaleOrder', 'Create'),
	(102, 1, 1, '2017-02-15 10:16:32', 'Se ha impreso el pdf de la factura de venta No: 8', '/invoice/7', 'InvoiceSaleOrder', 'Print'),
	(103, 1, 1, '2017-02-15 12:28:37', 'Se cre칩 la Nota Cr칠dito n칰mero: 1 para el cliente cliente 2', '/credit-note/1', 'CreditNote', 'Create'),
	(104, 1, 1, '2017-02-15 12:35:23', 'Se actualiz칩 la factura de venta n칰mero: 1 para el cliente cliente 2', '/invoice/7', 'InvoiceSaleOrder', 'Update'),
	(105, 1, 1, '2017-02-15 13:02:54', 'Se actualiz칩 la Nota Cr칠dito n칰mero: 1 para el cliente cliente 2', '/credit-note/1', 'CreditNote', 'Update'),
	(106, 1, 1, '2017-02-15 13:23:42', 'Se ha impreso el pdf de la Nota Cr칠dito No: 1', '/credit-note/1', 'CreditNote', 'Print'),
	(107, 1, 1, '2017-02-15 13:24:05', 'Se ha impreso el pdf de la Nota Cr칠dito No: 1', '/credit-note/1', 'CreditNote', 'Print'),
	(108, 1, 1, '2017-02-15 13:24:22', 'Se ha impreso el pdf de la Nota Cr칠dito No: 1', '/credit-note/1', 'CreditNote', 'Print'),
	(109, 1, 1, '2017-02-15 13:24:35', 'Se ha impreso el pdf de la Nota Cr칠dito No: 1', '/credit-note/1', 'CreditNote', 'Print'),
	(110, 1, 1, '2017-02-15 13:26:03', 'Se ha impreso el pdf de la Nota Cr칠dito No: 1', '/credit-note/1', 'CreditNote', 'Print'),
	(111, 1, 1, '2017-02-15 13:27:47', 'Se ha impreso el pdf de la Nota Cr칠dito No: 1', '/credit-note/1', 'CreditNote', 'Print'),
	(112, 1, 1, '2017-02-15 13:28:10', 'Se cre칩 la Nota Cr칠dito n칰mero: 2 para el cliente cliente 2', '/credit-note/2', 'CreditNote', 'Create'),
	(113, 1, 1, '2017-02-16 20:39:08', 'Se cre칩 el pago n칰mero: 2 para el cliente cliente 1', '/payment/2', 'Payment', 'Create'),
	(114, 1, 1, '2017-02-16 20:41:30', 'Se cre칩 el pago n칰mero: 3 para el cliente cliente 2', '/payment/3', 'Payment', 'Create'),
	(115, 1, 1, '2017-02-16 21:08:25', 'Se cre칩 el pago n칰mero: 4 para el cliente cliente 2', '/payment/1', 'Payment', 'Create'),
	(116, 1, 1, '2017-02-16 21:09:46', 'Se cre칩 el pago n칰mero: 5 para el cliente cliente 2', '/payment/2', 'Payment', 'Create'),
	(117, 1, 1, '2017-02-16 21:21:50', 'Se cre칩 el pago n칰mero: 6 para el cliente cliente 2', '/payment/3', 'Payment', 'Create'),
	(118, 1, 1, '2017-02-16 21:22:36', 'Se cre칩 el pago n칰mero: 7 para el cliente cliente 2', '/payment/4', 'Payment', 'Create'),
	(119, 1, 1, '2017-02-17 09:59:35', 'Se cre칩 el pago n칰mero: 8 para el cliente cliente 1', '/payment/5', 'Payment', 'Create'),
	(120, 1, 1, '2017-02-17 10:05:44', 'Se cre칩 el pago n칰mero: 9 para el cliente cliente 1', '/payment/6', 'Payment', 'Create'),
	(121, 1, 1, '2017-02-17 11:26:44', 'Se cre칩 el pago n칰mero: 10 para el cliente cliente 1', '/payment/11', 'Payment', 'Create'),
	(122, 1, 1, '2017-02-17 11:59:58', 'Se cre칩 el pago n칰mero: 12 para el cliente cliente 2', '/payment/12', 'Payment', 'Create'),
	(123, 1, 1, '2017-02-17 13:49:13', 'Se cre칩 el pago n칰mero: 13 para el cliente cliente 1', '/payment/13', 'Payment', 'Create'),
	(124, 1, 1, '2017-02-17 15:29:28', 'Se cre칩 el pago n칰mero: 14 para el cliente cliente 1', '/payment/14', 'Payment', 'Create'),
	(125, 1, 1, '2017-02-17 16:11:53', 'Se actualiz칩 el pago n칰mero: 14 para el cliente cliente 1', '/payment/14', 'Payment', 'Update'),
	(126, 1, 1, '2017-02-17 16:12:50', 'Se actualiz칩 el pago n칰mero: 14 para el cliente cliente 1', '/payment/14', 'Payment', 'Update'),
	(127, 1, 1, '2017-02-17 16:13:14', 'Se actualiz칩 el pago n칰mero: 14 para el cliente cliente 1', '/payment/14', 'Payment', 'Update'),
	(128, 1, 1, '2017-02-17 16:23:49', 'Se cre칩 la factura de venta n칰mero: 8 para el cliente distribuciones IDRD', '/invoice/8', 'InvoiceSaleOrder', 'Create'),
	(129, 1, 1, '2017-02-17 16:25:50', 'Se cre칩 el pago n칰mero: 15 para el cliente distribuciones IDRD', '/payment/15', 'Payment', 'Create'),
	(130, 1, 1, '2017-02-17 16:27:07', 'Se actualiz칩 el pago n칰mero: 15 para el cliente distribuciones IDRD', '/payment/15', 'Payment', 'Update'),
	(131, 1, 1, '2017-02-17 16:28:47', 'Se actualiz칩 el pago n칰mero: 15 para el cliente distribuciones IDRD', '/payment/15', 'Payment', 'Update'),
	(132, 1, 1, '2017-02-17 16:31:25', 'Se cre칩 la factura de venta n칰mero: 9 para el cliente distribuciones IDRD', '/invoice/9', 'InvoiceSaleOrder', 'Create'),
	(133, 1, 1, '2017-02-17 16:34:29', 'Se cre칩 el pago n칰mero: 16 para el cliente distribuciones IDRD', '/payment/16', 'Payment', 'Create'),
	(134, 1, 1, '2017-02-17 17:13:02', 'Se actualiz칩 el pago n칰mero: 16 para el cliente distribuciones IDRD', '/payment/16', 'Payment', 'Update'),
	(135, 1, 1, '2017-02-17 18:13:08', 'Se elimin칩 el pago n칰mero: 14', NULL, 'Payment', 'Delete'),
	(136, 1, 1, '2017-02-17 18:38:40', 'Se elimin칩 el pago n칰mero: 14', NULL, 'Payment', 'Delete'),
	(137, 1, 1, '2017-02-20 15:05:57', 'Se actualiz칩 la factura de venta n칰mero: 1 para el cliente distribuciones IDRD', '/invoice/8', 'InvoiceSaleOrder', 'Update'),
	(138, 1, 1, '2017-02-20 19:06:14', 'Se cre칩 la factura de venta n칰mero: 10 para el cliente cliente 2', '/invoice/10', 'InvoiceSaleOrder', 'Create'),
	(139, 1, 1, '2017-02-21 19:37:24', 'Fernando ha iniciado sesion', '/profile/1/edit', 'User', 'LogIn'),
	(140, 1, 1, '2017-02-22 13:30:50', 'Se cre칩 la factura de venta n칰mero: 11 para el cliente cliente 1', '/invoice/11', 'InvoiceSaleOrder', 'Create'),
	(141, 1, 1, '2017-02-22 21:20:17', 'Fernando ha iniciado sesion', '/profile/1/edit', 'User', 'LogIn'),
	(142, 1, 1, '2017-02-23 12:01:06', 'Fernando ha iniciado sesion', '/profile/1/edit', 'User', 'LogIn'),
	(143, 1, 1, '2017-02-23 18:12:19', 'Se cre칩 la Orden de Compra n칰mero: 1 para el cliente Proveedor 1', '/purchase-order/1', 'PurchaseOrder', 'Create'),
	(144, 1, 1, '2017-02-23 19:09:38', 'Se actualiz칩 la Orden de Compra n칰mero: 1 para el cliente Proveedor 1', '/purchase-order/1', 'PurchaseOrder', 'Update'),
	(145, 1, 1, '2017-02-23 19:25:03', 'Se ha impreso el pdf de la Orden de Compra No: 1', '/purchase-order/1', 'PurchaseOrder', 'Print'),
	(146, 1, 1, '2017-02-23 19:25:21', 'Se ha impreso el pdf de la Orden de Compra No: 1', '/purchase-order/1', 'PurchaseOrder', 'Print'),
	(147, 1, 1, '2017-02-23 19:25:32', 'Se ha impreso el pdf de la Orden de Compra No: 1', '/purchase-order/1', 'PurchaseOrder', 'Print'),
	(148, 1, 1, '2017-02-23 19:26:21', 'Se ha impreso el pdf de la Orden de Compra No: 1', '/purchase-order/1', 'PurchaseOrder', 'Print'),
	(149, 1, 1, '2017-02-23 19:26:41', 'Se ha impreso el pdf de la Orden de Compra No: 1', '/purchase-order/1', 'PurchaseOrder', 'Print'),
	(150, 1, 1, '2017-02-23 19:27:34', 'Se ha impreso el pdf de la Orden de Compra No: 1', '/purchase-order/1', 'PurchaseOrder', 'Print'),
	(151, 1, 1, '2017-02-24 07:05:41', 'Se ha impreso el pdf de la Orden de Compra No: 1', '/purchase-order/1', 'PurchaseOrder', 'Print'),
	(152, 1, 1, '2017-02-24 12:26:55', 'Se ha impreso el pdf de la Orden de Compra No: 1', '/purchase-order/1', 'PurchaseOrder', 'Print'),
	(153, 1, 1, '2017-02-24 12:27:10', 'Se ha impreso el pdf de la Orden de Compra No: 1', '/purchase-order/1', 'PurchaseOrder', 'Print'),
	(154, 1, 1, '2017-02-24 12:37:42', 'Se ha impreso el pdf de la Orden de Compra No: 1', '/purchase-order/1', 'PurchaseOrder', 'Print'),
	(155, 1, 1, '2017-02-24 12:38:16', 'Se ha impreso el pdf de la Orden de Compra No: 1', '/purchase-order/1', 'PurchaseOrder', 'Print'),
	(156, 1, 1, '2017-02-24 12:39:03', 'Se ha impreso el pdf de la Orden de Compra No: 1', '/purchase-order/1', 'PurchaseOrder', 'Print'),
	(157, 1, 1, '2017-02-24 12:39:33', 'Se ha impreso el pdf de la Orden de Compra No: 1', '/purchase-order/1', 'PurchaseOrder', 'Print'),
	(158, 1, 1, '2017-02-24 12:39:51', 'Se ha impreso el pdf de la Orden de Compra No: 1', '/purchase-order/1', 'PurchaseOrder', 'Print'),
	(159, 1, 1, '2017-02-24 12:41:06', 'Se ha impreso el pdf de la Orden de Compra No: 1', '/purchase-order/1', 'PurchaseOrder', 'Print'),
	(160, 1, 1, '2017-02-24 12:41:29', 'Se ha impreso el pdf de la Orden de Compra No: 1', '/purchase-order/1', 'PurchaseOrder', 'Print'),
	(161, 1, 1, '2017-02-24 12:42:33', 'Se ha impreso el pdf de la Orden de Compra No: 1', '/purchase-order/1', 'PurchaseOrder', 'Print'),
	(162, 1, 1, '2017-02-24 12:42:47', 'Se ha impreso el pdf de la Orden de Compra No: 1', '/purchase-order/1', 'PurchaseOrder', 'Print'),
	(163, 1, 1, '2017-02-24 12:43:01', 'Se ha impreso el pdf de la Orden de Compra No: 1', '/purchase-order/1', 'PurchaseOrder', 'Print'),
	(164, 1, 1, '2017-02-24 12:43:16', 'Se ha impreso el pdf de la Orden de Compra No: 1', '/purchase-order/1', 'PurchaseOrder', 'Print'),
	(165, 1, 1, '2017-02-24 12:44:12', 'Se ha impreso el pdf de la Orden de Compra No: 1', '/purchase-order/1', 'PurchaseOrder', 'Print'),
	(166, 1, 1, '2017-02-24 12:45:01', 'Se ha impreso el pdf de la Orden de Compra No: 1', '/purchase-order/1', 'PurchaseOrder', 'Print'),
	(167, 1, 1, '2017-02-24 12:45:12', 'Se ha impreso el pdf de la Orden de Compra No: 1', '/purchase-order/1', 'PurchaseOrder', 'Print'),
	(168, 1, 1, '2017-02-24 12:45:30', 'Se ha impreso el pdf de la Orden de Compra No: 1', '/purchase-order/1', 'PurchaseOrder', 'Print'),
	(169, 1, 1, '2017-02-24 12:45:39', 'Se ha impreso el pdf de la Orden de Compra No: 1', '/purchase-order/1', 'PurchaseOrder', 'Print'),
	(170, 1, 1, '2017-02-24 12:45:51', 'Se ha impreso el pdf de la Orden de Compra No: 1', '/purchase-order/1', 'PurchaseOrder', 'Print'),
	(171, 1, 1, '2017-02-24 12:47:39', 'Se ha impreso el pdf de la Orden de Compra No: 1', '/purchase-order/1', 'PurchaseOrder', 'Print'),
	(172, 1, 1, '2017-02-24 12:47:57', 'Se ha impreso el pdf de la Orden de Compra No: 1', '/purchase-order/1', 'PurchaseOrder', 'Print'),
	(173, 1, 1, '2017-02-24 12:48:23', 'Se ha impreso el pdf de la Orden de Compra No: 1', '/purchase-order/1', 'PurchaseOrder', 'Print'),
	(174, 1, 1, '2017-02-24 12:48:44', 'Se ha impreso el pdf de la Orden de Compra No: 1', '/purchase-order/1', 'PurchaseOrder', 'Print'),
	(175, 1, 1, '2017-02-24 12:49:01', 'Se ha impreso el pdf de la Orden de Compra No: 1', '/purchase-order/1', 'PurchaseOrder', 'Print'),
	(176, 1, 1, '2017-02-24 12:49:42', 'Se ha impreso el pdf de la Orden de Compra No: 1', '/purchase-order/1', 'PurchaseOrder', 'Print'),
	(177, 1, 1, '2017-02-24 12:50:37', 'Se ha impreso el pdf de la Orden de Compra No: 1', '/purchase-order/1', 'PurchaseOrder', 'Print'),
	(178, 1, 1, '2017-02-24 12:51:36', 'Se ha impreso el pdf de la Orden de Compra No: 1', '/purchase-order/1', 'PurchaseOrder', 'Print'),
	(179, 1, 1, '2017-02-24 12:52:10', 'Se actualiz칩 la Orden de Compra n칰mero: 1 para el cliente Proveedor 1', '/purchase-order/1', 'PurchaseOrder', 'Update'),
	(180, 1, 1, '2017-02-24 12:52:17', 'Se ha impreso el pdf de la Orden de Compra No: 1', '/purchase-order/1', 'PurchaseOrder', 'Print'),
	(181, 1, 1, '2017-02-24 12:52:41', 'Se ha impreso el pdf de la Orden de Compra No: 1', '/purchase-order/1', 'PurchaseOrder', 'Print'),
	(182, 1, 1, '2017-02-24 12:53:29', 'Se ha impreso el pdf de la Orden de Compra No: 1', '/purchase-order/1', 'PurchaseOrder', 'Print'),
	(183, 1, 1, '2017-02-24 12:54:09', 'Se ha impreso el pdf de la Orden de Compra No: 1', '/purchase-order/1', 'PurchaseOrder', 'Print'),
	(184, 1, 1, '2017-02-24 12:54:35', 'Se ha impreso el pdf de la Orden de Compra No: 1', '/purchase-order/1', 'PurchaseOrder', 'Print'),
	(185, 1, 1, '2017-02-24 12:54:55', 'Se ha impreso el pdf de la Orden de Compra No: 1', '/purchase-order/1', 'PurchaseOrder', 'Print'),
	(186, 1, 1, '2017-02-24 12:55:17', 'Se ha impreso el pdf de la Orden de Compra No: 1', '/purchase-order/1', 'PurchaseOrder', 'Print'),
	(187, 1, 1, '2017-02-24 12:55:24', 'Se ha impreso el pdf de la Orden de Compra No: 1', '/purchase-order/1', 'PurchaseOrder', 'Print'),
	(188, 1, 1, '2017-02-24 12:55:37', 'Se ha impreso el pdf de la Orden de Compra No: 1', '/purchase-order/1', 'PurchaseOrder', 'Print'),
	(189, 1, 1, '2017-02-24 12:55:49', 'Se ha impreso el pdf de la Orden de Compra No: 1', '/purchase-order/1', 'PurchaseOrder', 'Print'),
	(190, 1, 1, '2017-02-24 12:56:37', 'Se ha impreso el pdf de la Orden de Compra No: 1', '/purchase-order/1', 'PurchaseOrder', 'Print'),
	(191, 1, 1, '2017-02-24 12:57:46', 'Se ha impreso el pdf de la Orden de Compra No: 1', '/purchase-order/1', 'PurchaseOrder', 'Print'),
	(192, 1, 1, '2017-02-24 12:58:40', 'Se ha impreso el pdf de la Orden de Compra No: 1', '/purchase-order/1', 'PurchaseOrder', 'Print'),
	(193, 1, 1, '2017-02-24 12:58:55', 'Se ha impreso el pdf de la Orden de Compra No: 1', '/purchase-order/1', 'PurchaseOrder', 'Print'),
	(194, 1, 1, '2017-02-24 13:00:04', 'Se ha impreso el pdf de la Orden de Compra No: 1', '/purchase-order/1', 'PurchaseOrder', 'Print'),
	(195, 1, 1, '2017-02-24 13:00:15', 'Se ha impreso el pdf de la Orden de Compra No: 1', '/purchase-order/1', 'PurchaseOrder', 'Print'),
	(196, 1, 1, '2017-02-24 13:00:30', 'Se ha impreso el pdf de la Orden de Compra No: 1', '/purchase-order/1', 'PurchaseOrder', 'Print'),
	(197, 1, 1, '2017-02-24 13:00:51', 'Se ha impreso el pdf de la Orden de Compra No: 1', '/purchase-order/1', 'PurchaseOrder', 'Print'),
	(198, 1, 1, '2017-02-24 13:00:58', 'Se ha impreso el pdf de la Orden de Compra No: 1', '/purchase-order/1', 'PurchaseOrder', 'Print'),
	(199, 1, 1, '2017-02-24 13:01:15', 'Se ha impreso el pdf de la Orden de Compra No: 1', '/purchase-order/1', 'PurchaseOrder', 'Print'),
	(200, 1, 1, '2017-02-24 13:01:25', 'Se ha impreso el pdf de la Orden de Compra No: 1', '/purchase-order/1', 'PurchaseOrder', 'Print'),
	(201, 1, 1, '2017-02-24 13:01:35', 'Se ha impreso el pdf de la Orden de Compra No: 1', '/purchase-order/1', 'PurchaseOrder', 'Print'),
	(202, 1, 1, '2017-02-24 13:01:46', 'Se ha impreso el pdf de la Orden de Compra No: 1', '/purchase-order/1', 'PurchaseOrder', 'Print'),
	(203, 1, 1, '2017-02-24 13:02:07', 'Se ha impreso el pdf de la Orden de Compra No: 1', '/purchase-order/1', 'PurchaseOrder', 'Print'),
	(204, 1, 1, '2017-02-24 13:02:15', 'Se ha impreso el pdf de la Orden de Compra No: 1', '/purchase-order/1', 'PurchaseOrder', 'Print'),
	(205, 1, 1, '2017-02-24 13:02:25', 'Se ha impreso el pdf de la Orden de Compra No: 1', '/purchase-order/1', 'PurchaseOrder', 'Print'),
	(206, 1, 1, '2017-02-24 13:02:43', 'Se ha impreso el pdf de la Orden de Compra No: 1', '/purchase-order/1', 'PurchaseOrder', 'Print'),
	(207, 1, 1, '2017-02-24 13:03:48', 'Se ha impreso el pdf de la Orden de Compra No: 1', '/purchase-order/1', 'PurchaseOrder', 'Print'),
	(208, 1, 1, '2017-02-24 13:04:03', 'Se ha impreso el pdf de la Orden de Compra No: 1', '/purchase-order/1', 'PurchaseOrder', 'Print'),
	(209, 1, 1, '2017-02-24 13:04:14', 'Se ha impreso el pdf de la Orden de Compra No: 1', '/purchase-order/1', 'PurchaseOrder', 'Print'),
	(210, 1, 1, '2017-02-24 13:04:30', 'Se actualiz칩 la Orden de Compra n칰mero: 1 para el cliente Proveedor 1', '/purchase-order/1', 'PurchaseOrder', 'Update'),
	(211, 1, 1, '2017-02-24 13:04:33', 'Se ha impreso el pdf de la Orden de Compra No: 1', '/purchase-order/1', 'PurchaseOrder', 'Print'),
	(212, 1, 1, '2017-02-24 13:04:50', 'Se ha impreso el pdf de la Orden de Compra No: 1', '/purchase-order/1', 'PurchaseOrder', 'Print'),
	(213, 1, 1, '2017-02-24 13:05:38', 'Se actualiz칩 la Orden de Compra n칰mero: 1 para el cliente Proveedor 1', '/purchase-order/1', 'PurchaseOrder', 'Update'),
	(214, 1, 1, '2017-02-24 13:05:41', 'Se ha impreso el pdf de la Orden de Compra No: 1', '/purchase-order/1', 'PurchaseOrder', 'Print'),
	(215, 1, 1, '2017-02-24 13:06:02', 'Se actualiz칩 la Orden de Compra n칰mero: 1 para el cliente Proveedor 1', '/purchase-order/1', 'PurchaseOrder', 'Update'),
	(216, 1, 1, '2017-02-24 13:06:05', 'Se ha impreso el pdf de la Orden de Compra No: 1', '/purchase-order/1', 'PurchaseOrder', 'Print'),
	(217, 1, 1, '2017-02-24 13:06:32', 'Se ha impreso el pdf de la Orden de Compra No: 1', '/purchase-order/1', 'PurchaseOrder', 'Print'),
	(218, 1, 1, '2017-02-24 13:06:43', 'Se ha impreso el pdf de la Orden de Compra No: 1', '/purchase-order/1', 'PurchaseOrder', 'Print'),
	(219, 1, 1, '2017-02-24 13:10:27', 'Se ha impreso el pdf de la Orden de Compra No: 1', '/purchase-order/1', 'PurchaseOrder', 'Print'),
	(220, 1, 1, '2017-02-24 13:11:15', 'Se ha impreso el pdf de la Orden de Compra No: 1', '/purchase-order/1', 'PurchaseOrder', 'Print'),
	(221, 1, 1, '2017-02-24 13:12:04', 'Se ha impreso el pdf de la Orden de Compra No: 1', '/purchase-order/1', 'PurchaseOrder', 'Print'),
	(222, 1, 1, '2017-02-24 15:12:13', 'Se cre칩 la Nota D칠bito n칰mero: 1 para el cliente Proveedor 1', '/debit-note/1', 'DebitNote', 'Create'),
	(223, 1, 1, '2017-02-24 15:24:48', 'Se actualiz칩 la Nota Debito n칰mero: 1 para el cliente Proveedor 1', '/debit-note/1', 'DebitNote', 'Update'),
	(224, 1, 1, '2017-02-24 15:26:14', 'Se actualiz칩 la Nota Debito n칰mero: 1 para el cliente Proveedor 1', '/debit-note/1', 'DebitNote', 'Update'),
	(225, 1, 1, '2017-02-24 15:26:36', 'Se actualiz칩 la Nota Debito n칰mero: 1 para el cliente Proveedor 1', '/debit-note/1', 'DebitNote', 'Update'),
	(226, 1, 1, '2017-02-24 15:27:10', 'Se actualiz칩 la Nota Debito n칰mero: 1 para el cliente Proveedor 1', '/debit-note/1', 'DebitNote', 'Update'),
	(227, 1, 1, '2017-02-24 15:27:33', 'Se actualiz칩 la Nota Debito n칰mero: 1 para el cliente Proveedor 1', '/debit-note/1', 'DebitNote', 'Update'),
	(228, 1, 1, '2017-02-24 15:28:39', 'Se cre칩 la Nota D칠bito n칰mero: 2 para el cliente Fernando Ardila', '/debit-note/2', 'DebitNote', 'Create'),
	(229, 1, 1, '2017-02-24 15:38:26', 'Se ha impreso el pdf de la Nota D칠bito No: 1', '/debit-note/1', 'DebitNote', 'Print'),
	(230, 1, 1, '2017-02-24 15:39:06', 'Se ha impreso el pdf de la Nota D칠bito No: 1', '/debit-note/1', 'DebitNote', 'Print'),
	(231, 1, 1, '2017-02-24 17:13:48', 'Se cre칩 la factura de proveedor n칰mero: 1 para el cliente Proveedor 1', '/bill/1', 'Bill', 'Create'),
	(232, 1, 1, '2017-02-24 17:25:46', 'Se actualiz칩 la factura de proveedores n칰mero: 1 para el cliente Proveedor 1', '/bill/1', 'Bill', 'Update'),
	(233, 1, 1, '2017-02-24 17:28:37', 'Se actualiz칩 la factura de proveedores n칰mero: 1 para el cliente Proveedor 1', '/bill/1', 'Bill', 'Update'),
	(234, 1, 1, '2017-02-24 17:29:02', 'Se actualiz칩 la factura de proveedores n칰mero: 1 para el cliente Proveedor 1', '/bill/1', 'Bill', 'Update'),
	(235, 1, 1, '2017-02-24 18:15:40', 'Se ha impreso el pdf de la factura de venta No: 1', '/bill/1', 'Bill', 'Print'),
	(236, 1, 1, '2017-02-24 18:16:11', 'Se ha impreso el pdf de la factura de venta No: 1', '/bill/1', 'Bill', 'Print'),
	(237, 1, 1, '2017-02-24 18:16:30', 'Se ha impreso el pdf de la factura de venta No: 1', '/bill/1', 'Bill', 'Print'),
	(238, 1, 1, '2017-02-24 18:17:06', 'Se actualiz칩 la factura de proveedores n칰mero: 1 para el cliente Proveedor 1', '/bill/1', 'Bill', 'Update'),
	(239, 1, 1, '2017-02-24 18:17:08', 'Se ha impreso el pdf de la factura de venta No: 1', '/bill/1', 'Bill', 'Print'),
	(240, 1, 1, '2017-02-24 18:17:23', 'Se ha impreso el pdf de la factura de venta No: 1', '/bill/1', 'Bill', 'Print'),
	(241, 1, 1, '2017-02-24 18:22:39', 'Se cre칩 la factura de proveedor n칰mero: 2 para el cliente Proveedor 1', '/bill/2', 'Bill', 'Create'),
	(242, 1, 1, '2017-02-24 18:23:11', 'Se ha impreso el pdf de la factura de venta No: 2', '/bill/2', 'Bill', 'Print'),
	(243, 1, 1, '2017-02-24 18:26:58', 'Se actualiz칩 el estado de la factura de venta n칰mero: 2 para el cliente Proveedor 1', '/bill/2', 'Bill', 'Update'),
	(244, 1, 1, '2017-02-24 18:27:38', 'Se actualiz칩 el estado de la factura de venta n칰mero: 1 para el cliente Proveedor 1', '/bill/1', 'Bill', 'Update'),
	(245, 1, 1, '2017-02-24 18:27:40', 'Se actualiz칩 el estado de la factura de venta n칰mero: 2 para el cliente Proveedor 1', '/bill/2', 'Bill', 'Update'),
	(246, 1, 1, '2017-02-24 18:27:42', 'Se actualiz칩 el estado de la factura de venta n칰mero: 1 para el cliente Proveedor 1', '/bill/1', 'Bill', 'Update'),
	(247, 1, 1, '2017-02-24 18:28:20', 'Se elimin칩 la factura de venta n칰mero: 1', NULL, 'Bill', 'Delete'),
	(248, 1, 1, '2017-02-24 18:28:25', 'Se actualiz칩 el estado de la factura de venta n칰mero: 2 para el cliente Proveedor 1', '/bill/2', 'Bill', 'Update'),
	(249, 1, 1, '2017-02-24 18:28:28', 'Se actualiz칩 el estado de la factura de venta n칰mero: 2 para el cliente Proveedor 1', '/bill/2', 'Bill', 'Update'),
	(250, 1, 1, '2017-02-24 18:49:46', 'Se cre칩 la factura de proveedor n칰mero: 3 para el cliente proveedor 5', '/bill/3', 'Bill', 'Create'),
	(251, 1, 1, '2017-02-24 20:09:26', 'Se cre칩 la factura de venta n칰mero: 12 para el cliente cliente 1', '/invoice/12', 'InvoiceSaleOrder', 'Create'),
	(252, 1, 1, '2017-02-27 16:20:44', 'Fernando ha iniciado sesion', '/profile/1/edit', 'User', 'LogIn'),
	(253, 1, 1, '2017-02-27 17:34:30', 'Se cre칩 la factura de venta n칰mero: 13 para el cliente cliente 1', '/invoice/13', 'InvoiceSaleOrder', 'Create'),
	(254, 1, 1, '2017-02-27 21:48:15', 'Fernando ha iniciado sesion', '/profile/1/edit', 'User', 'LogIn'),
	(255, 1, 1, '2017-02-27 21:49:09', 'Se cre칩 la factura de venta n칰mero: 14 para el cliente cliente 1', '/invoice/14', 'InvoiceSaleOrder', 'Create'),
	(256, 1, 1, '2017-02-27 21:53:09', 'Se actualiz칩 la factura de venta n칰mero: 1 para el cliente cliente 1', '/invoice/14', 'InvoiceSaleOrder', 'Update'),
	(257, 1, 1, '2017-02-27 21:57:42', 'Fernando ha iniciado sesion', '/profile/1/edit', 'User', 'LogIn'),
	(258, 1, 1, '2017-02-28 10:14:20', 'Se cre칩 la factura de venta n칰mero: 15 para el cliente contact-provider', '/invoice/15', 'InvoiceSaleOrder', 'Create'),
	(259, 1, 1, '2017-02-28 10:31:18', 'Se cre칩 la factura de proveedor n칰mero: 4 para el cliente contact-provider', '/bill/4', 'Bill', 'Create'),
	(260, 1, 1, '2017-02-28 11:53:53', 'Se cre칩 el comprobante de pago n칰mero: 1 para el proveedor contact-provider', '/payment-out/17', 'Payment-out', 'Create'),
	(261, 1, 1, '2017-02-28 11:54:32', 'Se cre칩 el comprobante de pago n칰mero: 1 para el proveedor contact-provider', '/payment-out/17', 'Payment-out', 'Create'),
	(262, 1, 1, '2017-02-28 12:21:43', 'Se actualiz칩 el comprobante de pago n칰mero: 1 para el cliente contact-provider', '/payment-out/17', 'Payment-out', 'Update'),
	(263, 1, 1, '2017-02-28 12:22:45', 'Se cre칩 el comprobante de pago n칰mero: 4 para el proveedor contact-provider', '/payment-out/18', 'Payment-out', 'Create'),
	(264, 1, 1, '2017-02-28 18:36:33', 'Se cre칩 el comprobante de pago n칰mero: 5 para el proveedor Proveedor 1', '/payment-out/19', 'Payment-out', 'Create'),
	(265, 1, 1, '2017-03-01 11:30:48', 'Se actualiz칩 el comprobante de pago n칰mero: 5 para el cliente Proveedor 1', '/payment-out/19', 'Payment-out', 'Update'),
	(266, 1, 1, '2017-03-01 11:31:05', 'Se actualiz칩 el comprobante de pago n칰mero: 5 para el cliente Proveedor 1', '/payment-out/19', 'Payment-out', 'Update'),
	(267, 1, 1, '2017-03-01 11:31:15', 'Se actualiz칩 el comprobante de pago n칰mero: 5 para el cliente Proveedor 1', '/payment-out/19', 'Payment-out', 'Update'),
	(268, 1, 1, '2017-03-01 11:31:33', 'Se actualiz칩 el comprobante de pago n칰mero: 5 para el cliente Proveedor 1', '/payment-out/19', 'Payment-out', 'Update'),
	(269, 1, 1, '2017-03-01 11:32:41', 'Se actualiz칩 el comprobante de pago n칰mero: 5 para el cliente Proveedor 1', '/payment-out/19', 'Payment-out', 'Update'),
	(270, 1, 1, '2017-03-01 12:31:25', 'Se actualiz칩 el comprobante de pago n칰mero: 5 para el cliente Proveedor 1', '/payment-out/19', 'Payment-out', 'Update'),
	(271, 1, 1, '2017-03-01 15:20:13', 'Se actualiz칩 el estado del pago n칰mero: 5 para el cliente Proveedor 1', '/Payment-out/19', 'Payment-out', 'Update'),
	(272, 1, 1, '2017-03-01 15:20:48', 'Se actualiz칩 el estado del pago n칰mero: 4 para el cliente contact-provider', '/Payment-out/18', 'Payment-out', 'Update'),
	(273, 1, 1, '2017-03-01 15:20:50', 'Se actualiz칩 el estado del pago n칰mero: 5 para el cliente Proveedor 1', '/Payment-out/19', 'Payment-out', 'Update'),
	(274, 1, 1, '2017-03-01 15:20:51', 'Se actualiz칩 el estado del pago n칰mero: 4 para el cliente contact-provider', '/Payment-out/18', 'Payment-out', 'Update'),
	(275, 1, 1, '2017-03-01 15:21:18', 'Se actualiz칩 el estado del pago n칰mero: 5 para el cliente Proveedor 1', '/Payment-out/19', 'Payment-out', 'Update'),
	(276, 1, 1, '2017-03-01 16:17:27', 'Se ha impreso el pdf para el pago No: 5', '/Payment-out/19', 'Payment-out', 'Print'),
	(277, 1, 1, '2017-03-01 16:19:23', 'Se ha impreso el pdf para el pago No: 5', '/Payment-out/19', 'Payment-out', 'Print'),
	(278, 1, 1, '2017-03-01 16:20:23', 'Se ha impreso el pdf para el pago No: 5', '/Payment-out/19', 'Payment-out', 'Print'),
	(279, 1, 1, '2017-03-01 16:20:32', 'Se ha impreso el pdf para el pago No: 5', '/Payment-out/19', 'Payment-out', 'Print'),
	(280, 1, 1, '2017-03-01 16:21:39', 'Se ha impreso el pdf para el pago No: 5', '/Payment-out/19', 'Payment-out', 'Print'),
	(281, 1, 1, '2017-03-01 16:25:19', 'Se ha impreso el pdf para el pago No: 5', '/Payment-out/19', 'Payment-out', 'Print'),
	(282, 1, 1, '2017-03-01 16:28:45', 'Se ha impreso el pdf para el pago No: 5', '/Payment-out/19', 'Payment-out', 'Print'),
	(283, 1, 1, '2017-03-01 16:28:58', 'Se ha impreso el pdf para el pago No: 5', '/Payment-out/19', 'Payment-out', 'Print'),
	(284, 1, 1, '2017-03-01 16:29:25', 'Se ha impreso el pdf para el pago No: 5', '/Payment-out/19', 'Payment-out', 'Print'),
	(285, 1, 1, '2017-03-01 16:30:48', 'Se ha impreso el pdf para el pago No: 5', '/Payment-out/19', 'Payment-out', 'Print'),
	(286, 1, 1, '2017-03-01 16:31:03', 'Se ha impreso el pdf para el pago No: 5', '/Payment-out/19', 'Payment-out', 'Print'),
	(287, 1, 1, '2017-03-01 16:31:28', 'Se ha impreso el pdf para el pago No: 5', '/Payment-out/19', 'Payment-out', 'Print'),
	(288, 1, 1, '2017-03-01 16:31:43', 'Se ha impreso el pdf para el pago No: 5', '/Payment-out/19', 'Payment-out', 'Print'),
	(289, 1, 1, '2017-03-01 16:32:25', 'Se ha impreso el pdf para el pago No: 5', '/Payment-out/19', 'Payment-out', 'Print'),
	(290, 1, 1, '2017-03-01 16:33:09', 'Se ha impreso el pdf para el pago No: 5', '/Payment-out/19', 'Payment-out', 'Print'),
	(291, 1, 1, '2017-03-01 16:33:29', 'Se ha impreso el pdf para el pago No: 5', '/Payment-out/19', 'Payment-out', 'Print'),
	(292, 1, 1, '2017-03-01 16:34:28', 'Se ha impreso el pdf para el pago No: 5', '/Payment-out/19', 'Payment-out', 'Print'),
	(293, 1, 1, '2017-03-01 16:34:37', 'Se ha impreso el pdf para el pago No: 5', '/Payment-out/19', 'Payment-out', 'Print'),
	(294, 1, 1, '2017-03-01 16:34:52', 'Se ha impreso el pdf para el pago No: 5', '/Payment-out/19', 'Payment-out', 'Print'),
	(295, 1, 1, '2017-03-01 16:41:08', 'Se ha impreso el pdf para el pago No: 5', '/Payment-out/19', 'Payment-out', 'Print'),
	(296, 1, 1, '2017-03-01 16:41:28', 'Se ha impreso el pdf para el pago No: 5', '/Payment-out/19', 'Payment-out', 'Print'),
	(297, 1, 1, '2017-03-01 17:43:17', 'Se ha impreso el pdf para el pago No: 5', '/Payment-out/19', 'Payment-out', 'Print'),
	(298, 1, 1, '2017-03-01 17:43:48', 'Se ha impreso el pdf para el pago No: 5', '/Payment-out/19', 'Payment-out', 'Print'),
	(299, 1, 1, '2017-03-01 17:44:05', 'Se ha impreso el pdf para el pago No: 5', '/Payment-out/19', 'Payment-out', 'Print'),
	(300, 1, 1, '2017-03-01 17:45:15', 'Se ha impreso el pdf para el pago No: 5', '/Payment-out/19', 'Payment-out', 'Print'),
	(301, 1, 1, '2017-03-01 17:48:57', 'Se ha impreso el pdf para el pago No: 5', '/Payment-out/19', 'Payment-out', 'Print'),
	(302, 1, 1, '2017-03-01 17:49:10', 'Se ha impreso el pdf para el pago No: 5', '/Payment-out/19', 'Payment-out', 'Print'),
	(303, 1, 1, '2017-03-01 17:49:20', 'Se ha impreso el pdf para el pago No: 5', '/Payment-out/19', 'Payment-out', 'Print'),
	(304, 1, 1, '2017-03-01 17:49:40', 'Se ha impreso el pdf para el pago No: 5', '/Payment-out/19', 'Payment-out', 'Print'),
	(305, 1, 1, '2017-03-01 17:49:53', 'Se ha impreso el pdf para el pago No: 5', '/Payment-out/19', 'Payment-out', 'Print'),
	(306, 1, 1, '2017-03-01 17:50:03', 'Se ha impreso el pdf para el pago No: 5', '/Payment-out/19', 'Payment-out', 'Print'),
	(307, 1, 1, '2017-03-01 17:50:27', 'Se ha impreso el pdf para el pago No: 5', '/Payment-out/19', 'Payment-out', 'Print'),
	(308, 1, 1, '2017-03-01 17:51:06', 'Se ha impreso el pdf para el pago No: 5', '/Payment-out/19', 'Payment-out', 'Print'),
	(309, 1, 1, '2017-03-01 17:51:21', 'Se ha impreso el pdf para el pago No: 5', '/Payment-out/19', 'Payment-out', 'Print'),
	(310, 1, 1, '2017-03-01 17:51:30', 'Se ha impreso el pdf para el pago No: 5', '/Payment-out/19', 'Payment-out', 'Print'),
	(311, 1, 1, '2017-03-01 17:51:41', 'Se ha impreso el pdf para el pago No: 5', '/Payment-out/19', 'Payment-out', 'Print'),
	(312, 1, 1, '2017-03-01 17:51:56', 'Se ha impreso el pdf para el pago No: 5', '/Payment-out/19', 'Payment-out', 'Print'),
	(313, 1, 1, '2017-03-01 17:52:12', 'Se ha impreso el pdf para el pago No: 5', '/Payment-out/19', 'Payment-out', 'Print'),
	(314, 1, 1, '2017-03-01 17:52:20', 'Se ha impreso el pdf para el pago No: 5', '/Payment-out/19', 'Payment-out', 'Print'),
	(315, 1, 1, '2017-03-01 17:52:31', 'Se ha impreso el pdf para el pago No: 5', '/Payment-out/19', 'Payment-out', 'Print'),
	(316, 1, 1, '2017-03-01 17:52:45', 'Se ha impreso el pdf para el pago No: 5', '/Payment-out/19', 'Payment-out', 'Print'),
	(317, 1, 1, '2017-03-01 17:52:57', 'Se ha impreso el pdf para el pago No: 5', '/Payment-out/19', 'Payment-out', 'Print'),
	(318, 1, 1, '2017-03-01 17:53:14', 'Se ha impreso el pdf para el pago No: 5', '/Payment-out/19', 'Payment-out', 'Print'),
	(319, 1, 1, '2017-03-01 17:53:29', 'Se ha impreso el pdf para el pago No: 5', '/Payment-out/19', 'Payment-out', 'Print'),
	(320, 1, 1, '2017-03-01 17:53:42', 'Se ha impreso el pdf para el pago No: 5', '/Payment-out/19', 'Payment-out', 'Print'),
	(321, 1, 1, '2017-03-01 17:56:36', 'Se ha impreso el pdf para el pago No: 5', '/Payment-out/19', 'Payment-out', 'Print'),
	(322, 1, 1, '2017-03-01 17:56:45', 'Se ha impreso el pdf para el pago No: 5', '/Payment-out/19', 'Payment-out', 'Print'),
	(323, 1, 1, '2017-03-01 17:57:19', 'Se ha impreso el pdf para el pago No: 5', '/Payment-out/19', 'Payment-out', 'Print'),
	(324, 1, 1, '2017-03-01 17:57:35', 'Se ha impreso el pdf para el pago No: 5', '/Payment-out/19', 'Payment-out', 'Print'),
	(325, 1, 1, '2017-03-01 17:58:01', 'Se ha impreso el pdf para el pago No: 5', '/Payment-out/19', 'Payment-out', 'Print'),
	(326, 1, 1, '2017-03-01 17:58:55', 'Se ha impreso el pdf para el pago No: 5', '/Payment-out/19', 'Payment-out', 'Print'),
	(327, 1, 1, '2017-03-01 17:59:08', 'Se ha impreso el pdf para el pago No: 5', '/Payment-out/19', 'Payment-out', 'Print'),
	(328, 1, 1, '2017-03-01 17:59:20', 'Se ha impreso el pdf para el pago No: 5', '/Payment-out/19', 'Payment-out', 'Print'),
	(329, 1, 1, '2017-03-01 17:59:34', 'Se ha impreso el pdf para el pago No: 5', '/Payment-out/19', 'Payment-out', 'Print'),
	(330, 1, 1, '2017-03-01 18:04:04', 'Se ha impreso el pdf para el pago No: 5', '/Payment-out/19', 'Payment-out', 'Print'),
	(331, 1, 1, '2017-03-01 18:04:25', 'Se ha impreso el pdf para el pago No: 5', '/Payment-out/19', 'Payment-out', 'Print'),
	(332, 1, 1, '2017-03-01 18:04:48', 'Se ha impreso el pdf para el pago No: 5', '/Payment-out/19', 'Payment-out', 'Print'),
	(333, 1, 1, '2017-03-01 18:05:42', 'Se ha impreso el pdf para el pago No: 5', '/Payment-out/19', 'Payment-out', 'Print'),
	(334, 1, 1, '2017-03-01 18:05:52', 'Se ha impreso el pdf para el pago No: 5', '/Payment-out/19', 'Payment-out', 'Print'),
	(335, 1, 1, '2017-03-01 18:06:17', 'Se ha impreso el pdf para el pago No: 5', '/Payment-out/19', 'Payment-out', 'Print'),
	(336, 1, 1, '2017-03-01 18:06:31', 'Se ha impreso el pdf para el pago No: 5', '/Payment-out/19', 'Payment-out', 'Print'),
	(337, 1, 1, '2017-03-01 18:06:41', 'Se ha impreso el pdf para el pago No: 5', '/Payment-out/19', 'Payment-out', 'Print'),
	(338, 1, 1, '2017-03-01 18:06:51', 'Se ha impreso el pdf para el pago No: 5', '/Payment-out/19', 'Payment-out', 'Print'),
	(339, 1, 1, '2017-03-01 18:07:09', 'Se ha impreso el pdf para el pago No: 5', '/Payment-out/19', 'Payment-out', 'Print'),
	(340, 1, 1, '2017-03-01 18:07:23', 'Se ha impreso el pdf para el pago No: 5', '/Payment-out/19', 'Payment-out', 'Print'),
	(341, 1, 1, '2017-03-01 18:08:21', 'Se ha impreso el pdf para el pago No: 5', '/Payment-out/19', 'Payment-out', 'Print'),
	(342, 1, 1, '2017-03-01 18:09:20', 'Se ha impreso el pdf para el pago No: 5', '/Payment-out/19', 'Payment-out', 'Print'),
	(343, 1, 1, '2017-03-01 18:09:31', 'Se ha impreso el pdf para el pago No: 5', '/Payment-out/19', 'Payment-out', 'Print'),
	(344, 1, 1, '2017-03-01 18:09:38', 'Se ha impreso el pdf para el pago No: 5', '/Payment-out/19', 'Payment-out', 'Print'),
	(345, 1, 1, '2017-03-01 18:10:22', 'Se ha impreso el pdf para el pago No: 5', '/Payment-out/19', 'Payment-out', 'Print'),
	(346, 1, 1, '2017-03-01 18:10:30', 'Se ha impreso el pdf para el pago No: 5', '/Payment-out/19', 'Payment-out', 'Print'),
	(347, 1, 1, '2017-03-01 18:10:43', 'Se ha impreso el pdf para el pago No: 5', '/Payment-out/19', 'Payment-out', 'Print'),
	(348, 1, 1, '2017-03-01 18:10:51', 'Se ha impreso el pdf para el pago No: 5', '/Payment-out/19', 'Payment-out', 'Print'),
	(349, 1, 1, '2017-03-01 18:12:05', 'Se ha impreso el pdf para el pago No: 5', '/Payment-out/19', 'Payment-out', 'Print'),
	(350, 1, 1, '2017-03-01 18:12:35', 'Se ha impreso el pdf para el pago No: 5', '/Payment-out/19', 'Payment-out', 'Print'),
	(351, 1, 1, '2017-03-01 18:12:59', 'Se ha impreso el pdf para el pago No: 5', '/Payment-out/19', 'Payment-out', 'Print'),
	(352, 1, 1, '2017-03-01 18:13:37', 'Se ha impreso el pdf para el pago No: 5', '/Payment-out/19', 'Payment-out', 'Print'),
	(353, 1, 1, '2017-03-01 18:16:13', 'Se ha impreso el pdf para el pago No: 5', '/Payment-out/19', 'Payment-out', 'Print'),
	(354, 1, 1, '2017-03-01 18:16:37', 'Se ha impreso el pdf para el pago No: 5', '/Payment-out/19', 'Payment-out', 'Print'),
	(355, 1, 1, '2017-03-01 18:16:46', 'Se ha impreso el pdf para el pago No: 5', '/Payment-out/19', 'Payment-out', 'Print'),
	(356, 1, 1, '2017-03-01 18:17:03', 'Se ha impreso el pdf para el pago No: 5', '/Payment-out/19', 'Payment-out', 'Print'),
	(357, 1, 1, '2017-03-01 18:17:17', 'Se ha impreso el pdf para el pago No: 5', '/Payment-out/19', 'Payment-out', 'Print'),
	(358, 1, 1, '2017-03-01 18:18:58', 'Se ha impreso el pdf para el pago No: 5', '/Payment-out/19', 'Payment-out', 'Print'),
	(359, 1, 1, '2017-03-01 18:19:14', 'Se ha impreso el pdf para el pago No: 5', '/Payment-out/19', 'Payment-out', 'Print'),
	(360, 1, 1, '2017-03-01 18:19:21', 'Se ha impreso el pdf para el pago No: 5', '/Payment-out/19', 'Payment-out', 'Print'),
	(361, 1, 1, '2017-03-01 18:20:14', 'Se ha impreso el pdf para el pago No: 5', '/Payment-out/19', 'Payment-out', 'Print'),
	(362, 1, 1, '2017-03-01 18:22:01', 'Se ha impreso el pdf para el pago No: 5', '/Payment-out/19', 'Payment-out', 'Print'),
	(363, 1, 1, '2017-03-01 18:26:44', 'Se ha impreso el pdf para el pago No: 5', '/Payment-out/19', 'Payment-out', 'Print'),
	(364, 1, 1, '2017-03-01 18:30:47', 'Se ha impreso el pdf para el pago No: 5', '/Payment-out/19', 'Payment-out', 'Print'),
	(365, 1, 1, '2017-03-01 18:34:04', 'Se ha impreso el pdf para el pago No: 5', '/Payment-out/19', 'Payment-out', 'Print'),
	(366, 1, 1, '2017-03-01 18:34:56', 'Se ha impreso el pdf para el pago No: 5', '/Payment-out/19', 'Payment-out', 'Print'),
	(367, 1, 1, '2017-03-01 18:35:46', 'Se ha impreso el pdf para el pago No: 5', '/Payment-out/19', 'Payment-out', 'Print'),
	(368, 1, 1, '2017-03-01 18:37:26', 'Se ha impreso el pdf para el pago No: 5', '/Payment-out/19', 'Payment-out', 'Print'),
	(369, 1, 1, '2017-03-01 18:40:29', 'Se ha impreso el pdf para el pago No: 5', '/Payment-out/19', 'Payment-out', 'Print'),
	(370, 1, 1, '2017-03-01 18:43:23', 'Se ha impreso el pdf para el pago No: 5', '/Payment-out/19', 'Payment-out', 'Print'),
	(371, 1, 1, '2017-03-01 18:45:47', 'Se ha impreso el pdf para el pago No: 5', '/Payment-out/19', 'Payment-out', 'Print'),
	(372, 1, 1, '2017-03-01 18:46:02', 'Se ha impreso el pdf para el pago No: 5', '/Payment-out/19', 'Payment-out', 'Print'),
	(373, 1, 1, '2017-03-01 18:46:17', 'Se ha impreso el pdf para el pago No: 5', '/Payment-out/19', 'Payment-out', 'Print'),
	(374, 1, 1, '2017-03-01 18:47:52', 'Se ha impreso el pdf para el pago No: 5', '/Payment-out/19', 'Payment-out', 'Print'),
	(375, 1, 1, '2017-03-01 18:48:09', 'Se ha impreso el pdf para el pago No: 5', '/Payment-out/19', 'Payment-out', 'Print'),
	(376, 1, 1, '2017-03-01 18:48:22', 'Se ha impreso el pdf para el pago No: 5', '/Payment-out/19', 'Payment-out', 'Print'),
	(377, 1, 1, '2017-03-01 18:48:40', 'Se ha impreso el pdf para el pago No: 5', '/Payment-out/19', 'Payment-out', 'Print'),
	(378, 1, 1, '2017-03-01 18:49:24', 'Se ha impreso el pdf para el pago No: 5', '/Payment-out/19', 'Payment-out', 'Print'),
	(379, 1, 1, '2017-03-01 18:49:54', 'Se ha impreso el pdf para el pago No: 5', '/Payment-out/19', 'Payment-out', 'Print'),
	(380, 1, 1, '2017-03-01 18:55:35', 'Se actualiz칩 el estado del pago n칰mero: 5 para el cliente Proveedor 1', '/Payment-out/19', 'Payment-out', 'Update'),
	(381, 1, 1, '2017-03-01 18:56:25', 'Se ha impreso el pdf para el pago No: 1', '/Payment-out/17', 'Payment-out', 'Print'),
	(382, 1, 1, '2017-03-01 19:19:17', 'Se ha impreso el pdf para el pago No: 1', '/Payment-out/17', 'Payment-out', 'Print'),
	(383, 1, 1, '2017-03-01 19:20:41', 'Se ha impreso el pdf para el pago No: 1', '/Payment-out/17', 'Payment-out', 'Print'),
	(384, 1, 1, '2017-03-01 19:21:05', 'Se ha impreso el pdf para el pago No: 1', '/Payment-out/17', 'Payment-out', 'Print'),
	(385, 1, 1, '2017-03-01 19:53:42', 'Se ha impreso el pdf para el pago No: 1', '/Payment-out/17', 'Payment-out', 'Print'),
	(386, 1, 1, '2017-03-01 19:54:06', 'Se ha impreso el pdf para el pago No: 1', '/Payment-out/17', 'Payment-out', 'Print'),
	(387, 1, 1, '2017-03-01 19:55:12', 'Se ha impreso el pdf para el pago No: 1', '/Payment-out/17', 'Payment-out', 'Print'),
	(388, 1, 1, '2017-03-01 19:55:41', 'Se ha impreso el pdf para el pago No: 1', '/Payment-out/17', 'Payment-out', 'Print'),
	(389, 1, 1, '2017-03-01 19:55:51', 'Se ha impreso el pdf para el pago No: 1', '/Payment-out/17', 'Payment-out', 'Print'),
	(390, 1, 1, '2017-03-01 20:01:18', 'Se ha impreso el pdf para el pago No: 1', '/Payment-out/17', 'Payment-out', 'Print'),
	(391, 1, 1, '2017-03-01 20:01:28', 'Se ha impreso el pdf para el pago No: 1', '/Payment-out/17', 'Payment-out', 'Print'),
	(392, 1, 1, '2017-03-01 20:03:54', 'Se ha impreso el pdf para el pago No: 1', '/Payment-out/17', 'Payment-out', 'Print'),
	(393, 1, 1, '2017-03-01 21:13:35', 'Se ha impreso el pdf para el pago No: 1', '/Payment-out/17', 'Payment-out', 'Print'),
	(394, 1, 1, '2017-03-01 21:17:27', 'Se ha impreso el pdf para el pago No: 5', '/Payment-out/19', 'Payment-out', 'Print'),
	(395, 1, 1, '2017-03-01 21:18:01', 'Se ha impreso el pdf para el pago No: 5', '/Payment-out/19', 'Payment-out', 'Print'),
	(396, 1, 1, '2017-03-02 08:34:28', 'Se ha impreso el pdf para el pago No: 5', '/Payment-out/19', 'Payment-out', 'Print'),
	(397, 1, 1, '2017-03-02 08:40:58', 'Se ha impreso el pdf para el pago No: 1', '/Payment-out/17', 'Payment-out', 'Print'),
	(398, 1, 1, '2017-03-02 09:55:26', 'Se ha impreso el pdf para el pago No: 5', '/Payment-out/19', 'Payment-out', 'Print'),
	(399, 1, 1, '2017-03-02 09:55:35', 'Se ha impreso el pdf para el pago No: 5', '/Payment-out/19', 'Payment-out', 'Print'),
	(400, 1, 1, '2017-03-02 09:56:04', 'Se ha impreso el pdf para el pago No: 5', '/Payment-out/19', 'Payment-out', 'Print'),
	(401, 1, 1, '2017-03-02 09:57:28', 'Se ha impreso el pdf para el pago No: 5', '/Payment-out/19', 'Payment-out', 'Print'),
	(402, 1, 1, '2017-03-02 09:59:07', 'Se ha impreso el pdf para el pago No: 5', '/Payment-out/19', 'Payment-out', 'Print'),
	(403, 1, 1, '2017-03-02 10:03:36', 'Se ha impreso el pdf para el pago No: 5', '/Payment-out/19', 'Payment-out', 'Print'),
	(404, 1, 1, '2017-03-02 10:04:39', 'Se ha impreso el pdf para el pago No: 5', '/Payment-out/19', 'Payment-out', 'Print'),
	(405, 1, 1, '2017-03-02 10:04:52', 'Se ha impreso el pdf para el pago No: 1', '/Payment-out/17', 'Payment-out', 'Print'),
	(406, 1, 1, '2017-03-02 10:05:46', 'Se ha impreso el pdf para el pago No: 1', '/Payment-out/17', 'Payment-out', 'Print'),
	(407, 1, 1, '2017-03-02 10:05:59', 'Se ha impreso el pdf para el pago No: 1', '/Payment-out/17', 'Payment-out', 'Print'),
	(408, 1, 1, '2017-03-02 10:07:21', 'Se ha impreso el pdf para el pago No: 1', '/Payment-out/17', 'Payment-out', 'Print'),
	(409, 1, 1, '2017-03-02 10:08:23', 'Se ha impreso el pdf para el pago No: 1', '/Payment-out/17', 'Payment-out', 'Print'),
	(410, 1, 1, '2017-03-02 10:10:52', 'Se ha impreso el pdf para el pago No: 5', '/Payment-out/19', 'Payment-out', 'Print'),
	(411, 1, 1, '2017-03-02 10:11:27', 'Se ha impreso el pdf para el pago No: 5', '/Payment-out/19', 'Payment-out', 'Print'),
	(412, 1, 1, '2017-03-02 10:11:34', 'Se ha impreso el pdf para el pago No: 5', '/Payment-out/19', 'Payment-out', 'Print'),
	(413, 1, 1, '2017-03-02 10:11:40', 'Se ha impreso el pdf para el pago No: 4', '/Payment-out/18', 'Payment-out', 'Print'),
	(414, 1, 1, '2017-03-02 10:11:47', 'Se ha impreso el pdf para el pago No: 1', '/Payment-out/17', 'Payment-out', 'Print'),
	(415, 1, 1, '2017-03-02 10:11:55', 'Se ha impreso el pdf para el pago No: 16', '/Payment-out/16', 'Payment-out', 'Print'),
	(416, 1, 1, '2017-03-02 10:12:59', 'Se ha impreso el pdf para el pago No: 5', '/Payment-out/19', 'Payment-out', 'Print'),
	(417, 1, 1, '2017-03-02 10:13:05', 'Se ha impreso el pdf para el pago No: 4', '/Payment-out/18', 'Payment-out', 'Print'),
	(418, 1, 1, '2017-03-02 10:14:41', 'Se ha impreso el pdf para el pago No: 4', '/Payment-out/18', 'Payment-out', 'Print'),
	(419, 1, 1, '2017-03-02 10:15:19', 'Se actualiz칩 el estado del pago n칰mero: 4 para el cliente contact-provider', '/Payment-out/18', 'Payment-out', 'Update'),
	(420, 1, 1, '2017-03-02 10:15:22', 'Se ha impreso el pdf para el pago No: 4', '/Payment-out/18', 'Payment-out', 'Print'),
	(421, 1, 1, '2017-03-02 10:16:44', 'Se ha impreso el pdf para el pago No: 4', '/Payment-out/18', 'Payment-out', 'Print'),
	(422, 1, 1, '2017-03-02 10:19:02', 'Se ha impreso el pdf para el comprobante de egreso No: 4', '/Payment-out/18', 'Payment-out', 'Print'),
	(423, 1, 1, '2017-03-02 10:19:33', 'Se ha impreso el pdf para el comprobante de egreso No: 5', '/Payment-out/19', 'Payment-out', 'Print'),
	(424, 1, 1, '2017-03-02 10:19:34', 'Se ha impreso el pdf para el comprobante de egreso No: 5', '/Payment-out/19', 'Payment-out', 'Print'),
	(425, 1, 1, '2017-03-02 10:22:48', 'Se ha impreso el pdf para el comprobante de egreso No: 5', '/Payment-out/19', 'Payment-out', 'Print'),
	(426, 1, 1, '2017-03-02 15:21:40', 'Se ingres칩 el ingreso n칰mero: 17 para el cliente cliente 1', '/payment-in/20', 'Payment', 'Create'),
	(427, 1, 1, '2017-03-02 18:15:42', 'Se actualiz칩 el pago n칰mero: 17 para el cliente cliente 1', '/payment/20', 'Payment', 'Update'),
	(428, 1, 1, '2017-03-02 18:16:14', 'Se actualiz칩 el pago n칰mero: 17 para el cliente cliente 1', '/payment/20', 'Payment', 'Update'),
	(429, 1, 1, '2017-03-02 18:19:53', 'Se actualiz칩 el pago n칰mero: 17 para el cliente cliente 1', '/payment/20', 'Payment', 'Update'),
	(430, 1, 1, '2017-03-02 18:20:51', 'Se actualiz칩 el pago n칰mero: 17 para el cliente cliente 1', '/payment/20', 'Payment', 'Update'),
	(431, 1, 1, '2017-03-02 18:33:24', 'Se actualiz칩 el pago n칰mero: 17 para el cliente cliente 1', '/payment/20', 'Payment', 'Update'),
	(432, 1, 1, '2017-03-02 18:55:02', 'Se actualiz칩 el estado del pago n칰mero: 17 para el cliente cliente 1', '/Payment-in/20', 'Payment-in', 'Update'),
	(433, 1, 1, '2017-03-02 18:55:03', 'Se actualiz칩 el estado del pago n칰mero: 17 para el cliente cliente 1', '/Payment-in/20', 'Payment-in', 'Update'),
	(434, 1, 1, '2017-03-02 18:55:05', 'Se actualiz칩 el estado del pago n칰mero: 16 para el cliente distribuciones IDRD', '/Payment-in/16', 'Payment-in', 'Update'),
	(435, 1, 1, '2017-03-02 18:55:07', 'Se actualiz칩 el estado del pago n칰mero: 16 para el cliente distribuciones IDRD', '/Payment-in/16', 'Payment-in', 'Update'),
	(436, 1, 1, '2017-03-02 19:17:38', 'Se ha impreso el pdf para el comprobante de ingreso No: 10', '/Payment-in/11', 'Payment-out', 'Print'),
	(437, 1, 1, '2017-03-02 19:41:40', 'Se ha impreso el pdf para el comprobante de ingreso No: 17', '/Payment-in/20', 'Payment-out', 'Print'),
	(438, 1, 1, '2017-03-02 19:47:22', 'Se ha impreso el pdf para el comprobante de ingreso No: 16', '/Payment-in/16', 'Payment-out', 'Print'),
	(439, 1, 1, '2017-03-02 19:48:17', 'Se ha impreso el pdf para el comprobante de ingreso No: 12', '/Payment-in/12', 'Payment-out', 'Print'),
	(440, 1, 1, '2017-03-03 10:31:19', 'Se actualiz칩 el estado del pago n칰mero: 5 para el cliente Proveedor 1', '/test/19', 'Payment', 'Update'),
	(441, 1, 1, '2017-03-03 10:44:42', 'Se actualiz칩 el estado del pago n칰mero: 4 para el cliente contact-provider', '/Payment-out/18', 'Payment', 'Update'),
	(442, 1, 1, '2017-03-03 10:44:43', 'Se actualiz칩 el estado del pago n칰mero: 5 para el cliente Proveedor 1', '/Payment-out/19', 'Payment', 'Update'),
	(443, 1, 1, '2017-03-03 10:44:45', 'Se actualiz칩 el estado del pago n칰mero: 4 para el cliente contact-provider', '/Payment-out/18', 'Payment', 'Update'),
	(444, 1, 1, '2017-03-03 10:51:09', 'Se actualiz칩 el estado del pago n칰mero: 5 para el cliente Proveedor 1', '/Payment-out/19', 'Payment', 'Update'),
	(445, 1, 1, '2017-03-03 10:51:42', 'Se actualiz칩 el estado del pago n칰mero: 5 para el cliente Proveedor 1', '/Payment-out/19', 'Payment', 'Update'),
	(446, 1, 1, '2017-03-03 11:14:13', 'Se actualiz칩 el estado del pago n칰mero: 5 para el cliente Proveedor 1', '/Payment-out/19', 'Payment', 'Update'),
	(447, 1, 1, '2017-03-03 11:27:06', 'Se actualiz칩 el estado del pago n칰mero: 5 para el cliente Proveedor 1', '/Payment-out/19', 'Payment', 'Update'),
	(448, 1, 1, '2017-03-03 11:32:04', 'Se actualiz칩 el estado del pago n칰mero: 16 para el cliente distribuciones IDRD', '/Payment-in/16', 'Payment', 'Update'),
	(449, 1, 1, '2017-03-03 11:32:05', 'Se actualiz칩 el estado del pago n칰mero: 16 para el cliente distribuciones IDRD', '/Payment-in/16', 'Payment', 'Update'),
	(450, 1, 1, '2017-03-03 14:03:23', 'Se cre칩 el comprobante de pago n칰mero: 12 para el proveedor Proveedor 1', '/Payment-out/21', 'payment-out', 'Create'),
	(451, 1, 1, '2017-03-03 14:05:36', 'Se actualiz칩 el comprobante de pago n칰mero: 12 para el cliente Proveedor 1', '/Payment-out/21', 'payment-out', 'Update'),
	(452, 1, 1, '2017-03-03 14:07:19', 'Se cre칩 el comprobante de pago n칰mero: 13 para el proveedor Proveedor 1', '/Payment-out/22', 'payment-out', 'Create'),
	(453, 1, 1, '2017-03-03 14:16:56', 'Se cre칩 el comprobante de pago n칰mero: 14 para el proveedor Proveedor 1', '/Payment-out/22', 'payment-out', 'Create'),
	(454, 1, 1, '2017-03-03 14:20:59', 'Se cre칩 el comprobante de pago n칰mero: 14 para el proveedor Fernando Ardila', '/Payment-out/22', 'payment-out', 'Create'),
	(455, 1, 1, '2017-03-03 15:03:46', 'Se ha creado el ingreso n칰mero: 18 para el cliente cliente 1', '/payment-in/23', 'Payment', 'Create'),
	(456, 1, 1, '2017-03-03 14:40:29', 'Se elimin칩 el pago n칰mero: 18', NULL, 'Payment', 'Delete'),
	(457, 1, 1, '2017-03-03 14:42:11', 'Se elimin칩 el pago n칰mero: 4', NULL, 'Payment', 'Delete'),
	(458, 1, 1, '2017-03-03 15:03:40', 'Se cre칩 el comprobante de pago n칰mero: 16 para el proveedor proveedor 5', '/payment-out/24', 'payment-out', 'Create'),
	(459, 1, 1, '2017-03-03 15:16:40', 'Se actualiz칩 el estado de la factura de venta n칰mero: 4 para el cliente cliente 2', '/invoice/4', 'InvoiceSaleOrder', 'Update'),
	(460, 1, 1, '2017-03-03 15:16:43', 'Se actualiz칩 el estado de la factura de venta n칰mero: 4 para el cliente cliente 2', '/invoice/4', 'InvoiceSaleOrder', 'Update'),
	(461, 1, 1, '2017-03-03 15:16:44', 'Se actualiz칩 el estado de la factura de venta n칰mero: 4 para el cliente cliente 2', '/invoice/4', 'InvoiceSaleOrder', 'Update'),
	(462, 1, 1, '2017-03-03 15:19:07', 'Se actualiz칩 el estado de la factura de venta n칰mero: 4 para el cliente cliente 2', '/invoice/4', 'InvoiceSaleOrder', 'Update'),
	(463, 1, 1, '2017-03-03 15:29:36', 'Se actualiz칩 el estado de la factura de venta n칰mero: 15 para el cliente contact-provider', '/invoice/15', 'InvoiceSaleOrder', 'Update'),
	(464, 1, 1, '2017-03-03 15:29:48', 'Se actualiz칩 el estado de la factura de venta n칰mero: 15 para el cliente contact-provider', '/invoice/15', 'InvoiceSaleOrder', 'Update'),
	(465, 1, 1, '2017-03-03 15:30:24', 'Se actualiz칩 el estado de la factura de venta n칰mero: 15 para el cliente contact-provider', '/invoice/15', 'InvoiceSaleOrder', 'Update'),
	(466, 1, 1, '2017-03-03 15:31:04', 'Se actualiz칩 el estado de la factura de venta n칰mero: 15 para el cliente contact-provider', '/invoice/15', 'InvoiceSaleOrder', 'Update'),
	(467, 1, 1, '2017-03-03 15:32:44', 'Se actualiz칩 el estado de la factura de venta n칰mero: 15 para el cliente contact-provider', '/invoice/15', 'InvoiceSaleOrder', 'Update'),
	(468, 1, 1, '2017-03-03 15:32:47', 'Se actualiz칩 el estado de la factura de venta n칰mero: 15 para el cliente contact-provider', '/invoice/15', 'InvoiceSaleOrder', 'Update'),
	(469, 1, 1, '2017-03-03 16:07:25', 'Se actualiz칩 el estado de la factura de venta n칰mero: 15 para el cliente contact-provider', '/invoice/15', 'InvoiceSaleOrder', 'Update'),
	(470, 1, 1, '2017-03-03 16:07:28', 'Se actualiz칩 el estado de la factura de venta n칰mero: 15 para el cliente contact-provider', '/invoice/15', 'InvoiceSaleOrder', 'Update'),
	(471, 1, 1, '2017-03-03 16:07:58', 'Se actualiz칩 el estado de la factura de venta n칰mero: 15 para el cliente contact-provider', '/invoice/15', 'InvoiceSaleOrder', 'Update'),
	(472, 1, 1, '2017-03-03 16:09:02', 'Se actualiz칩 el estado de la factura de venta n칰mero: 15 para el cliente contact-provider', '/invoice/15', 'InvoiceSaleOrder', 'Update'),
	(473, 1, 1, '2017-03-03 16:09:06', 'Se actualiz칩 el estado de la factura de venta n칰mero: 15 para el cliente contact-provider', '/invoice/15', 'InvoiceSaleOrder', 'Update'),
	(474, 1, 1, '2017-03-03 16:09:14', 'Se actualiz칩 el estado de la factura de venta n칰mero: 15 para el cliente contact-provider', '/invoice/15', 'InvoiceSaleOrder', 'Update'),
	(475, 1, 1, '2017-03-03 16:09:16', 'Se actualiz칩 el estado de la factura de venta n칰mero: 15 para el cliente contact-provider', '/invoice/15', 'InvoiceSaleOrder', 'Update'),
	(476, 1, 1, '2017-03-03 16:10:15', 'Se actualiz칩 el estado de la factura de venta n칰mero: 15 para el cliente contact-provider', '/invoice/15', 'InvoiceSaleOrder', 'Update'),
	(477, 1, 1, '2017-03-03 16:10:18', 'Se actualiz칩 el estado de la factura de venta n칰mero: 15 para el cliente contact-provider', '/invoice/15', 'InvoiceSaleOrder', 'Update'),
	(478, 1, 1, '2017-03-03 16:10:22', 'Se actualiz칩 el estado de la factura de venta n칰mero: 15 para el cliente contact-provider', '/invoice/15', 'InvoiceSaleOrder', 'Update'),
	(479, 1, 1, '2017-03-03 16:10:25', 'Se actualiz칩 el estado de la factura de venta n칰mero: 15 para el cliente contact-provider', '/invoice/15', 'InvoiceSaleOrder', 'Update'),
	(480, 1, 1, '2017-03-03 16:11:35', 'Se actualiz칩 el estado de la factura de venta n칰mero: 15 para el cliente contact-provider', '/invoice/15', 'InvoiceSaleOrder', 'Update'),
	(481, 1, 1, '2017-03-03 16:11:38', 'Se actualiz칩 el estado de la factura de venta n칰mero: 15 para el cliente contact-provider', '/invoice/15', 'InvoiceSaleOrder', 'Update'),
	(482, 1, 1, '2017-03-03 17:48:26', 'Se ha creado el ingreso n칰mero: 19 para el cliente contact-provider', '/payment-in/25', 'Payment', 'Create'),
	(483, 1, 1, '2017-03-03 17:49:32', 'Se actualiz칩 el pago n칰mero: 19 para el cliente contact-provider', '/payment/25', 'Payment', 'Update'),
	(484, 1, 1, '2017-03-03 17:50:14', 'Se actualiz칩 el pago n칰mero: 19 para el cliente contact-provider', '/payment/25', 'Payment', 'Update'),
	(485, 1, 1, '2017-03-03 18:12:13', 'Se actualiz칩 el estado de la factura de venta n칰mero: 15 para el cliente contact-provider', '/invoice/15', 'InvoiceSaleOrder', 'Update'),
	(486, 1, 1, '2017-03-03 18:12:15', 'Se actualiz칩 el estado de la factura de venta n칰mero: 15 para el cliente contact-provider', '/invoice/15', 'InvoiceSaleOrder', 'Update'),
	(487, 1, 1, '2017-03-03 18:12:43', 'Se ha creado el ingreso n칰mero: 20 para el cliente contact-provider', '/payment-in/25', 'Payment', 'Create'),
	(488, 1, 1, '2017-03-03 18:14:49', 'Se ha creado el ingreso n칰mero: 21 para el cliente cliente 1', '/payment-in/26', 'Payment', 'Create'),
	(489, 1, 1, '2017-03-03 18:31:04', 'Se cre칩 el comprobante de pago n칰mero: 17 para el proveedor proveedor 5', '/payment-out/27', 'payment-out', 'Create'),
	(490, 1, 1, '2017-03-03 18:31:33', 'Se ha impreso el pdf para el comprobante de egreso No: 17', '/payment-out/27', 'payment-out', 'Print'),
	(491, 1, 1, '2017-03-03 18:57:11', 'Se actualiz칩 el comprobante de pago n칰mero: 1 para el cliente contact-provider', '/payment-out/17', 'payment-out', 'Update'),
	(492, 1, 1, '2017-03-03 19:00:58', 'Se actualiz칩 el comprobante de pago n칰mero: 1 para el cliente contact-provider', '/payment-out/17', 'payment-out', 'Update'),
	(493, 1, 1, '2017-03-03 19:33:48', 'Se actualiz칩 el estado de la factura de venta n칰mero: 15 para el cliente contact-provider', '/invoice/15', 'InvoiceSaleOrder', 'Update'),
	(494, 1, 1, '2017-03-03 19:34:17', 'Se actualiz칩 el estado de la factura de venta n칰mero: 11 para el cliente cliente 1', '/invoice/11', 'InvoiceSaleOrder', 'Update'),
	(495, 1, 1, '2017-03-03 19:34:39', 'Se actualiz칩 el estado de la factura de venta n칰mero: 6 para el cliente cliente 2', '/invoice/6', 'InvoiceSaleOrder', 'Update'),
	(496, 1, 1, '2017-03-03 19:34:43', 'Se actualiz칩 el estado de la factura de venta n칰mero: 6 para el cliente cliente 2', '/invoice/6', 'InvoiceSaleOrder', 'Update'),
	(497, 1, 1, '2017-03-03 19:34:45', 'Se actualiz칩 el estado de la factura de venta n칰mero: 5 para el cliente as', '/invoice/5', 'InvoiceSaleOrder', 'Update'),
	(498, 1, 1, '2017-03-03 19:34:46', 'Se actualiz칩 el estado de la factura de venta n칰mero: 5 para el cliente as', '/invoice/5', 'InvoiceSaleOrder', 'Update'),
	(499, 1, 1, '2017-03-03 19:34:50', 'Se actualiz칩 el estado de la factura de venta n칰mero: 5 para el cliente as', '/invoice/5', 'InvoiceSaleOrder', 'Update'),
	(500, 1, 1, '2017-03-03 19:38:34', 'Se ha creado el ingreso n칰mero: 22 para el cliente cliente 2', '/payment-in/28', 'Payment', 'Create'),
	(501, 1, 1, '2017-03-03 19:46:43', 'Se ha creado el ingreso n칰mero: 23 para el cliente contact-provider', '/payment-in/28', 'Payment', 'Create'),
	(502, 1, 1, '2017-03-03 19:56:59', 'Se ha creado el ingreso n칰mero: 24 para el cliente cliente 1', '/payment-in/28', 'Payment', 'Create'),
	(503, 1, 1, '2017-03-05 10:28:15', 'Fernando ha iniciado sesion', '/profile/1/edit', 'User', 'LogIn'),
	(504, 1, 1, '2017-03-05 11:15:51', 'Se cre칩 la factura de venta n칰mero: 16 para el cliente cliente 1', '/invoice/16', 'InvoiceSaleOrder', 'Create'),
	(505, 1, 1, '2017-03-05 17:44:26', 'Se ha impreso el pdf de la Nota Cr칠dito No: 1', '/credit-note/1', 'CreditNote', 'Print'),
	(506, 1, 1, '2017-03-05 18:20:48', 'Se actualiz칩 el estado de la factura de venta n칰mero: 5 para el cliente as', '/invoice/5', 'InvoiceSaleOrder', 'Update'),
	(507, 1, 1, '2017-03-05 18:20:49', 'Se actualiz칩 el estado de la factura de venta n칰mero: 5 para el cliente as', '/invoice/5', 'InvoiceSaleOrder', 'Update'),
	(508, 1, 1, '2017-03-06 08:14:50', 'Se actualiz칩 la factura de venta n칰mero: 1 para el cliente cliente 1', '/invoice/16', 'InvoiceSaleOrder', 'Update'),
	(509, 1, 1, '2017-03-06 08:33:05', 'Se actualiz칩 la factura de venta n칰mero: 1 para el cliente contact-provider', '/invoice/15', 'InvoiceSaleOrder', 'Update'),
	(510, 1, 1, '2017-03-06 08:35:40', 'Se actualiz칩 la factura de venta n칰mero: 1 para el cliente cliente 1', '/invoice/16', 'InvoiceSaleOrder', 'Update'),
	(511, 1, 1, '2017-03-06 08:36:12', 'Se actualiz칩 la factura de venta n칰mero: 1 para el cliente cliente 1', '/invoice/16', 'InvoiceSaleOrder', 'Update'),
	(512, 1, 1, '2017-03-06 08:53:57', 'Se actualiz칩 la factura de venta n칰mero: 17 para el cliente cliente 1', '/invoice/16', 'InvoiceSaleOrder', 'Update'),
	(513, 1, 1, '2017-03-06 09:46:34', 'Se elimin칩 la factura de venta n칰mero: 16', NULL, 'InvoiceSaleOrder', 'Delete'),
	(514, 1, 1, '2017-03-06 09:46:39', 'Se elimin칩 la factura de venta n칰mero: 15', NULL, 'InvoiceSaleOrder', 'Delete'),
	(515, 1, 1, '2017-03-06 09:46:42', 'Se elimin칩 la factura de venta n칰mero: 14', NULL, 'InvoiceSaleOrder', 'Delete'),
	(516, 1, 1, '2017-03-06 09:46:46', 'Se elimin칩 la factura de venta n칰mero: 12', NULL, 'InvoiceSaleOrder', 'Delete'),
	(517, 1, 1, '2017-03-06 09:46:50', 'Se elimin칩 la factura de venta n칰mero: 11', NULL, 'InvoiceSaleOrder', 'Delete'),
	(518, 1, 1, '2017-03-06 09:46:54', 'Se elimin칩 la factura de venta n칰mero: 10', NULL, 'InvoiceSaleOrder', 'Delete'),
	(519, 1, 1, '2017-03-06 09:46:58', 'Se elimin칩 la factura de venta n칰mero: 9', NULL, 'InvoiceSaleOrder', 'Delete'),
	(520, 1, 1, '2017-03-06 09:47:05', 'Se elimin칩 la factura de venta n칰mero: 4', NULL, 'InvoiceSaleOrder', 'Delete'),
	(521, 1, 1, '2017-03-06 09:47:09', 'Se elimin칩 la factura de venta n칰mero: 6', NULL, 'InvoiceSaleOrder', 'Delete'),
	(522, 1, 1, '2017-03-06 09:47:13', 'Se elimin칩 la factura de venta n칰mero: 7', NULL, 'InvoiceSaleOrder', 'Delete'),
	(523, 1, 1, '2017-03-06 09:47:17', 'Se actualiz칩 el estado de la factura de venta n칰mero: 5 para el cliente as', '/invoice/5', 'InvoiceSaleOrder', 'Update'),
	(524, 1, 1, '2017-03-06 09:47:20', 'Se elimin칩 la factura de venta n칰mero: 5', NULL, 'InvoiceSaleOrder', 'Delete'),
	(525, 1, 1, '2017-03-06 09:47:38', 'Se elimin칩 el pago n칰mero: 10', NULL, 'Payment', 'Delete'),
	(526, 1, 1, '2017-03-06 09:47:42', 'Se elimin칩 el pago n칰mero: 12', NULL, 'Payment', 'Delete'),
	(527, 1, 1, '2017-03-06 09:47:45', 'Se elimin칩 el pago n칰mero: 13', NULL, 'Payment', 'Delete'),
	(528, 1, 1, '2017-03-06 09:47:49', 'Se elimin칩 el pago n칰mero: 17', NULL, 'Payment', 'Delete'),
	(529, 1, 1, '2017-03-06 09:47:53', 'Se elimin칩 el pago n칰mero: 24', NULL, 'Payment', 'Delete'),
	(530, 1, 1, '2017-03-06 09:47:56', 'Se elimin칩 el pago n칰mero: 21', NULL, 'Payment', 'Delete'),
	(531, 1, 1, '2017-03-06 09:47:59', 'Se elimin칩 el pago n칰mero: 15', NULL, 'Payment', 'Delete'),
	(532, 1, 1, '2017-03-06 09:48:21', 'Se actualiz칩 el estado de la remisi칩n n칰mero: 3 para el cliente Fernando Ardila', '/remision/3', 'Remision', 'Update'),
	(533, 1, 1, '2017-03-06 09:48:24', 'Se elimin칩 la remisi칩n n칰mero: 3', NULL, 'Remision', 'Delete'),
	(534, 1, 1, '2017-03-06 09:48:28', 'Se elimin칩 la remisi칩n n칰mero: 1', NULL, 'Remision', 'Delete'),
	(535, 1, 1, '2017-03-06 09:48:37', 'Se elimin칩 la cotizaci칩n n칰mero: 23', NULL, 'Estimate', 'Delete'),
	(536, 1, 1, '2017-03-06 09:48:41', 'Se elimin칩 la cotizaci칩n n칰mero: 24', NULL, 'Estimate', 'Delete'),
	(537, 1, 1, '2017-03-06 09:48:45', 'Se elimin칩 la cotizaci칩n n칰mero: 25', NULL, 'Estimate', 'Delete'),
	(538, 1, 1, '2017-03-06 09:48:49', 'Se elimin칩 la cotizaci칩n n칰mero: 22', NULL, 'Estimate', 'Delete'),
	(539, 1, 1, '2017-03-06 09:48:52', 'Se elimin칩 la cotizaci칩n n칰mero: 21', NULL, 'Estimate', 'Delete'),
	(540, 1, 1, '2017-03-06 09:48:57', 'Se elimin칩 la cotizaci칩n n칰mero: 20', NULL, 'Estimate', 'Delete'),
	(541, 1, 1, '2017-03-06 09:49:00', 'Se elimin칩 la cotizaci칩n n칰mero: 17', NULL, 'Estimate', 'Delete'),
	(542, 1, 1, '2017-03-06 09:49:04', 'Se elimin칩 la cotizaci칩n n칰mero: 14', NULL, 'Estimate', 'Delete'),
	(543, 1, 1, '2017-03-06 09:49:08', 'Se elimin칩 la cotizaci칩n n칰mero: 12', NULL, 'Estimate', 'Delete'),
	(544, 1, 1, '2017-03-06 09:49:13', 'Se elimin칩 la cotizaci칩n n칰mero: 9', NULL, 'Estimate', 'Delete'),
	(545, 1, 1, '2017-03-06 09:49:17', 'Se elimin칩 la cotizaci칩n n칰mero: 8', NULL, 'Estimate', 'Delete'),
	(546, 1, 1, '2017-03-06 09:49:21', 'Se elimin칩 la cotizaci칩n n칰mero: 26', NULL, 'Estimate', 'Delete'),
	(547, 1, 1, '2017-03-06 09:49:25', 'Se elimin칩 la cotizaci칩n n칰mero: 5', NULL, 'Estimate', 'Delete'),
	(548, 1, 1, '2017-03-06 09:49:29', 'Se elimin칩 la cotizaci칩n n칰mero: 3', NULL, 'Estimate', 'Delete'),
	(549, 1, 1, '2017-03-06 09:50:38', 'Se elimin칩 la cotizaci칩n n칰mero: 37', NULL, 'Estimate', 'Delete'),
	(550, 1, 1, '2017-03-06 09:50:42', 'Se elimin칩 la cotizaci칩n n칰mero: 36', NULL, 'Estimate', 'Delete'),
	(551, 1, 1, '2017-03-06 09:50:45', 'Se elimin칩 la cotizaci칩n n칰mero: 35', NULL, 'Estimate', 'Delete'),
	(552, 1, 1, '2017-03-06 09:50:49', 'Se elimin칩 la cotizaci칩n n칰mero: 29', NULL, 'Estimate', 'Delete'),
	(553, 1, 1, '2017-03-06 09:50:53', 'Se elimin칩 la cotizaci칩n n칰mero: 28', NULL, 'Estimate', 'Delete'),
	(554, 1, 1, '2017-03-06 09:50:57', 'Se elimin칩 la cotizaci칩n n칰mero: 27', NULL, 'Estimate', 'Delete'),
	(555, 1, 1, '2017-03-06 09:51:01', 'Se elimin칩 la cotizaci칩n n칰mero: 7', NULL, 'Estimate', 'Delete'),
	(556, 1, 1, '2017-03-06 09:51:04', 'Se elimin칩 la cotizaci칩n n칰mero: 6', NULL, 'Estimate', 'Delete'),
	(557, 1, 1, '2017-03-06 09:51:08', 'Se elimin칩 la cotizaci칩n n칰mero: 4', NULL, 'Estimate', 'Delete'),
	(558, 1, 1, '2017-03-06 09:51:11', 'Se elimin칩 la cotizaci칩n n칰mero: 2', NULL, 'Estimate', 'Delete'),
	(559, 1, 1, '2017-03-06 09:51:15', 'Se elimin칩 la cotizaci칩n n칰mero: 1', NULL, 'Estimate', 'Delete'),
	(560, 1, 1, '2017-03-06 09:52:08', 'Se elimin칩 la factura de venta n칰mero: 4', NULL, 'Bill', 'Delete'),
	(561, 1, 1, '2017-03-06 09:52:11', 'Se elimin칩 la factura de venta n칰mero: 2', NULL, 'Bill', 'Delete'),
	(562, 1, 1, '2017-03-06 09:52:15', 'Se elimin칩 la factura de venta n칰mero: 3', NULL, 'Bill', 'Delete'),
	(563, 1, 1, '2017-03-06 10:13:16', 'Se elimin칩 la factura de venta n칰mero: 13', NULL, 'InvoiceSaleOrder', 'Delete'),
	(564, 1, 1, '2017-03-06 10:13:21', 'Se elimin칩 la factura de venta n칰mero: 3', NULL, 'InvoiceSaleOrder', 'Delete'),
	(565, 1, 1, '2017-03-06 10:13:25', 'Se elimin칩 la factura de venta n칰mero: 2', NULL, 'InvoiceSaleOrder', 'Delete'),
	(566, 1, 1, '2017-03-06 10:13:28', 'Se elimin칩 la factura de venta n칰mero: 1', NULL, 'InvoiceSaleOrder', 'Delete'),
	(567, 1, 1, '2017-03-06 13:29:45', 'Se cre칩 la remisi칩n n칰mero: 4 para el cliente contacto-cliente', '/remision/4', 'Remision', 'Create'),
	(568, 1, 1, '2017-03-06 13:30:39', 'Se ha impreso el pdf de la remision No: 4', '/remision/4', 'Remision', 'Print'),
	(569, 1, 1, '2017-03-06 13:43:34', 'Se ha impreso el pdf de la remision No: 4', '/remision/4', 'Remision', 'Print'),
	(570, 1, 1, '2017-03-06 13:44:44', 'Se ha impreso el pdf de la remision No: 4', '/remision/4', 'Remision', 'Print'),
	(571, 1, 1, '2017-03-06 13:44:52', 'Se ha impreso el pdf de la remision No: 4', '/remision/4', 'Remision', 'Print'),
	(572, 1, 1, '2017-03-06 13:45:19', 'Se actualiz칩 la remisi칩n n칰mero: 4 para el cliente contacto-cliente', '/remision/4', 'Remision', 'Update'),
	(573, 1, 1, '2017-03-06 13:47:25', 'Se actualiz칩 la remisi칩n n칰mero: 4 para el cliente contacto-cliente', '/remision/4', 'Remision', 'Update'),
	(574, 1, 1, '2017-03-06 13:49:07', 'Se actualiz칩 la remisi칩n n칰mero: 4 para el cliente contacto-cliente', '/remision/4', 'Remision', 'Update'),
	(575, 1, 1, '2017-03-06 13:49:32', 'Se actualiz칩 la remisi칩n n칰mero: 4 para el cliente contacto-cliente', '/remision/4', 'Remision', 'Update'),
	(576, 1, 1, '2017-03-06 14:12:09', 'Se ha impreso el pdf de la remision No: 4', '/remision/4', 'Remision', 'Print'),
	(577, 1, 1, '2017-03-06 14:14:12', 'Se ha impreso el pdf de la remision No: 4', '/remision/4', 'Remision', 'Print'),
	(578, 1, 1, '2017-03-06 14:14:38', 'Se ha impreso el pdf de la remision No: 4', '/remision/4', 'Remision', 'Print'),
	(579, 1, 1, '2017-03-06 14:15:21', 'Se ha impreso el pdf de la remision No: 4', '/remision/4', 'Remision', 'Print'),
	(580, 1, 1, '2017-03-06 14:29:26', 'Se actualiz칩 la remisi칩n n칰mero: 4 para el cliente contacto-cliente', '/remision/4', 'Remision', 'Update'),
	(581, 1, 1, '2017-03-06 14:43:13', 'Se actualiz칩 el estado de la remisi칩n n칰mero: 4 para el cliente contacto-cliente', '/remision/4', 'Remision', 'Update'),
	(582, 1, 1, '2017-03-06 14:43:17', 'Se actualiz칩 el estado de la remisi칩n n칰mero: 4 para el cliente contacto-cliente', '/remision/4', 'Remision', 'Update'),
	(583, 1, 1, '2017-03-06 14:53:15', 'Se actualiz칩 el estado de la remisi칩n n칰mero: 4 para el cliente contacto-cliente', '/remision/4', 'Remision', 'Update'),
	(584, 1, 1, '2017-03-06 14:53:18', 'Se actualiz칩 el estado de la remisi칩n n칰mero: 4 para el cliente contacto-cliente', '/remision/4', 'Remision', 'Update'),
	(585, 1, 1, '2017-03-08 17:14:19', 'Se cre칩 la Cotizaci칩n n칰mero: 38 para el cliente contacto-cliente', '/estimate/33', 'Estimate', 'Create'),
	(586, 1, 1, '2017-03-08 17:14:52', 'Se ha impreso el pdf de la cotizaci칩n No: 38', '/estimate/33', 'Estimate', 'Print'),
	(587, 1, 1, '2017-03-08 17:26:32', 'Se ha impreso el pdf de la cotizaci칩n No: 38', '/estimate/33', 'Estimate', 'Print'),
	(588, 1, 1, '2017-03-08 17:35:57', 'Se actualiz칩 la Cotizaci칩n n칰mero: 38 para el cliente contacto-cliente', '/estimate/33', 'Estimate', 'Update'),
	(589, 1, 1, '2017-03-08 17:36:05', 'Se ha impreso el pdf de la cotizaci칩n No: 38', '/estimate/33', 'Estimate', 'Print'),
	(590, 1, 1, '2017-03-08 17:37:13', 'Se ha impreso el pdf de la cotizaci칩n No: 38', '/estimate/33', 'Estimate', 'Print'),
	(591, 1, 1, '2017-03-08 17:37:58', 'Se ha impreso el pdf de la cotizaci칩n No: 38', '/estimate/33', 'Estimate', 'Print'),
	(592, 1, 1, '2017-03-10 09:31:20', 'Se elimin칩 el pago n칰mero: 16', NULL, 'Payment', 'Delete'),
	(593, 1, 1, '2017-03-10 09:31:25', 'Se elimin칩 el pago n칰mero: 14', NULL, 'Payment', 'Delete'),
	(594, 1, 1, '2017-03-10 09:31:28', 'Se elimin칩 el pago n칰mero: 5', NULL, 'Payment', 'Delete'),
	(595, 1, 1, '2017-03-10 12:53:46', 'Se cre칩 el comprobante de pago n칰mero: 19 para la cuenta: ', '/payment-out/29', 'payment-out', 'Create'),
	(596, 1, 1, '2017-03-10 13:14:48', 'Se realiz칩 una transferencia desde la cuenta, hacia la cuenta', NULL, 'payment-out', 'Create'),
	(597, 1, 1, '2017-03-10 13:24:53', 'Se realiz칩 una transferencia desde la cuenta, hacia la cuenta', NULL, 'BankAccount', 'Create'),
	(598, 1, 1, '2017-03-10 17:13:46', 'Se realiz칩 una transferencia desde la cuentaBanco 1, hacia la cuenta Tarjeta de cr칠dito 1', NULL, 'BankAccount', 'Create'),
	(599, 1, 1, '2017-03-10 22:19:01', 'Se realiz칩 una transferencia desde la cuentaTarjeta de cr칠dito 1, hacia la cuenta Banco 1', NULL, 'BankAccount', 'Create'),
	(600, 1, 1, '2017-03-13 12:38:25', 'Se actualiz칩 la factura de venta n칰mero: 18 para el cliente contacto-cliente', '/invoice/18', 'InvoiceSaleOrder', 'Update'),
	(601, 1, 1, '2017-03-13 12:53:20', 'Se actualiz칩 el estado de la factura de venta n칰mero: 17 para el cliente contacto-cliente', '/invoice/17', 'InvoiceSaleOrder', 'Update'),
	(602, 1, 1, '2017-03-13 12:53:36', 'Se ha impreso el pdf de la factura de venta No: 18', '/invoice/18', 'InvoiceSaleOrder', 'Print'),
	(603, 1, 1, '2017-03-13 12:54:11', 'Se ha impreso el pdf de la factura de venta No: 18', '/invoice/18', 'InvoiceSaleOrder', 'Print'),
	(604, 1, 1, '2017-03-13 12:54:21', 'Se ha impreso el pdf de la factura de venta No: 18', '/invoice/18', 'InvoiceSaleOrder', 'Print'),
	(605, 1, 1, '2017-03-13 12:54:31', 'Se ha impreso el pdf de la factura de venta No: 18', '/invoice/18', 'InvoiceSaleOrder', 'Print'),
	(606, 1, 1, '2017-03-13 12:54:50', 'Se ha impreso el pdf de la factura de venta No: 18', '/invoice/18', 'InvoiceSaleOrder', 'Print'),
	(607, 1, 1, '2017-03-13 12:54:59', 'Se ha impreso el pdf de la factura de venta No: 18', '/invoice/18', 'InvoiceSaleOrder', 'Print'),
	(608, 1, 1, '2017-03-13 12:55:49', 'Se ha impreso el pdf de la factura de venta No: 18', '/invoice/18', 'InvoiceSaleOrder', 'Print'),
	(609, 1, 1, '2017-03-13 12:57:24', 'Se ha impreso el pdf de la factura de venta No: 18', '/invoice/18', 'InvoiceSaleOrder', 'Print'),
	(610, 1, 1, '2017-03-13 12:57:36', 'Se ha impreso el pdf de la factura de venta No: 18', '/invoice/18', 'InvoiceSaleOrder', 'Print'),
	(611, 1, 1, '2017-03-13 13:00:48', 'Se ha impreso el pdf de la factura de venta No: 18', '/invoice/18', 'InvoiceSaleOrder', 'Print'),
	(612, 1, 1, '2017-03-13 13:00:56', 'Se ha impreso el pdf de la factura de venta No: 18', '/invoice/18', 'InvoiceSaleOrder', 'Print'),
	(613, 1, 1, '2017-03-13 13:01:46', 'Se ha impreso el pdf de la factura de venta No: 18', '/invoice/18', 'InvoiceSaleOrder', 'Print'),
	(614, 1, 1, '2017-03-13 13:01:59', 'Se ha impreso el pdf de la factura de venta No: 18', '/invoice/18', 'InvoiceSaleOrder', 'Print'),
	(615, 1, 1, '2017-03-13 13:04:43', 'Se ha impreso el pdf de la factura de venta No: 18', '/invoice/18', 'InvoiceSaleOrder', 'Print'),
	(616, 1, 1, '2017-03-13 13:06:58', 'Se ha impreso el pdf de la factura de venta No: 18', '/invoice/18', 'InvoiceSaleOrder', 'Print'),
	(617, 1, 1, '2017-03-13 13:08:50', 'Se ha impreso el pdf de la factura de venta No: 18', '/invoice/18', 'InvoiceSaleOrder', 'Print'),
	(618, 1, 1, '2017-03-13 13:08:55', 'Se ha impreso el pdf de la factura de venta No: 17', '/invoice/17', 'InvoiceSaleOrder', 'Print'),
	(619, 1, 1, '2017-03-13 13:09:17', 'Se actualiz칩 el estado de la factura de venta n칰mero: 17 para el cliente contacto-cliente', '/invoice/17', 'InvoiceSaleOrder', 'Update'),
	(620, 1, 1, '2017-03-13 13:09:24', 'Se actualiz칩 la factura de venta n칰mero: 17 para el cliente contacto-cliente', '/invoice/17', 'InvoiceSaleOrder', 'Update'),
	(621, 1, 1, '2017-03-13 13:09:28', 'Se actualiz칩 el estado de la factura de venta n칰mero: 17 para el cliente contacto-cliente', '/invoice/17', 'InvoiceSaleOrder', 'Update'),
	(622, 1, 1, '2017-03-13 13:09:31', 'Se ha impreso el pdf de la factura de venta No: 17', '/invoice/17', 'InvoiceSaleOrder', 'Print'),
	(623, 1, 1, '2017-03-13 13:29:25', 'Se ha impreso el pdf de la factura de venta No: 17', '/invoice/17', 'InvoiceSaleOrder', 'Print'),
	(624, 1, 1, '2017-03-13 13:30:36', 'Se ha impreso el pdf de la factura de venta No: 17', '/invoice/17', 'InvoiceSaleOrder', 'Print'),
	(625, 1, 1, '2017-03-13 13:34:04', 'Se ha impreso el pdf de la factura de venta No: 18', '/invoice/18', 'InvoiceSaleOrder', 'Print'),
	(626, 1, 1, '2017-03-13 13:34:43', 'Se ha impreso el pdf de la factura de venta No: 18', '/invoice/18', 'InvoiceSaleOrder', 'Print'),
	(627, 1, 1, '2017-03-13 13:35:16', 'Se ha impreso el pdf de la factura de venta No: 18', '/invoice/18', 'InvoiceSaleOrder', 'Print'),
	(628, 1, 1, '2017-03-13 13:35:31', 'Se ha impreso el pdf de la factura de venta No: 18', '/invoice/18', 'InvoiceSaleOrder', 'Print'),
	(629, 1, 1, '2017-03-13 13:37:01', 'Se ha impreso el pdf de la factura de venta No: 18', '/invoice/18', 'InvoiceSaleOrder', 'Print'),
	(630, 1, 1, '2017-03-13 13:37:07', 'Se ha impreso el pdf de la factura de venta No: 18', '/invoice/18', 'InvoiceSaleOrder', 'Print'),
	(631, 1, 1, '2017-03-13 13:39:11', 'Se ha impreso el pdf de la factura de venta No: 18', '/invoice/18', 'InvoiceSaleOrder', 'Print'),
	(632, 1, 1, '2017-03-13 13:39:24', 'Se ha impreso el pdf de la factura de venta No: 18', '/invoice/18', 'InvoiceSaleOrder', 'Print'),
	(633, 1, 1, '2017-03-13 13:40:14', 'Se ha impreso el pdf de la factura de venta No: 18', '/invoice/18', 'InvoiceSaleOrder', 'Print'),
	(634, 1, 1, '2017-03-13 13:40:53', 'Se ha impreso el pdf de la factura de venta No: 18', '/invoice/18', 'InvoiceSaleOrder', 'Print'),
	(635, 1, 1, '2017-03-13 13:41:28', 'Se ha impreso el pdf de la factura de venta No: 18', '/invoice/18', 'InvoiceSaleOrder', 'Print'),
	(636, 1, 1, '2017-03-13 13:42:32', 'Se ha impreso el pdf de la factura de venta No: 18', '/invoice/18', 'InvoiceSaleOrder', 'Print'),
	(637, 1, 1, '2017-03-13 13:42:56', 'Se ha impreso el pdf de la factura de venta No: 18', '/invoice/18', 'InvoiceSaleOrder', 'Print'),
	(638, 1, 1, '2017-03-13 13:44:21', 'Se ha impreso el pdf de la factura de venta No: 18', '/invoice/18', 'InvoiceSaleOrder', 'Print'),
	(639, 1, 1, '2017-03-13 13:44:46', 'Se ha impreso el pdf de la factura de venta No: 18', '/invoice/18', 'InvoiceSaleOrder', 'Print'),
	(640, 1, 1, '2017-03-13 13:45:07', 'Se ha impreso el pdf de la factura de venta No: 18', '/invoice/18', 'InvoiceSaleOrder', 'Print'),
	(641, 1, 1, '2017-03-13 13:45:40', 'Se ha impreso el pdf de la factura de venta No: 18', '/invoice/18', 'InvoiceSaleOrder', 'Print'),
	(642, 1, 1, '2017-03-13 13:46:00', 'Se ha impreso el pdf de la factura de venta No: 18', '/invoice/18', 'InvoiceSaleOrder', 'Print'),
	(643, 1, 1, '2017-03-13 13:47:16', 'Se ha impreso el pdf de la factura de venta No: 18', '/invoice/18', 'InvoiceSaleOrder', 'Print'),
	(644, 1, 1, '2017-03-13 13:48:29', 'Se ha impreso el pdf de la factura de venta No: 18', '/invoice/18', 'InvoiceSaleOrder', 'Print'),
	(645, 1, 1, '2017-03-13 13:48:45', 'Se ha impreso el pdf de la factura de venta No: 18', '/invoice/18', 'InvoiceSaleOrder', 'Print'),
	(646, 1, 1, '2017-03-13 13:49:42', 'Se ha impreso el pdf de la factura de venta No: 18', '/invoice/18', 'InvoiceSaleOrder', 'Print'),
	(647, 1, 1, '2017-03-13 13:50:29', 'Se ha impreso el pdf de la factura de venta No: 18', '/invoice/18', 'InvoiceSaleOrder', 'Print'),
	(648, 1, 1, '2017-03-13 13:58:26', 'Se cre칩 la Nota Cr칠dito n칰mero: 3 para el cliente contacto-cliente', '/credit-note/3', 'CreditNote', 'Create'),
	(649, 1, 1, '2017-03-13 21:45:04', 'Se ha impreso el pdf de la factura de venta No: 18', '/invoice/18', 'InvoiceSaleOrder', 'Print');
/*!40000 ALTER TABLE `activity_log` ENABLE KEYS */;

-- Volcando estructura para tabla krece.bank_account
CREATE TABLE IF NOT EXISTS `bank_account` (
  `id` int(11) NOT NULL AUTO_INCREMENT,
  `user_id` int(11) NOT NULL,
  `public_id` int(11) NOT NULL,
  `account_id` int(11) NOT NULL,
  `bank_account_type_id` int(11) NOT NULL,
  `bank_account_name` varchar(100) NOT NULL,
  `bank_account_number` varchar(100) DEFAULT NULL,
  `initial_balance` float NOT NULL,
  `description` text,
  `isDeleted` bit(1) NOT NULL DEFAULT b'0',
  `isDefault` bit(1) NOT NULL DEFAULT b'0',
  `created_at` datetime DEFAULT NULL,
  `updated_at` datetime DEFAULT CURRENT_TIMESTAMP ON UPDATE CURRENT_TIMESTAMP,
  `deleted_at` datetime DEFAULT NULL,
  PRIMARY KEY (`id`),
  UNIQUE KEY `UK_BA_public_id_account_id` (`public_id`,`account_id`),
  KEY `FK_banks_accounttype` (`bank_account_type_id`),
  KEY `FK_banks_company` (`user_id`),
  KEY `FK_banks_account` (`account_id`),
  CONSTRAINT `FK_banks_account` FOREIGN KEY (`account_id`) REFERENCES `account` (`id`),
  CONSTRAINT `FK_banks_accounttype` FOREIGN KEY (`bank_account_type_id`) REFERENCES `bank_account_type` (`id`),
  CONSTRAINT `FK_banks_company` FOREIGN KEY (`user_id`) REFERENCES `user` (`id`)
) ENGINE=InnoDB AUTO_INCREMENT=4 DEFAULT CHARSET=latin1 COMMENT='bank information related with accounts';

-- Volcando datos para la tabla krece.bank_account: ~3 rows (aproximadamente)
DELETE FROM `bank_account`;
/*!40000 ALTER TABLE `bank_account` DISABLE KEYS */;
INSERT INTO `bank_account` (`id`, `user_id`, `public_id`, `account_id`, `bank_account_type_id`, `bank_account_name`, `bank_account_number`, `initial_balance`, `description`, `isDeleted`, `isDefault`, `created_at`, `updated_at`, `deleted_at`) VALUES
	(1, 1, 1, 1, 1, 'Banco 1', '123456', 26999000, NULL, b'0', b'1', '2017-01-18 14:20:49', '2017-03-10 22:19:01', '2017-01-19 08:17:11'),
	(2, 1, 2, 1, 2, 'Tarjeta de cr칠dito 1', '', 3001000, '', b'0', b'1', '2017-01-18 15:42:26', '2017-03-10 22:19:02', NULL),
	(3, 1, 3, 1, 3, 'Caja General', '', 0, '', b'0', b'1', '2017-01-18 15:43:04', '2017-03-10 14:01:31', NULL);
/*!40000 ALTER TABLE `bank_account` ENABLE KEYS */;

-- Volcando estructura para tabla krece.bank_account_type
CREATE TABLE IF NOT EXISTS `bank_account_type` (
  `id` int(11) NOT NULL,
  `description` varchar(30) NOT NULL,
  PRIMARY KEY (`id`)
) ENGINE=InnoDB DEFAULT CHARSET=latin1 COMMENT='account type default for the bank section';

-- Volcando datos para la tabla krece.bank_account_type: ~3 rows (aproximadamente)
DELETE FROM `bank_account_type`;
/*!40000 ALTER TABLE `bank_account_type` DISABLE KEYS */;
INSERT INTO `bank_account_type` (`id`, `description`) VALUES
	(1, 'Banco'),
	(2, 'Tarjeta de Cr칠dito'),
	(3, 'Efectivo');
/*!40000 ALTER TABLE `bank_account_type` ENABLE KEYS */;

-- Volcando estructura para tabla krece.bill
CREATE TABLE IF NOT EXISTS `bill` (
  `id` bigint(20) NOT NULL AUTO_INCREMENT,
  `account_id` int(11) NOT NULL COMMENT 'related with client that will receive the invoice',
  `user_id` int(11) NOT NULL,
  `public_id` int(11) NOT NULL,
  `customer_id` int(11) NOT NULL,
  `resolution_id` int(11) DEFAULT NULL,
  `date` date NOT NULL,
  `due_date` date NOT NULL,
  `status_id` int(11) NOT NULL COMMENT 'Status of the invoice that could be open, closed, revoked',
  `observations` text COMMENT 'for customer tracking , just internal',
  `currency_code` varchar(3) NOT NULL,
  `total` float DEFAULT NULL,
  `sub_total` float DEFAULT NULL,
  `total_discounts` float DEFAULT NULL,
  `total_taxes` float DEFAULT NULL,
  `currency_code_multicurrency` varchar(3) DEFAULT NULL,
  `exchange_rate` float DEFAULT NULL,
  `isRecurring` bit(1) NOT NULL DEFAULT b'0',
  `isDeleted` bit(1) NOT NULL DEFAULT b'0',
  `created_at` timestamp NULL DEFAULT NULL,
  `updated_at` timestamp NULL DEFAULT NULL,
  `deleted_at` timestamp NULL DEFAULT NULL,
  PRIMARY KEY (`id`),
  UNIQUE KEY `UK_supp_company_id_document_number` (`account_id`,`public_id`),
  KEY `FK_invoice_supplier_currency` (`currency_code`),
  KEY `FK_invoice_supplier_customerID` (`customer_id`),
  KEY `FK_invoice_supplier_status` (`status_id`),
  KEY `FK_invoice_supplier_user` (`user_id`),
  CONSTRAINT `FK_invoice_supplier_company` FOREIGN KEY (`account_id`) REFERENCES `account` (`id`),
  CONSTRAINT `FK_invoice_supplier_currency` FOREIGN KEY (`currency_code`) REFERENCES `currency_code` (`code`),
  CONSTRAINT `FK_invoice_supplier_customerID` FOREIGN KEY (`customer_id`) REFERENCES `contact` (`id`),
  CONSTRAINT `FK_invoice_supplier_status` FOREIGN KEY (`status_id`) REFERENCES `bill_status` (`id`),
  CONSTRAINT `FK_invoice_supplier_user` FOREIGN KEY (`user_id`) REFERENCES `user` (`id`)
) ENGINE=InnoDB AUTO_INCREMENT=12 DEFAULT CHARSET=latin1 COMMENT='Header of supplier invoices';

-- Volcando datos para la tabla krece.bill: ~4 rows (aproximadamente)
DELETE FROM `bill`;
/*!40000 ALTER TABLE `bill` DISABLE KEYS */;
INSERT INTO `bill` (`id`, `account_id`, `user_id`, `public_id`, `customer_id`, `resolution_id`, `date`, `due_date`, `status_id`, `observations`, `currency_code`, `total`, `sub_total`, `total_discounts`, `total_taxes`, `currency_code_multicurrency`, `exchange_rate`, `isRecurring`, `isDeleted`, `created_at`, `updated_at`, `deleted_at`) VALUES
	(4, 1, 1, 1, 6, 1, '2017-02-24', '2017-02-24', 1, 'descripciones', 'COP', 13853.2, 13379, 399.2, 873.392, NULL, NULL, b'0', b'1', '2017-02-24 17:13:48', '2017-02-24 18:28:20', '2017-02-24 18:28:20'),
	(9, 1, 1, 2, 6, 2, '2017-02-24', '2017-02-24', 6, 'asas', 'COP', 1212, 1212, 0, 0, NULL, NULL, b'0', b'1', '2017-02-24 18:22:39', '2017-03-06 09:52:11', '2017-03-06 09:52:11'),
	(10, 1, 1, 3, 9, 3, '2017-02-24', '2017-02-24', 6, 'asa', 'COP', 49824.1, 48903, 0, 921.12, NULL, NULL, b'0', b'1', '2017-02-24 18:49:45', '2017-03-06 09:52:15', '2017-03-06 09:52:15'),
	(11, 1, 1, 4, 23, 4, '2017-02-28', '2017-02-28', 6, 'test', 'COP', 3000, 3000, 0, 0, NULL, NULL, b'0', b'1', '2017-02-28 10:31:18', '2017-03-06 09:52:08', '2017-03-06 09:52:08');
/*!40000 ALTER TABLE `bill` ENABLE KEYS */;

-- Volcando estructura para tabla krece.bill_debit_note
CREATE TABLE IF NOT EXISTS `bill_debit_note` (
  `debit_note_id` bigint(20) NOT NULL,
  `bill_id` bigint(20) NOT NULL,
  PRIMARY KEY (`debit_note_id`,`bill_id`),
  KEY `FK_isdn_invoice_supplier_order` (`bill_id`),
  CONSTRAINT `FK_isdn_debit_note` FOREIGN KEY (`debit_note_id`) REFERENCES `debit_note` (`id`),
  CONSTRAINT `FK_isdn_invoice_supplier` FOREIGN KEY (`bill_id`) REFERENCES `bill` (`id`)
) ENGINE=InnoDB DEFAULT CHARSET=latin1 COMMENT='link between the debit note and the transaction table, a user can add a payment that is stored in transaction table.';

-- Volcando datos para la tabla krece.bill_debit_note: ~0 rows (aproximadamente)
DELETE FROM `bill_debit_note`;
/*!40000 ALTER TABLE `bill_debit_note` DISABLE KEYS */;
/*!40000 ALTER TABLE `bill_debit_note` ENABLE KEYS */;

-- Volcando estructura para tabla krece.bill_detail
CREATE TABLE IF NOT EXISTS `bill_detail` (
  `id` bigint(20) NOT NULL AUTO_INCREMENT COMMENT 'header invoice number',
  `bill_id` bigint(20) NOT NULL DEFAULT '0',
  `user_id` int(11) NOT NULL,
  `unit_price` float NOT NULL,
  `discount` float DEFAULT NULL,
  `tax_amount` float DEFAULT NULL,
  `tax_id` float DEFAULT NULL,
  `category_id` int(10) DEFAULT NULL,
  `name` varchar(100) DEFAULT NULL,
  `description` varchar(255) DEFAULT NULL,
  `quantity` int(11) NOT NULL,
  `total_tax` float NOT NULL,
  `total` float NOT NULL,
  `created_at` timestamp NULL DEFAULT NULL,
  `updated_at` timestamp NULL DEFAULT NULL,
  `deleted_at` timestamp NULL DEFAULT NULL,
  PRIMARY KEY (`id`),
  KEY `FK_supplier_order_company` (`user_id`),
  KEY `FK_supplier_order_category` (`category_id`),
  KEY `FK_supplier_order_invoice_supplier_order` (`bill_id`),
  CONSTRAINT `FK_soi_category` FOREIGN KEY (`category_id`) REFERENCES `category` (`id`),
  CONSTRAINT `FK_supplier_order_company` FOREIGN KEY (`user_id`) REFERENCES `user` (`id`),
  CONSTRAINT `FK_supplier_order_invoice_supplier_order` FOREIGN KEY (`bill_id`) REFERENCES `bill` (`id`)
) ENGINE=InnoDB AUTO_INCREMENT=20 DEFAULT CHARSET=latin1 COMMENT='detail of the invoice generated';

-- Volcando datos para la tabla krece.bill_detail: ~9 rows (aproximadamente)
DELETE FROM `bill_detail`;
/*!40000 ALTER TABLE `bill_detail` DISABLE KEYS */;
INSERT INTO `bill_detail` (`id`, `bill_id`, `user_id`, `unit_price`, `discount`, `tax_amount`, `tax_id`, `category_id`, `name`, `description`, `quantity`, `total_tax`, `total`, `created_at`, `updated_at`, `deleted_at`) VALUES
	(11, 4, 1, 1996, 20, 19, 3, 54, 'Alquiler de equipos y licencias', NULL, 1, 303.392, 1596.8, '2017-02-24 18:17:06', '2017-02-24 18:17:06', NULL),
	(12, 4, 1, 3000, 0, 19, 4, 65, 'Egresos no operacionales', NULL, 1, 570, 3000, '2017-02-24 18:17:06', '2017-02-24 18:17:06', NULL),
	(13, 4, 1, 1212, 0, 0, NULL, 64, 'Devoluciones en compras de 칤tem', NULL, 5, 0, 6060, '2017-02-24 18:17:06', '2017-02-24 18:17:06', NULL),
	(14, 4, 1, 2323, 0, 0, 5, 63, 'Cuentas incobrables', 'desc1', 1, 0, 2323, '2017-02-24 18:17:06', '2017-02-24 18:17:06', NULL),
	(15, 9, 1, 1212, 0, 0, NULL, 54, 'Alquiler de equipos y licencias', NULL, 1, 0, 1212, '2017-02-24 18:22:39', '2017-02-24 18:22:39', NULL),
	(16, 10, 1, 1212, 0, 19, 3, 65, 'Egresos no operacionales', NULL, 4, 921.12, 4848, '2017-02-24 18:49:45', '2017-02-24 18:49:45', NULL),
	(17, 10, 1, 4005, 0, 0, NULL, 65, 'Egresos no operacionales', NULL, 11, 0, 44055, '2017-02-24 18:49:45', '2017-02-24 18:49:45', NULL),
	(18, 11, 1, 1000, 0, 0, NULL, 54, 'Alquiler de equipos y licencias', NULL, 1, 0, 1000, '2017-02-28 10:31:18', '2017-02-28 10:31:18', NULL),
	(19, 11, 1, 2000, 0, 0, NULL, 66, 'Descuento financiero', NULL, 1, 0, 2000, '2017-02-28 10:31:18', '2017-02-28 10:31:18', NULL);
/*!40000 ALTER TABLE `bill_detail` ENABLE KEYS */;

-- Volcando estructura para tabla krece.bill_payment
CREATE TABLE IF NOT EXISTS `bill_payment` (
  `bill_id` bigint(20) DEFAULT NULL,
  `payment_id` bigint(20) DEFAULT NULL,
  KEY `FK_isopa_payment` (`payment_id`),
  KEY `FK_isopa_invoice_supplier_order` (`bill_id`),
  CONSTRAINT `FK_isopa_invoice_supplier_order` FOREIGN KEY (`bill_id`) REFERENCES `bill` (`id`),
  CONSTRAINT `FK_isopa_payment` FOREIGN KEY (`payment_id`) REFERENCES `payment` (`id`)
) ENGINE=InnoDB DEFAULT CHARSET=latin1 COMMENT='set the relation between the payments and invoice supplier order, and put the amount payed.';

-- Volcando datos para la tabla krece.bill_payment: ~0 rows (aproximadamente)
DELETE FROM `bill_payment`;
/*!40000 ALTER TABLE `bill_payment` DISABLE KEYS */;
/*!40000 ALTER TABLE `bill_payment` ENABLE KEYS */;

-- Volcando estructura para tabla krece.bill_purchase_order
CREATE TABLE IF NOT EXISTS `bill_purchase_order` (
  `bill_id` bigint(20) NOT NULL,
  `purchase_order_id` bigint(20) NOT NULL,
  PRIMARY KEY (`purchase_order_id`,`bill_id`),
  UNIQUE KEY `UK_SO_PO_link` (`bill_id`,`purchase_order_id`),
  CONSTRAINT `FK_POSO_PO_id` FOREIGN KEY (`purchase_order_id`) REFERENCES `purchase_order` (`id`),
  CONSTRAINT `FK_POSO_SO_id` FOREIGN KEY (`bill_id`) REFERENCES `bill` (`id`)
) ENGINE=InnoDB DEFAULT CHARSET=latin1 COMMENT='link between invoice supplier orders and PO orders, so user decides when a PO belongs to a Supp Order.';

-- Volcando datos para la tabla krece.bill_purchase_order: ~0 rows (aproximadamente)
DELETE FROM `bill_purchase_order`;
/*!40000 ALTER TABLE `bill_purchase_order` DISABLE KEYS */;
/*!40000 ALTER TABLE `bill_purchase_order` ENABLE KEYS */;

-- Volcando estructura para tabla krece.bill_status
CREATE TABLE IF NOT EXISTS `bill_status` (
  `id` int(11) NOT NULL,
  `description` varchar(20) NOT NULL,
  PRIMARY KEY (`id`)
) ENGINE=InnoDB DEFAULT CHARSET=latin1;

-- Volcando datos para la tabla krece.bill_status: ~7 rows (aproximadamente)
DELETE FROM `bill_status`;
/*!40000 ALTER TABLE `bill_status` DISABLE KEYS */;
INSERT INTO `bill_status` (`id`, `description`) VALUES
	(1, 'Abierta'),
	(2, 'Anulada'),
	(3, 'Aprobada'),
	(4, 'Pagada'),
	(5, 'Borrador'),
	(6, 'Cerrada'),
	(7, 'Enviada');
/*!40000 ALTER TABLE `bill_status` ENABLE KEYS */;

-- Volcando estructura para tabla krece.bill_tax
CREATE TABLE IF NOT EXISTS `bill_tax` (
  `id` bigint(20) NOT NULL,
  `bill_id` bigint(20) NOT NULL,
  `tax_id` int(11) DEFAULT NULL,
  `user_id` int(11) DEFAULT NULL,
  `tax_type` varchar(50) DEFAULT NULL,
  `tax_rate` float DEFAULT NULL,
  `tax_amount` float DEFAULT NULL,
  `created_at` timestamp NULL DEFAULT NULL,
  `updated_at` timestamp NULL DEFAULT NULL,
  `deleted_at` timestamp NULL DEFAULT NULL,
  PRIMARY KEY (`id`),
  KEY `FK_invoice_supplier_order_tax` (`tax_id`),
  KEY `FK_invoice_supplier_order_invoice` (`bill_id`),
  KEY `FK_invocie_supplier_user` (`user_id`),
  CONSTRAINT `FK_invocie_supplier_user` FOREIGN KEY (`user_id`) REFERENCES `user` (`id`),
  CONSTRAINT `FK_invoice_supplier_ider_id` FOREIGN KEY (`bill_id`) REFERENCES `bill` (`id`)
) ENGINE=InnoDB DEFAULT CHARSET=latin1;

-- Volcando datos para la tabla krece.bill_tax: ~0 rows (aproximadamente)
DELETE FROM `bill_tax`;
/*!40000 ALTER TABLE `bill_tax` DISABLE KEYS */;
/*!40000 ALTER TABLE `bill_tax` ENABLE KEYS */;

-- Volcando estructura para tabla krece.category
CREATE TABLE IF NOT EXISTS `category` (
  `id` int(11) NOT NULL AUTO_INCREMENT,
  `account_id` int(11) NOT NULL,
  `user_id` int(11) DEFAULT NULL,
  `parent_id` int(11) DEFAULT NULL,
  `lft` int(11) DEFAULT NULL,
  `rgt` int(11) DEFAULT NULL,
  `name` varchar(255) NOT NULL,
  `niif_account` varchar(50) DEFAULT NULL,
  `description` varchar(255) DEFAULT NULL,
  `isEditable` bit(1) NOT NULL DEFAULT b'1',
  `isDeleted` bit(1) NOT NULL DEFAULT b'0',
  `type_id` int(11) NOT NULL,
  `updated_at` timestamp NULL DEFAULT NULL,
  `created_at` timestamp NULL DEFAULT NULL,
  PRIMARY KEY (`id`),
  KEY `FK_category_account` (`account_id`),
  KEY `FK_category_parent` (`parent_id`),
  KEY `FK_category_user` (`user_id`),
  KEY `FK_category_type` (`type_id`),
  CONSTRAINT `FK_category_account` FOREIGN KEY (`account_id`) REFERENCES `account` (`id`),
  CONSTRAINT `FK_category_type` FOREIGN KEY (`type_id`) REFERENCES `category_type` (`id`),
  CONSTRAINT `FK_category_user` FOREIGN KEY (`user_id`) REFERENCES `user` (`id`)
) ENGINE=InnoDB AUTO_INCREMENT=110 DEFAULT CHARSET=latin1 COMMENT='product categories';

-- Volcando datos para la tabla krece.category: ~83 rows (aproximadamente)
DELETE FROM `category`;
/*!40000 ALTER TABLE `category` DISABLE KEYS */;
INSERT INTO `category` (`id`, `account_id`, `user_id`, `parent_id`, `lft`, `rgt`, `name`, `niif_account`, `description`, `isEditable`, `isDeleted`, `type_id`, `updated_at`, `created_at`) VALUES
	(28, 1, 1, NULL, 1, 14, 'Ingresos', NULL, 'Bajo esta categor칤a se encuentran todos los Ingresos de la compa침칤a', b'0', b'0', 1, '2017-02-01 11:01:11', '2017-02-01 11:01:11'),
	(29, 1, 1, 28, 2, 3, 'Devoluciones de ventas', NULL, NULL, b'0', b'0', 1, '2017-02-01 11:01:11', '2017-02-01 11:01:11'),
	(30, 1, 1, 28, 4, 5, 'Ingreso sin identificar', NULL, NULL, b'0', b'0', 1, '2017-02-01 11:01:11', '2017-02-01 11:01:11'),
	(31, 1, 1, 28, 6, 11, 'Ingresos no operacionales', NULL, NULL, b'0', b'0', 1, '2017-02-01 11:01:11', '2017-02-01 11:01:11'),
	(32, 1, 1, 31, 7, 10, 'Otros Ingresos', NULL, NULL, b'0', b'0', 1, '2017-02-01 11:01:11', '2017-02-01 11:01:11'),
	(33, 1, 1, 32, 8, 9, 'Ingresos por interes', NULL, 'Ingresos por intereses bancarios', b'0', b'0', 1, '2017-02-01 11:01:11', '2017-02-01 11:01:11'),
	(34, 1, 1, 28, 12, 13, 'Ventas', NULL, 'Bajo esta categor칤a se encuentran todos los Ingresos principales', b'0', b'0', 1, '2017-02-01 11:01:11', '2017-02-01 11:01:11'),
	(35, 1, 1, NULL, 15, 50, 'Activos', NULL, 'Bajo esta categor칤a se encuentran todos los activos de la compa침칤a', b'0', b'0', 3, '2017-02-01 11:01:11', '2017-02-01 11:01:11'),
	(36, 1, 1, 35, 16, 23, 'Activo corriente', NULL, NULL, b'0', b'0', 3, '2017-02-01 11:01:11', '2017-02-01 11:01:11'),
	(37, 1, 1, 36, 17, 18, 'Bancos', NULL, NULL, b'0', b'0', 3, '2017-02-01 11:01:11', '2017-02-01 11:01:11'),
	(38, 1, 1, 36, 19, 20, 'Cuentas por cobrar', NULL, NULL, b'0', b'0', 3, '2017-02-01 11:01:11', '2017-02-01 11:01:11'),
	(39, 1, 1, 36, 21, 22, 'Inventario', NULL, NULL, b'0', b'0', 3, '2017-02-01 11:01:11', '2017-02-01 11:01:11'),
	(40, 1, 1, 35, 24, 25, 'Activos fijos', NULL, 'Bajo esta categor칤a se encuentran todos los activos principales de la compa침칤a', b'0', b'0', 3, '2017-02-01 11:01:11', '2017-02-01 11:01:11'),
	(41, 1, 1, 35, 26, 27, 'Avances y anticipos entregados', NULL, NULL, b'0', b'0', 3, '2017-02-01 11:01:12', '2017-02-01 11:01:12'),
	(42, 1, 1, 35, 28, 29, 'Cuentas por cobrar - devoluciones', NULL, NULL, b'0', b'0', 3, '2017-02-01 11:01:12', '2017-02-01 11:01:12'),
	(43, 1, 1, 35, 30, 35, 'Impuestos a favor', NULL, NULL, b'0', b'0', 3, '2017-02-01 11:01:12', '2017-02-01 11:01:12'),
	(44, 1, 1, 43, 31, 32, 'ICO a favor', NULL, NULL, b'0', b'0', 3, '2017-02-01 11:01:12', '2017-02-01 11:01:12'),
	(45, 1, 1, 43, 33, 34, 'IVA a favor', NULL, NULL, b'0', b'0', 3, '2017-02-01 11:01:12', '2017-02-01 11:01:12'),
	(46, 1, 1, 35, 36, 37, 'Inversiones', NULL, NULL, b'0', b'0', 3, '2017-02-01 11:01:12', '2017-02-01 11:01:12'),
	(47, 1, 1, 35, 38, 39, 'Pr칠stamos a terceros', NULL, NULL, b'0', b'0', 3, '2017-02-01 11:01:12', '2017-02-01 11:01:12'),
	(48, 1, 1, 35, 40, 49, 'Retenciones a favor', NULL, NULL, b'0', b'0', 3, '2017-02-01 11:01:12', '2017-02-01 11:01:12'),
	(49, 1, 1, 48, 41, 42, 'Retenci칩n de CREE a favor', NULL, NULL, b'0', b'0', 3, '2017-02-01 11:01:12', '2017-02-01 11:01:12'),
	(50, 1, 1, 48, 43, 44, 'Retenci칩n de Industria y comercio a favor', NULL, NULL, b'0', b'0', 3, '2017-02-01 11:01:12', '2017-02-01 11:01:12'),
	(51, 1, 1, 48, 45, 46, 'Retenci칩n de IVA a favor', NULL, NULL, b'0', b'0', 3, '2017-02-01 11:01:12', '2017-02-01 11:01:12'),
	(52, 1, 1, 48, 47, 48, 'Retenci칩n en la fuente a favor', NULL, NULL, b'0', b'0', 3, '2017-02-01 11:01:12', '2017-02-01 11:01:12'),
	(53, 1, 1, NULL, 51, 124, 'Egresos', NULL, 'Bajo esta categor칤a se encuentran todos los egresos de la compa침칤a', b'0', b'0', 2, '2017-02-01 11:01:13', '2017-02-01 11:01:13'),
	(54, 1, 1, 53, 52, 53, 'Alquiler de equipos y licencias', NULL, NULL, b'0', b'0', 2, '2017-02-01 11:01:13', '2017-02-01 11:01:13'),
	(55, 1, 1, 53, 54, 55, 'Comisiones y honorarios', NULL, NULL, b'0', b'0', 2, '2017-02-01 11:01:13', '2017-02-01 11:01:13'),
	(56, 1, 1, 53, 56, 67, 'Costo de la mercanc칤a vendida', NULL, NULL, b'0', b'0', 2, '2017-02-01 11:01:13', '2017-02-01 11:01:13'),
	(57, 1, 1, 56, 57, 58, 'Ajustes del inventario', NULL, NULL, b'0', b'0', 2, '2017-02-01 11:01:13', '2017-02-01 11:01:13'),
	(58, 1, 1, 56, 59, 60, 'Compras inventariables', NULL, NULL, b'0', b'0', 2, '2017-02-01 11:01:13', '2017-02-01 11:01:13'),
	(59, 1, 1, 56, 61, 62, 'Fletes y env칤os', NULL, NULL, b'0', b'0', 2, '2017-02-01 11:01:13', '2017-02-01 11:01:13'),
	(60, 1, 1, 56, 63, 64, 'Mano de obra', NULL, NULL, b'0', b'0', 2, '2017-02-01 11:01:13', '2017-02-01 11:01:13'),
	(61, 1, 1, 56, 65, 66, 'Materias primas', NULL, NULL, b'0', b'0', 2, '2017-02-01 11:01:13', '2017-02-01 11:01:13'),
	(62, 1, 1, 53, 68, 69, 'Costo servicios vendidos', NULL, NULL, b'0', b'0', 2, '2017-02-01 11:01:13', '2017-02-01 11:01:13'),
	(63, 1, 1, 53, 70, 71, 'Cuentas incobrables', NULL, NULL, b'0', b'0', 2, '2017-02-01 11:01:13', '2017-02-01 11:01:13'),
	(64, 1, 1, 53, 72, 73, 'Devoluciones en compras de 칤tem', NULL, NULL, b'0', b'0', 2, '2017-02-01 11:01:13', '2017-02-01 11:01:13'),
	(65, 1, 1, 53, 74, 79, 'Egresos no operacionales', NULL, NULL, b'0', b'0', 2, '2017-02-01 11:01:13', '2017-02-01 11:01:13'),
	(66, 1, 1, 65, 75, 76, 'Descuento financiero', NULL, NULL, b'0', b'0', 2, '2017-02-01 11:01:13', '2017-02-01 11:01:13'),
	(67, 1, 1, 65, 77, 78, 'Diferencia en cambio', NULL, 'Bajo esta categor칤a se encuentran las perdidas y ganancias por diferencias en tasas de cambio', b'0', b'0', 2, '2017-02-01 11:01:14', '2017-02-01 11:01:14'),
	(68, 1, 1, 53, 80, 91, 'Gastos administrativos', NULL, NULL, b'0', b'0', 2, '2017-02-01 11:01:14', '2017-02-01 11:01:14'),
	(69, 1, 1, 68, 81, 82, 'Arrendamiento', NULL, NULL, b'0', b'0', 2, '2017-02-01 11:01:14', '2017-02-01 11:01:14'),
	(70, 1, 1, 68, 83, 84, 'Aseo y cafeter칤a', NULL, NULL, b'0', b'0', 2, '2017-02-01 11:01:14', '2017-02-01 11:01:14'),
	(71, 1, 1, 68, 85, 86, 'Internet y telecomunicaciones', NULL, NULL, b'0', b'0', 2, '2017-02-01 11:01:14', '2017-02-01 11:01:14'),
	(72, 1, 1, 68, 87, 88, 'Papeler칤a', NULL, NULL, b'0', b'0', 2, '2017-02-01 11:01:14', '2017-02-01 11:01:14'),
	(73, 1, 1, 68, 89, 90, 'Servicios p칰blicos', NULL, NULL, b'0', b'0', 2, '2017-02-01 11:01:14', '2017-02-01 11:01:14'),
	(74, 1, 1, 53, 92, 93, 'Gastos bancarios', NULL, 'Bajo esta categor칤a se encuentran todos los gastos bancarios de la compa침칤a', b'0', b'0', 2, '2017-02-01 11:01:14', '2017-02-01 11:01:14'),
	(75, 1, 1, 53, 94, 95, 'Legales', NULL, NULL, b'0', b'0', 2, '2017-02-01 11:01:14', '2017-02-01 11:01:14'),
	(76, 1, 1, 53, 96, 97, 'Mantenimiento e instalaciones', NULL, NULL, b'0', b'0', 2, '2017-02-01 11:01:14', '2017-02-01 11:01:14'),
	(77, 1, 1, 53, 98, 107, 'N칩mina', NULL, NULL, b'0', b'0', 2, '2017-02-01 11:01:14', '2017-02-01 11:01:14'),
	(78, 1, 1, 77, 99, 100, 'Dotaci칩n', NULL, NULL, b'0', b'0', 2, '2017-02-01 11:01:14', '2017-02-01 11:01:14'),
	(79, 1, 1, 77, 101, 102, 'Prestaciones sociales', NULL, NULL, b'0', b'0', 2, '2017-02-01 11:01:14', '2017-02-01 11:01:14'),
	(80, 1, 1, 77, 103, 104, 'Salarios', NULL, NULL, b'0', b'0', 2, '2017-02-01 11:01:15', '2017-02-01 11:01:15'),
	(81, 1, 1, 77, 105, 106, 'Seguridad social y parafiscales', NULL, NULL, b'0', b'0', 2, '2017-02-01 11:01:15', '2017-02-01 11:01:15'),
	(82, 1, 1, 53, 108, 109, 'Otros impuestos', NULL, NULL, b'0', b'0', 2, '2017-02-01 11:01:15', '2017-02-01 11:01:15'),
	(83, 1, 1, 53, 110, 111, 'Publicidad', NULL, NULL, b'0', b'0', 2, '2017-02-01 11:01:15', '2017-02-01 11:01:15'),
	(84, 1, 1, 53, 112, 113, 'Seguros y seguridad', NULL, NULL, b'0', b'0', 2, '2017-02-01 11:01:15', '2017-02-01 11:01:15'),
	(85, 1, 1, 53, 114, 115, 'Servicios bancarios', NULL, NULL, b'0', b'0', 2, '2017-02-01 11:01:15', '2017-02-01 11:01:15'),
	(86, 1, 1, 53, 116, 117, 'Subscripciones y afiliaciones', NULL, NULL, b'0', b'0', 2, '2017-02-01 11:01:15', '2017-02-01 11:01:15'),
	(87, 1, 1, 53, 118, 119, 'Transporte y mensajer칤a', NULL, NULL, b'0', b'0', 2, '2017-02-01 11:01:15', '2017-02-01 11:01:15'),
	(88, 1, 1, 53, 120, 121, 'Varios', NULL, NULL, b'0', b'0', 2, '2017-02-01 11:01:15', '2017-02-01 11:01:15'),
	(89, 1, 1, 53, 122, 123, 'Viajes y vi치ticos', NULL, NULL, b'0', b'0', 2, '2017-02-01 11:01:15', '2017-02-01 11:01:15'),
	(90, 1, 1, NULL, 125, 152, 'Pasivos', NULL, NULL, b'0', b'0', 4, '2017-02-01 11:01:15', '2017-02-01 11:01:15'),
	(91, 1, 1, 90, 126, 127, 'Avances y anticipos recibidos', NULL, NULL, b'0', b'0', 4, '2017-02-01 11:01:15', '2017-02-01 11:01:15'),
	(92, 1, 1, 90, 128, 129, 'Cuentas por pagar - devoluciones', NULL, NULL, b'0', b'0', 4, '2017-02-01 11:01:15', '2017-02-01 11:01:15'),
	(93, 1, 1, 90, 130, 131, 'Cuentas por pagar - proveedores', NULL, 'Bajo esta categor칤a se encuentran los pasivos principales', b'0', b'0', 4, '2017-02-01 11:01:15', '2017-02-01 11:01:15'),
	(94, 1, 1, 90, 132, 133, 'Cuentas por pagar - tarjetas de cr칠dito', NULL, NULL, b'0', b'0', 4, '2017-02-01 11:01:16', '2017-02-01 11:01:16'),
	(95, 1, 1, 90, 134, 139, 'Impuestos por pagar', NULL, NULL, b'0', b'0', 4, '2017-02-01 11:01:16', '2017-02-01 11:01:16'),
	(96, 1, 1, 95, 135, 136, 'ICO por pagar', NULL, NULL, b'0', b'0', 4, '2017-02-01 11:01:16', '2017-02-01 11:01:16'),
	(97, 1, 1, 95, 137, 138, 'IVA por pagar', NULL, NULL, b'0', b'0', 4, '2017-02-01 11:01:16', '2017-02-01 11:01:16'),
	(98, 1, 1, 90, 140, 141, 'Obligaciones financieras y pr칠stamos a terceros', NULL, 'Bajo esta categor칤a se encuentran todos los Ingresos principales', b'0', b'0', 4, '2017-02-01 11:01:16', '2017-02-01 11:01:16'),
	(99, 1, 1, 90, 142, 151, 'Retenciones por pagar', NULL, NULL, b'0', b'0', 4, '2017-02-01 11:01:16', '2017-02-01 11:01:16'),
	(100, 1, 1, 99, 143, 144, 'Retenci칩n de CREE por pagar', NULL, NULL, b'0', b'0', 4, '2017-02-01 11:01:16', '2017-02-01 11:01:16'),
	(101, 1, 1, 99, 145, 146, 'Retenci칩n de industria y Comercio por pagar', NULL, NULL, b'0', b'0', 4, '2017-02-01 11:01:16', '2017-02-01 11:01:16'),
	(102, 1, 1, 99, 147, 148, 'Retenci칩n de IVA por pagar', NULL, NULL, b'0', b'0', 4, '2017-02-01 11:01:16', '2017-02-01 11:01:16'),
	(103, 1, 1, 99, 149, 150, 'Retenci칩n en la fuente por pagar', NULL, NULL, b'0', b'0', 4, '2017-02-01 11:01:16', '2017-02-01 11:01:16'),
	(104, 1, 1, NULL, 153, 162, 'Patrimonio', NULL, NULL, b'0', b'0', 5, '2017-02-01 11:01:16', '2017-02-01 11:01:16'),
	(105, 1, 1, 104, 154, 155, 'Ajustes iniciales - Bancos', NULL, NULL, b'0', b'0', 5, '2017-02-01 11:01:16', '2017-02-01 11:01:16'),
	(106, 1, 1, 104, 156, 157, 'Ajustes iniciales - Inventario', NULL, NULL, b'0', b'0', 5, '2017-02-01 11:01:16', '2017-02-01 11:01:16'),
	(107, 1, 1, 104, 158, 159, 'Capital accionistas', NULL, NULL, b'0', b'0', 5, '2017-02-01 11:01:16', '2017-02-01 11:01:16'),
	(108, 1, 1, 104, 160, 161, 'Utilidades', NULL, 'Bajo esta categor칤a se encuentra el patrimonio principal', b'0', b'0', 5, '2017-02-01 11:01:17', '2017-02-01 11:01:17'),
	(109, 1, 1, NULL, 163, 164, 'Transferencias bancarias', NULL, 'Bajo esta categor칤a se encuentran todas las transferencias que se realizen entre bancos de la empresa', b'0', b'0', 6, '2017-02-01 11:01:17', '2017-02-01 11:01:17');
/*!40000 ALTER TABLE `category` ENABLE KEYS */;

-- Volcando estructura para tabla krece.category_payment
CREATE TABLE IF NOT EXISTS `category_payment` (
  `id` bigint(20) NOT NULL AUTO_INCREMENT,
  `payment_id` bigint(20) NOT NULL,
  `account_id` int(11) NOT NULL,
  `user_id` int(11) NOT NULL,
  `category_id` int(11) NOT NULL,
  `unit_price` float NOT NULL,
  `tax_id` int(11) DEFAULT NULL,
  `tax_amount` float DEFAULT NULL,
  `tax_total` float DEFAULT NULL,
  `total` float DEFAULT NULL,
  `quantity` int(11) NOT NULL,
  `observations` text,
  `created_at` timestamp NULL DEFAULT NULL,
  `updated_at` timestamp NULL DEFAULT NULL,
  PRIMARY KEY (`id`),
  UNIQUE KEY `payment_id_company_id_category_id_tax_id` (`payment_id`,`account_id`,`category_id`,`tax_id`),
  KEY `FK_cp_tax` (`tax_id`),
  KEY `FK_cp_company_id` (`account_id`),
  KEY `FK_cp_payment_id` (`payment_id`),
  KEY `FK_cp_category` (`category_id`),
  KEY `FK_cp_user` (`user_id`),
  CONSTRAINT `FK_cp_category` FOREIGN KEY (`category_id`) REFERENCES `category` (`id`),
  CONSTRAINT `FK_cp_company_id` FOREIGN KEY (`account_id`) REFERENCES `account` (`id`),
  CONSTRAINT `FK_cp_payment_id` FOREIGN KEY (`payment_id`) REFERENCES `payment` (`id`),
  CONSTRAINT `FK_cp_tax` FOREIGN KEY (`tax_id`) REFERENCES `tax` (`id`),
  CONSTRAINT `FK_cp_user` FOREIGN KEY (`user_id`) REFERENCES `user` (`id`)
) ENGINE=InnoDB AUTO_INCREMENT=48 DEFAULT CHARSET=latin1;

-- Volcando datos para la tabla krece.category_payment: ~17 rows (aproximadamente)
DELETE FROM `category_payment`;
/*!40000 ALTER TABLE `category_payment` DISABLE KEYS */;
INSERT INTO `category_payment` (`id`, `payment_id`, `account_id`, `user_id`, `category_id`, `unit_price`, `tax_id`, `tax_amount`, `tax_total`, `total`, `quantity`, `observations`, `created_at`, `updated_at`) VALUES
	(17, 79, 1, 1, 54, 200, 3, 19, 38, NULL, 1, '1', '2017-03-01 12:31:25', '2017-03-01 12:31:25'),
	(18, 79, 1, 1, 66, 12, NULL, 0, NULL, NULL, 1, '2', '2017-03-01 12:31:25', '2017-03-01 12:31:25'),
	(19, 79, 1, 1, 64, 1500, 4, 19, 570, NULL, 2, '3', '2017-03-01 12:31:25', '2017-03-01 12:31:25'),
	(26, 80, 1, 1, 54, 200, 3, 19, 38, NULL, 1, NULL, '2017-03-02 18:33:24', '2017-03-02 18:33:24'),
	(27, 80, 1, 1, 66, 300, 4, 19, 57, NULL, 1, 'obs2', '2017-03-02 18:33:24', '2017-03-02 18:33:24'),
	(28, 80, 1, 1, 65, 500, NULL, 0, NULL, NULL, 4, NULL, '2017-03-02 18:33:24', '2017-03-02 18:33:24'),
	(29, 80, 1, 1, 56, 700, NULL, NULL, NULL, NULL, 1, NULL, '2017-03-02 18:33:24', '2017-03-02 18:33:24'),
	(30, 89, 1, 1, 54, 2000, 3, 19, 380, NULL, 1, 'obs', '2017-03-03 14:20:59', '2017-03-03 14:20:59'),
	(31, 89, 1, 1, 63, 300, NULL, NULL, NULL, NULL, 1, NULL, '2017-03-03 14:20:59', '2017-03-03 14:20:59'),
	(32, 90, 1, 1, 54, 200, NULL, NULL, NULL, NULL, 1, NULL, '2017-03-03 14:33:32', '2017-03-03 14:33:32'),
	(33, 91, 1, 1, 66, 1500, 3, 19, 285, NULL, 1, NULL, '2017-03-03 14:47:03', '2017-03-03 14:47:03'),
	(37, 108, 1, 1, 109, 2000000, NULL, NULL, NULL, 2000000, 1, 'estas es mi transferencia', '2017-03-10 13:14:48', '2017-03-10 13:14:48'),
	(38, 109, 1, 1, 109, 2000000, NULL, NULL, NULL, 2000000, 1, 'estas es mi transferencia', '2017-03-10 13:14:48', '2017-03-10 13:14:48'),
	(40, 110, 1, 1, 109, 1000000, NULL, NULL, NULL, 1000000, 1, 'trasnsferencia hacia banco 2', '2017-03-10 13:24:53', '2017-03-10 13:24:53'),
	(41, 111, 1, 1, 109, 1000000, NULL, NULL, NULL, 1000000, 1, 'trasnsferencia hacia banco 2', '2017-03-10 13:24:53', '2017-03-10 13:24:53'),
	(44, 114, 1, 1, 109, 2000, NULL, NULL, NULL, 2000, 1, 'asas', '2017-03-10 17:13:46', '2017-03-10 17:13:46'),
	(45, 115, 1, 1, 109, 2000, NULL, NULL, NULL, 2000, 1, 'asas', '2017-03-10 17:13:46', '2017-03-10 17:13:46'),
	(46, 116, 1, 1, 109, 1000, NULL, NULL, NULL, 1000, 1, NULL, '2017-03-10 22:19:01', '2017-03-10 22:19:01'),
	(47, 117, 1, 1, 109, 1000, NULL, NULL, NULL, 1000, 1, NULL, '2017-03-10 22:19:01', '2017-03-10 22:19:01');
/*!40000 ALTER TABLE `category_payment` ENABLE KEYS */;

-- Volcando estructura para tabla krece.category_type
CREATE TABLE IF NOT EXISTS `category_type` (
  `id` int(11) NOT NULL,
  `type` varchar(30) NOT NULL,
  PRIMARY KEY (`id`)
) ENGINE=InnoDB DEFAULT CHARSET=latin1;

-- Volcando datos para la tabla krece.category_type: ~6 rows (aproximadamente)
DELETE FROM `category_type`;
/*!40000 ALTER TABLE `category_type` DISABLE KEYS */;
INSERT INTO `category_type` (`id`, `type`) VALUES
	(1, 'Ingreso'),
	(2, 'Egreso'),
	(3, 'Activo'),
	(4, 'Pasivo'),
	(5, 'Patrimonio'),
	(6, 'Transferencia');
/*!40000 ALTER TABLE `category_type` ENABLE KEYS */;

-- Volcando estructura para tabla krece.conciliation
CREATE TABLE IF NOT EXISTS `conciliation` (
  `id` int(11) NOT NULL AUTO_INCREMENT,
  `bank_id` int(11) DEFAULT NULL,
  `user_id` int(11) DEFAULT NULL,
  `account_id` int(11) DEFAULT NULL,
  `date_update` datetime DEFAULT NULL,
  `bank_expens` float DEFAULT NULL,
  `bank_tax` float DEFAULT NULL,
  `bank_in` float DEFAULT NULL,
  `balance_initial` float NOT NULL,
  `balance_last` float NOT NULL,
  `difference` float NOT NULL,
  `created_at` timestamp NULL DEFAULT NULL,
  `updated_at` timestamp NULL DEFAULT NULL,
  `deleted_at` timestamp NULL DEFAULT NULL,
  PRIMARY KEY (`id`),
  KEY `FK_conciliation_bank` (`bank_id`),
  KEY `FK_conciliation_accountid` (`account_id`),
  KEY `FK_conciliation_user` (`user_id`),
  CONSTRAINT `FK_conciliation_accountid` FOREIGN KEY (`account_id`) REFERENCES `account` (`id`),
  CONSTRAINT `FK_conciliation_bank` FOREIGN KEY (`bank_id`) REFERENCES `bank_account` (`id`),
  CONSTRAINT `FK_conciliation_user` FOREIGN KEY (`user_id`) REFERENCES `user` (`id`)
) ENGINE=InnoDB DEFAULT CHARSET=latin1 COMMENT='conciliation of accounts';

-- Volcando datos para la tabla krece.conciliation: ~0 rows (aproximadamente)
DELETE FROM `conciliation`;
/*!40000 ALTER TABLE `conciliation` DISABLE KEYS */;
/*!40000 ALTER TABLE `conciliation` ENABLE KEYS */;

-- Volcando estructura para tabla krece.contact
CREATE TABLE IF NOT EXISTS `contact` (
  `id` int(11) NOT NULL AUTO_INCREMENT,
  `account_id` int(11) NOT NULL,
  `user_id` int(11) NOT NULL,
  `public_id` int(11) NOT NULL,
  `name` varchar(100) NOT NULL,
  `nit` varchar(20) DEFAULT NULL,
  `address` varchar(100) DEFAULT NULL,
  `city` varchar(30) DEFAULT NULL,
  `email` varchar(50) DEFAULT NULL,
  `phone1` varchar(20) DEFAULT NULL,
  `phone2` varchar(20) DEFAULT NULL,
  `fax` varchar(20) DEFAULT NULL,
  `phone_mobile` varchar(20) DEFAULT NULL,
  `list_price_id` int(11) DEFAULT NULL,
  `seller_id` int(11) DEFAULT NULL,
  `payment_terms_id` int(11) DEFAULT NULL,
  `observation` text,
  `include_account_state` bit(1) NOT NULL DEFAULT b'0',
  `isProvider` bit(1) NOT NULL DEFAULT b'0',
  `isCustomer` bit(1) NOT NULL DEFAULT b'0',
  `isDeleted` bit(1) NOT NULL DEFAULT b'0',
  `created_at` timestamp NULL DEFAULT NULL,
  `updated_at` timestamp NULL DEFAULT NULL,
  `deleted_at` timestamp NULL DEFAULT NULL,
  PRIMARY KEY (`id`),
  UNIQUE KEY `UK_contacts_company_id_email` (`account_id`,`public_id`),
  KEY `FK_contacts_seller` (`seller_id`),
  KEY `FK_contacts_payment_term` (`payment_terms_id`),
  KEY `FK_contacts_company` (`account_id`),
  KEY `FK_contacts_list_price` (`list_price_id`),
  KEY `FK_contacts_user` (`user_id`),
  CONSTRAINT `FK_contacts_account` FOREIGN KEY (`account_id`) REFERENCES `account` (`id`),
  CONSTRAINT `FK_contacts_list_price` FOREIGN KEY (`list_price_id`) REFERENCES `list_price` (`id`),
  CONSTRAINT `FK_contacts_payment_term` FOREIGN KEY (`payment_terms_id`) REFERENCES `payment_terms` (`id`),
  CONSTRAINT `FK_contacts_seller` FOREIGN KEY (`seller_id`) REFERENCES `seller` (`id`),
  CONSTRAINT `FK_contacts_user` FOREIGN KEY (`user_id`) REFERENCES `user` (`id`)
) ENGINE=InnoDB AUTO_INCREMENT=26 DEFAULT CHARSET=latin1 COMMENT='contains the whole set of contacts of each company';

-- Volcando datos para la tabla krece.contact: ~22 rows (aproximadamente)
DELETE FROM `contact`;
/*!40000 ALTER TABLE `contact` DISABLE KEYS */;
INSERT INTO `contact` (`id`, `account_id`, `user_id`, `public_id`, `name`, `nit`, `address`, `city`, `email`, `phone1`, `phone2`, `fax`, `phone_mobile`, `list_price_id`, `seller_id`, `payment_terms_id`, `observation`, `include_account_state`, `isProvider`, `isCustomer`, `isDeleted`, `created_at`, `updated_at`, `deleted_at`) VALUES
	(1, 1, 1, 1, 'cliente 1', '1234506', NULL, 'Bogot치', 'test@example.com', NULL, NULL, NULL, NULL, 1, 4, NULL, 'este contacto es primordpial', b'0', b'0', b'1', b'1', '2016-12-13 15:01:44', '2017-03-06 10:23:37', '2017-03-06 10:23:37'),
	(4, 1, 1, 2, 'cliente 2', '80810419', 'Calle 12 # 2-49', 'Bogot치', NULL, '3629222', NULL, NULL, NULL, 1, 4, 1, NULL, b'0', b'0', b'1', b'1', '2016-12-15 16:43:30', '2017-03-06 10:23:07', '2017-03-06 10:23:07'),
	(5, 1, 1, 3, 'as', '', '', '', '', '', '', '', '', NULL, NULL, NULL, '', b'0', b'0', b'0', b'1', '2017-01-19 20:43:37', '2017-01-31 15:24:11', '2017-01-31 15:24:11'),
	(6, 1, 1, 4, 'Proveedor 1', '123456', 'Calle 58 bogota', 'Bogota', 'prov1@gmail.com', NULL, NULL, NULL, NULL, 1, 2, 2, NULL, b'0', b'1', b'0', b'1', '2017-01-19 20:44:14', '2017-03-06 10:23:10', '2017-03-06 10:23:10'),
	(7, 1, 1, 5, 'as', '', '', '', '', '', '', '', '', NULL, NULL, NULL, '', b'0', b'0', b'0', b'1', '2017-01-19 20:44:32', '2017-01-31 12:23:03', '2017-01-31 12:23:03'),
	(8, 1, 1, 6, 'as', '', '', '', '', '', '', '', '', NULL, NULL, NULL, '', b'0', b'0', b'0', b'1', '2017-01-19 20:44:48', '2017-01-31 12:24:57', '2017-01-31 12:24:57'),
	(9, 1, 1, 7, 'proveedor 5', NULL, NULL, NULL, NULL, NULL, NULL, NULL, NULL, 1, 4, 1, NULL, b'0', b'1', b'0', b'1', '2017-01-19 20:44:56', '2017-03-06 10:23:13', '2017-03-06 10:23:13'),
	(10, 1, 1, 8, 'as', '', '', '', '', '', '', '', '', NULL, NULL, NULL, '', b'0', b'0', b'0', b'1', '2017-01-19 20:45:18', '2017-01-31 13:43:28', '2017-01-31 13:43:28'),
	(11, 1, 1, 9, 'as', '', '', '', '', '', '', '', '', NULL, NULL, NULL, '', b'0', b'0', b'0', b'1', '2017-01-19 20:45:43', '2017-03-06 10:23:16', '2017-03-06 10:23:16'),
	(12, 1, 1, 10, 'as', '', '', '', '', '', '', '', '', NULL, NULL, 2, '', b'0', b'0', b'1', b'1', '2017-01-19 20:47:38', '2017-03-06 10:23:19', '2017-03-06 10:23:19'),
	(13, 1, 1, 11, 'as', '', '', '', '', '', '', '', '', NULL, NULL, NULL, '', b'0', b'0', b'0', b'1', '2017-01-19 20:50:41', '2017-03-06 10:23:22', '2017-03-06 10:23:22'),
	(14, 1, 1, 12, 'as', '', '', '', '', '', '', '', '', NULL, NULL, NULL, '', b'0', b'0', b'0', b'1', '2017-01-19 20:52:09', '2017-03-06 10:23:26', '2017-03-06 10:23:26'),
	(15, 1, 1, 13, 'prueba cliente', '', '', 'bogota', '', '', '', '', '', 1, 2, 2, '', b'0', b'0', b'1', b'1', '2017-01-19 20:55:22', '2017-03-06 10:23:04', '2017-03-06 10:23:04'),
	(16, 1, 1, 14, 'as', '', '', '', '', '', '', '', '', NULL, NULL, NULL, '', b'0', b'0', b'0', b'1', '2017-01-19 20:55:32', '2017-03-06 10:19:29', '2017-03-06 10:19:29'),
	(17, 1, 1, 15, 'as', '', '', '', '', '', '', '', '', NULL, NULL, NULL, '', b'0', b'0', b'0', b'1', '2017-01-19 20:57:22', '2017-03-06 10:19:33', '2017-03-06 10:19:33'),
	(18, 1, 1, 16, 'Fernando Ardila', '80810419', 'Calle 12 # 2-49', 'Bogota', 'fernando2684@gmail.com', '3123633753', 'phone2', '', '3123633753', 1, 2, 2, 'Observaciones', b'0', b'1', b'1', b'1', '2017-01-24 11:44:45', '2017-03-06 10:22:57', '2017-03-06 10:22:57'),
	(19, 1, 1, 17, 'test', '', '', '', '', '', '', '', '', NULL, NULL, NULL, '', b'0', b'0', b'0', b'1', '2017-01-24 16:44:45', '2017-03-06 10:23:01', '2017-03-06 10:23:01'),
	(20, 2, 2, 1, 'contacto1', '', '', '', '', '', '', '', '', NULL, NULL, NULL, '', b'0', b'0', b'0', b'0', '2017-01-24 16:44:53', '2017-01-24 16:44:53', NULL),
	(21, 2, 2, 2, 'contacto 2', '', '', '', '', '', '', '', '', NULL, NULL, NULL, '', b'0', b'0', b'0', b'0', '2017-01-24 16:45:19', '2017-01-24 16:45:19', NULL),
	(22, 1, 1, 18, 'distribuciones IDRD', NULL, NULL, NULL, NULL, NULL, NULL, NULL, NULL, 1, 4, 1, NULL, b'0', b'0', b'1', b'1', '2017-02-17 16:21:28', '2017-03-06 10:23:32', '2017-03-06 10:23:32'),
	(23, 1, 1, 19, 'contact-provider', '123457', 'Call 23 # 54', 'Bogota', 'fernando2684@gmail.com', NULL, NULL, NULL, NULL, 1, 4, 1, NULL, b'0', b'1', b'1', b'1', '2017-02-28 10:13:24', '2017-03-06 10:23:35', '2017-03-06 10:23:35'),
	(24, 1, 1, 20, 'contacto-proveedor', NULL, NULL, NULL, NULL, NULL, NULL, NULL, NULL, 1, 4, 1, NULL, b'0', b'0', b'0', b'0', '2017-03-06 11:11:03', '2017-03-06 11:11:03', NULL),
	(25, 1, 1, 21, 'contacto-cliente', NULL, NULL, NULL, NULL, NULL, NULL, NULL, NULL, 1, 4, 1, NULL, b'0', b'0', b'1', b'0', '2017-03-06 11:20:50', '2017-03-06 11:21:00', NULL);
/*!40000 ALTER TABLE `contact` ENABLE KEYS */;

-- Volcando estructura para tabla krece.contact_others
CREATE TABLE IF NOT EXISTS `contact_others` (
  `id` int(11) NOT NULL AUTO_INCREMENT,
  `account_id` int(11) NOT NULL COMMENT 'pk about the father of the set included here',
  `contact_id` int(11) NOT NULL,
  `user_id` int(11) NOT NULL,
  `name` varchar(50) DEFAULT NULL,
  `last_name` varchar(50) DEFAULT NULL,
  `email` varchar(50) NOT NULL,
  `phone` varchar(20) DEFAULT NULL,
  `phone_mobile` varchar(20) DEFAULT NULL,
  `notify` bit(1) NOT NULL DEFAULT b'0' COMMENT 'allows to send automatic notifications to the customer or provider selected',
  `created_at` timestamp NULL DEFAULT NULL,
  `updated_at` timestamp NULL DEFAULT NULL,
  `deleted_at` timestamp NULL DEFAULT NULL,
  PRIMARY KEY (`id`),
  UNIQUE KEY `UK_contact_others_contact_id_email` (`account_id`,`id`),
  KEY `FK_contacts_others_user` (`user_id`),
  KEY `FK_contacts_contact_id` (`contact_id`),
  CONSTRAINT `FK_contacts_contact_id` FOREIGN KEY (`contact_id`) REFERENCES `contact` (`id`),
  CONSTRAINT `FK_contacts_others_account` FOREIGN KEY (`account_id`) REFERENCES `account` (`id`),
  CONSTRAINT `FK_contacts_others_user` FOREIGN KEY (`user_id`) REFERENCES `user` (`id`)
) ENGINE=InnoDB AUTO_INCREMENT=47 DEFAULT CHARSET=latin1 COMMENT='this table contains other email contacts of any organization';

-- Volcando datos para la tabla krece.contact_others: ~5 rows (aproximadamente)
DELETE FROM `contact_others`;
/*!40000 ALTER TABLE `contact_others` DISABLE KEYS */;
INSERT INTO `contact_others` (`id`, `account_id`, `contact_id`, `user_id`, `name`, `last_name`, `email`, `phone`, `phone_mobile`, `notify`, `created_at`, `updated_at`, `deleted_at`) VALUES
	(4, 1, 17, 1, 'as', NULL, '', '', '', b'1', '2017-01-19 20:57:22', '2017-01-19 20:57:22', NULL),
	(43, 1, 18, 1, 'Asoc1', 'apellido', 'asoc1@gmail.com', '', '', b'1', '2017-01-24 13:29:53', '2017-01-24 13:29:53', NULL),
	(44, 1, 18, 1, 'asoc2', '', 'asoc2@gmail.com', 'phone2', 'cell', b'1', '2017-01-24 13:29:53', '2017-01-24 13:29:53', NULL),
	(45, 1, 18, 1, 'asoc3', 'appellido', 'asoc3@gmail.com', 'phone3', 'cell', b'1', '2017-01-24 13:29:53', '2017-01-24 13:29:53', NULL),
	(46, 1, 15, 1, 'as', NULL, '', '', '', b'1', '2017-01-25 13:59:24', '2017-01-25 13:59:24', NULL);
/*!40000 ALTER TABLE `contact_others` ENABLE KEYS */;

-- Volcando estructura para tabla krece.credit_note
CREATE TABLE IF NOT EXISTS `credit_note` (
  `id` int(11) NOT NULL AUTO_INCREMENT,
  `account_id` int(11) DEFAULT NULL,
  `user_id` int(11) DEFAULT NULL,
  `public_id` int(11) DEFAULT NULL,
  `resolution_id` int(11) DEFAULT NULL,
  `list_price_id` int(11) DEFAULT NULL,
  `customer_id` int(11) DEFAULT NULL,
  `currency_code` varchar(3) DEFAULT NULL,
  `date` date DEFAULT NULL,
  `notes` varchar(255) DEFAULT NULL,
  `observations` varchar(255) DEFAULT NULL,
  `exchange_rate` float DEFAULT NULL,
  `sub_total` float DEFAULT NULL,
  `total` float DEFAULT NULL,
  `total_discounts` float DEFAULT NULL,
  `total_taxes` float DEFAULT NULL,
  `amount_pending_to_apply` float DEFAULT NULL,
  `isDeleted` bit(1) DEFAULT b'0',
  `created_at` timestamp NULL DEFAULT NULL,
  `updated_at` timestamp NULL DEFAULT NULL,
  `deleted_at` timestamp NULL DEFAULT NULL,
  PRIMARY KEY (`id`),
  UNIQUE KEY `UK_public_account` (`public_id`,`account_id`),
  KEY `FK_credit_note_company` (`account_id`),
  KEY `FK_credit_note_list_price` (`list_price_id`),
  KEY `FK_credit_note_customer` (`customer_id`),
  KEY `FK_credit_note_currency` (`currency_code`),
  KEY `FK_credit_note_user` (`user_id`),
  CONSTRAINT `FK_credit_note_account` FOREIGN KEY (`account_id`) REFERENCES `account` (`id`),
  CONSTRAINT `FK_credit_note_currency` FOREIGN KEY (`currency_code`) REFERENCES `currency_code` (`code`),
  CONSTRAINT `FK_credit_note_customer` FOREIGN KEY (`customer_id`) REFERENCES `contact` (`id`),
  CONSTRAINT `FK_credit_note_list_price` FOREIGN KEY (`list_price_id`) REFERENCES `list_price` (`id`),
  CONSTRAINT `FK_credit_note_user` FOREIGN KEY (`user_id`) REFERENCES `user` (`id`)
) ENGINE=InnoDB AUTO_INCREMENT=4 DEFAULT CHARSET=latin1;

-- Volcando datos para la tabla krece.credit_note: ~3 rows (aproximadamente)
DELETE FROM `credit_note`;
/*!40000 ALTER TABLE `credit_note` DISABLE KEYS */;
INSERT INTO `credit_note` (`id`, `account_id`, `user_id`, `public_id`, `resolution_id`, `list_price_id`, `customer_id`, `currency_code`, `date`, `notes`, `observations`, `exchange_rate`, `sub_total`, `total`, `total_discounts`, `total_taxes`, `amount_pending_to_apply`, `isDeleted`, `created_at`, `updated_at`, `deleted_at`) VALUES
	(1, 1, 1, 1, 1, 1, 4, 'COP', '2017-02-15', 'as', 'as', NULL, 8000, 9163, 300, 1463, NULL, b'1', '2017-02-15 12:28:37', '2017-03-06 09:48:11', '2017-03-06 09:48:11'),
	(2, 1, 1, 2, 2, 1, 4, 'COP', '2017-02-15', NULL, NULL, NULL, 9000, 9840, 300, 1140, NULL, b'1', '2017-02-15 13:28:09', '2017-02-15 13:28:25', '2017-02-15 13:28:25'),
	(3, 1, 1, 3, 3, 1, 25, 'COP', '2017-03-13', 'notas visibles en la cotizaci칩n', 'notas no visibles en la cotizaci칩n', NULL, 7000, 7000, 0, 0, NULL, b'0', '2017-03-13 13:58:26', '2017-03-13 13:58:26', NULL);
/*!40000 ALTER TABLE `credit_note` ENABLE KEYS */;

-- Volcando estructura para tabla krece.credit_note_detail
CREATE TABLE IF NOT EXISTS `credit_note_detail` (
  `id` int(11) NOT NULL AUTO_INCREMENT,
  `credit_note_id` int(11) NOT NULL,
  `user_id` int(11) NOT NULL,
  `product_id` int(11) NOT NULL,
  `reference` varchar(50) DEFAULT NULL,
  `unit_price` float NOT NULL,
  `discount` float DEFAULT NULL,
  `tax_id` int(11) DEFAULT NULL,
  `tax_amount` float DEFAULT NULL,
  `name` varchar(255) DEFAULT NULL,
  `description` varchar(255) DEFAULT NULL,
  `quantity` int(11) NOT NULL,
  `total_tax` float DEFAULT NULL,
  `total` float DEFAULT NULL,
  `created_at` timestamp NULL DEFAULT NULL,
  `updated_at` timestamp NULL DEFAULT NULL,
  `deleted_at` timestamp NULL DEFAULT NULL,
  PRIMARY KEY (`id`),
  KEY `FK_credit_note_detail_credit_note_id` (`credit_note_id`),
  KEY `FK_credit_note_detail_item` (`product_id`),
  KEY `FK_credit_note_detail_tax` (`tax_id`),
  KEY `FK_credit_note:user` (`user_id`),
  CONSTRAINT `FK_credit_note:user` FOREIGN KEY (`user_id`) REFERENCES `user` (`id`),
  CONSTRAINT `FK_credit_note_detail_item` FOREIGN KEY (`product_id`) REFERENCES `product` (`id`),
  CONSTRAINT `FK_credit_note_detail_remision_id` FOREIGN KEY (`credit_note_id`) REFERENCES `credit_note` (`id`)
) ENGINE=InnoDB AUTO_INCREMENT=10 DEFAULT CHARSET=latin1;

-- Volcando datos para la tabla krece.credit_note_detail: ~7 rows (aproximadamente)
DELETE FROM `credit_note_detail`;
/*!40000 ALTER TABLE `credit_note_detail` DISABLE KEYS */;
INSERT INTO `credit_note_detail` (`id`, `credit_note_id`, `user_id`, `product_id`, `reference`, `unit_price`, `discount`, `tax_id`, `tax_amount`, `name`, `description`, `quantity`, `total_tax`, `total`, `created_at`, `updated_at`, `deleted_at`) VALUES
	(3, 1, 1, 4, '1234', 5000, 0, 3, 19, 'productoprueba', 'producto para pruebas', 1, 950, 5000, '2017-02-15 13:02:53', '2017-02-15 13:02:53', NULL),
	(4, 1, 1, 3, 'ref2', 3000, 10, 4, 19, 'producto 2', 'descripcion producto 2', 1, 513, 2700, '2017-02-15 13:02:53', '2017-02-15 13:02:53', NULL),
	(5, 2, 1, 3, 'ref2', 3000, 0, 3, 19, 'producto 2', 'descripcion producto 2', 1, 570, 3000, '2017-02-15 13:28:10', '2017-02-15 13:28:10', NULL),
	(6, 2, 1, 3, 'ref2', 3000, 10, NULL, 0, 'producto 2', 'descripcion producto 2', 1, 0, 2700, '2017-02-15 13:28:10', '2017-02-15 13:28:10', NULL),
	(7, 2, 1, 3, 'ref2', 3000, 0, 4, 19, 'producto 2', 'descripcion producto 2', 1, 570, 3000, '2017-02-15 13:28:10', '2017-02-15 13:28:10', NULL),
	(8, 3, 1, 6, NULL, 2000, 0, NULL, 0, 'producto-1-inv', NULL, 1, 0, 2000, '2017-03-13 13:58:26', '2017-03-13 13:58:26', NULL),
	(9, 3, 1, 7, NULL, 5000, 0, NULL, 0, 'producto-2-no-inv', NULL, 1, 0, 5000, '2017-03-13 13:58:26', '2017-03-13 13:58:26', NULL);
/*!40000 ALTER TABLE `credit_note_detail` ENABLE KEYS */;

-- Volcando estructura para tabla krece.currency
CREATE TABLE IF NOT EXISTS `currency` (
  `id` int(11) NOT NULL AUTO_INCREMENT,
  `account_id` int(11) NOT NULL,
  `public_id` int(11) NOT NULL,
  `user_id` int(11) NOT NULL,
  `code_id` varchar(3) NOT NULL,
  `exchange_rate` float NOT NULL,
  `status_id` int(11) NOT NULL,
  `created_at` timestamp NULL DEFAULT NULL,
  `updated_at` timestamp NULL DEFAULT NULL,
  `deleted_at` timestamp NULL DEFAULT NULL,
  PRIMARY KEY (`id`),
  UNIQUE KEY `UK_currency_company_id_code_id` (`account_id`,`public_id`),
  KEY `FK_currency_code` (`code_id`),
  KEY `FK_currency_status` (`status_id`),
  KEY `FK_currency_user` (`user_id`),
  KEY `IDX_currency_public_id` (`public_id`),
  CONSTRAINT `FK_currency_code` FOREIGN KEY (`code_id`) REFERENCES `currency_code` (`code`),
  CONSTRAINT `FK_currency_status` FOREIGN KEY (`status_id`) REFERENCES `currency_status` (`id`),
  CONSTRAINT `FK_currency_user` FOREIGN KEY (`user_id`) REFERENCES `user` (`id`),
  CONSTRAINT `fk_currency_company` FOREIGN KEY (`account_id`) REFERENCES `account` (`id`)
) ENGINE=InnoDB AUTO_INCREMENT=7 DEFAULT CHARSET=latin1;

-- Volcando datos para la tabla krece.currency: ~2 rows (aproximadamente)
DELETE FROM `currency`;
/*!40000 ALTER TABLE `currency` DISABLE KEYS */;
INSERT INTO `currency` (`id`, `account_id`, `public_id`, `user_id`, `code_id`, `exchange_rate`, `status_id`, `created_at`, `updated_at`, `deleted_at`) VALUES
	(1, 1, 1, 1, 'COP', 1, 1, '2017-01-12 10:27:15', '2017-01-12 10:27:17', NULL),
	(6, 1, 2, 1, 'USD', 1, 1, '2017-01-12 11:10:57', '2017-01-12 11:10:58', NULL);
/*!40000 ALTER TABLE `currency` ENABLE KEYS */;

-- Volcando estructura para tabla krece.currency_code
CREATE TABLE IF NOT EXISTS `currency_code` (
  `code` varchar(3) NOT NULL,
  `country` varchar(30) DEFAULT NULL,
  `symbol` varchar(5) DEFAULT NULL,
  `precision` tinyint(4) DEFAULT NULL,
  `thousand_separator` char(1) DEFAULT NULL,
  `decimal_separator` char(1) DEFAULT NULL,
  `name` varchar(150) DEFAULT NULL,
  `isActive` bit(1) NOT NULL DEFAULT b'1',
  `order` int(11) DEFAULT '2',
  PRIMARY KEY (`code`)
) ENGINE=InnoDB DEFAULT CHARSET=latin1 COMMENT='default values for the kind of money around the world';

-- Volcando datos para la tabla krece.currency_code: ~37 rows (aproximadamente)
DELETE FROM `currency_code`;
/*!40000 ALTER TABLE `currency_code` DISABLE KEYS */;
INSERT INTO `currency_code` (`code`, `country`, `symbol`, `precision`, `thousand_separator`, `decimal_separator`, `name`, `isActive`, `order`) VALUES
	('AED', NULL, 'DH ', 2, ',', '.', 'United Arab Emirates Dirham', b'1', 2),
	('ARS', NULL, '$', 2, '.', ',', 'Argentine Peso', b'1', 2),
	('AUD', NULL, '$', 2, ',', '.', 'Australian Dollar', b'1', 2),
	('AWG', NULL, 'Afl. ', 2, '', '.', 'Aruban Florin', b'1', 2),
	('BDT', NULL, 'Tk', 2, ',', '.', 'Bangladeshi Taka', b'1', 2),
	('BRL', 'Brasil', 'R$', 2, '.', ',', 'Brazilian Real', b'1', 2),
	('CAD', NULL, 'C$', 2, ',', '.', 'Canadian Dollar', b'1', 2),
	('CNY', NULL, 'RMB ', 2, ',', '.', 'Chinese Renminbi', b'1', 2),
	('COP', 'Colombia', '$', 2, '.', ',', 'Colombian Peso', b'1', 1),
	('DKK', NULL, 'kr ', 2, '.', ',', 'Danish Krone', b'1', 2),
	('EGP', NULL, 'E춲', 2, ',', '.', 'Egyptian Pound', b'1', 2),
	('EUR', NULL, '', 2, '.', ',', 'Euro', b'1', 2),
	('GBP', NULL, '춲', 2, ',', '.', 'British Pound', b'1', 2),
	('GTQ', NULL, 'Q', 2, ',', '.', 'Guatemalan Quetzal', b'1', 2),
	('HKR', NULL, 'kn', 2, '.', ',', 'Croatian Kuna', b'1', 2),
	('IDR', NULL, 'Rp', 2, ',', '.', 'Indonesian Rupiah', b'1', 2),
	('ILS', NULL, 'NIS ', 2, ',', '.', 'Israeli Shekel', b'1', 2),
	('INR', NULL, 'Rs. ', 2, ',', '.', 'Indian Rupee', b'1', 2),
	('JPY', NULL, '춴', 0, ',', '.', 'Japanese Yen', b'1', 2),
	('KES', NULL, 'KSh ', 2, ',', '.', 'Kenyan Shilling', b'1', 2),
	('LKR', NULL, 'LKR', 2, ',', '.', 'Sri Lankan Rupee', b'1', 2),
	('MXN', NULL, '$', 2, ',', '.', 'Mexican Peso', b'1', 2),
	('MYR', NULL, 'RM', 2, ',', '.', 'Malaysian Ringgit', b'1', 2),
	('NOK', NULL, 'kr ', 2, '.', ',', 'Norske Kroner', b'1', 2),
	('NZD', NULL, '$', 2, ',', '.', 'New Zealand Dollar', b'1', 2),
	('PHP', NULL, 'P ', 2, ',', '.', 'Philippine Peso', b'1', 2),
	('PKR', NULL, 'Rs ', 0, ',', '.', 'Pakistani Rupee', b'1', 2),
	('PLN', NULL, 'z?', 2, '', ',', 'Polish Zloty', b'1', 2),
	('RWF', NULL, 'RF ', 2, ',', '.', 'Rwandan Franc', b'1', 2),
	('SEK', NULL, 'kr ', 2, '.', ',', 'Swedish Krona', b'1', 2),
	('TRY', NULL, 'TL ', 2, '.', ',', 'Turkish Lira', b'1', 2),
	('TTD', NULL, 'TT$', 2, ',', '.', 'Trinidad and Tobago Dollar', b'1', 2),
	('TZS', NULL, 'TSh ', 2, ',', '.', 'Tanzanian Shilling', b'1', 2),
	('USD', NULL, '$', 2, ',', '.', 'US Dollar', b'1', 1),
	('XCD', NULL, 'EC$', 2, ',', '.', 'East Caribbean Dollar', b'1', 2),
	('XOF', NULL, 'CFA ', 2, ',', '.', 'West African Franc', b'1', 2),
	('ZAR', NULL, 'R', 2, '.', ',', 'South African Rand', b'1', 2);
/*!40000 ALTER TABLE `currency_code` ENABLE KEYS */;

-- Volcando estructura para tabla krece.currency_status
CREATE TABLE IF NOT EXISTS `currency_status` (
  `id` int(11) NOT NULL,
  `description` varchar(20) NOT NULL,
  PRIMARY KEY (`id`)
) ENGINE=InnoDB DEFAULT CHARSET=latin1;

-- Volcando datos para la tabla krece.currency_status: ~2 rows (aproximadamente)
DELETE FROM `currency_status`;
/*!40000 ALTER TABLE `currency_status` DISABLE KEYS */;
INSERT INTO `currency_status` (`id`, `description`) VALUES
	(1, 'Activo'),
	(2, 'Eliminado');
/*!40000 ALTER TABLE `currency_status` ENABLE KEYS */;

-- Volcando estructura para tabla krece.debit_note
CREATE TABLE IF NOT EXISTS `debit_note` (
  `id` bigint(20) NOT NULL AUTO_INCREMENT,
  `account_id` int(11) NOT NULL COMMENT 'related with client that will receive the invoice',
  `user_id` int(11) NOT NULL,
  `public_id` int(11) NOT NULL,
  `resolution_id` int(11) NOT NULL COMMENT 'resolution DIAN #',
  `customer_id` int(11) NOT NULL,
  `date` date NOT NULL,
  `currency_code` varchar(3) NOT NULL,
  `observations` text COMMENT 'for customer tracking , just internal',
  `exchange_rate` float DEFAULT NULL,
  `amount_pending_to_apply` float DEFAULT NULL,
  `sub_total` float DEFAULT NULL,
  `total_taxes` float DEFAULT NULL,
  `total_discounts` float DEFAULT NULL,
  `total` float DEFAULT NULL,
  `isDeleted` bit(1) DEFAULT b'0',
  `updated_at` timestamp NULL DEFAULT NULL,
  `created_at` timestamp NULL DEFAULT NULL,
  `deleted_at` timestamp NULL DEFAULT NULL,
  PRIMARY KEY (`id`),
  UNIQUE KEY `UK_supp_company_id_document_number` (`account_id`,`resolution_id`),
  KEY `FK_debit_note_currency` (`currency_code`),
  KEY `FK_debit_note_customerID` (`customer_id`),
  KEY `FK_debit_note_user` (`user_id`),
  CONSTRAINT `FK_debit_note_account` FOREIGN KEY (`account_id`) REFERENCES `account` (`id`),
  CONSTRAINT `FK_debit_note_currency` FOREIGN KEY (`currency_code`) REFERENCES `currency_code` (`code`),
  CONSTRAINT `FK_debit_note_customerID` FOREIGN KEY (`customer_id`) REFERENCES `contact` (`id`),
  CONSTRAINT `FK_debit_note_user` FOREIGN KEY (`user_id`) REFERENCES `user` (`id`)
) ENGINE=InnoDB AUTO_INCREMENT=7 DEFAULT CHARSET=latin1 COMMENT='Header of supplier invoices';

-- Volcando datos para la tabla krece.debit_note: ~2 rows (aproximadamente)
DELETE FROM `debit_note`;
/*!40000 ALTER TABLE `debit_note` DISABLE KEYS */;
INSERT INTO `debit_note` (`id`, `account_id`, `user_id`, `public_id`, `resolution_id`, `customer_id`, `date`, `currency_code`, `observations`, `exchange_rate`, `amount_pending_to_apply`, `sub_total`, `total_taxes`, `total_discounts`, `total`, `isDeleted`, `updated_at`, `created_at`, `deleted_at`) VALUES
	(5, 1, 1, 1, 1, 6, '2017-02-24', 'COP', 'observations', NULL, NULL, 4000, 752.4, 40, 4712.4, b'1', '2017-03-06 09:51:56', '2017-02-24 15:12:13', '2017-03-06 09:51:56'),
	(6, 1, 1, 2, 2, 18, '2017-02-24', 'COP', 'esta es una nota credito de prueba', NULL, NULL, 5086250, 966388, 0, 6052640, b'1', '2017-02-24 15:31:28', '2017-02-24 15:28:39', '2017-02-24 15:31:28');
/*!40000 ALTER TABLE `debit_note` ENABLE KEYS */;

-- Volcando estructura para tabla krece.debit_note_detail
CREATE TABLE IF NOT EXISTS `debit_note_detail` (
  `id` bigint(20) NOT NULL AUTO_INCREMENT COMMENT 'header invoice number',
  `debit_note_id` bigint(20) NOT NULL DEFAULT '0',
  `user_id` int(11) NOT NULL,
  `category_id` int(11) NOT NULL,
  `name` varchar(100) DEFAULT NULL,
  `description` varchar(255) DEFAULT NULL,
  `unit_price` float NOT NULL,
  `discount` float DEFAULT NULL,
  `tax_id` int(11) DEFAULT NULL,
  `tax_amount` float DEFAULT NULL,
  `total_tax` float DEFAULT NULL,
  `quantity` int(11) NOT NULL,
  `total` float NOT NULL,
  `updated_at` timestamp NULL DEFAULT NULL,
  `created_at` timestamp NULL DEFAULT NULL,
  PRIMARY KEY (`id`),
  KEY `FK_debit_note_detail_company` (`user_id`),
  KEY `FK_debit_note_detail_id` (`debit_note_id`),
  KEY `FK_debit_note_detail_tax_id` (`tax_id`),
  KEY `FK_category_id` (`category_id`),
  CONSTRAINT `FK_category_id` FOREIGN KEY (`category_id`) REFERENCES `category` (`id`),
  CONSTRAINT `FK_debit_note_detail_po` FOREIGN KEY (`debit_note_id`) REFERENCES `debit_note` (`id`),
  CONSTRAINT `FK_debit_note_detail_tax` FOREIGN KEY (`tax_id`) REFERENCES `tax` (`id`),
  CONSTRAINT `FK_debit_note_detail_user` FOREIGN KEY (`user_id`) REFERENCES `user` (`id`)
) ENGINE=InnoDB AUTO_INCREMENT=16 DEFAULT CHARSET=latin1 COMMENT='detail of the invoice generated';

-- Volcando datos para la tabla krece.debit_note_detail: ~3 rows (aproximadamente)
DELETE FROM `debit_note_detail`;
/*!40000 ALTER TABLE `debit_note_detail` DISABLE KEYS */;
INSERT INTO `debit_note_detail` (`id`, `debit_note_id`, `user_id`, `category_id`, `name`, `description`, `unit_price`, `discount`, `tax_id`, `tax_amount`, `total_tax`, `quantity`, `total`, `updated_at`, `created_at`) VALUES
	(12, 5, 1, 54, 'Alquiler de equipos y licencias', 'equipos para mi', 2000, 2, 4, 19, 372.4, 1, 1960, '2017-02-24 15:27:33', '2017-02-24 15:27:33'),
	(13, 5, 1, 65, 'Egresos no operacionales', NULL, 0, 0, NULL, 0, 0, 1, 0, '2017-02-24 15:27:33', '2017-02-24 15:27:33'),
	(14, 5, 1, 66, 'Descuento financiero', NULL, 2000, 0, 3, 19, 380, 1, 2000, '2017-02-24 15:27:33', '2017-02-24 15:27:33'),
	(15, 6, 1, 66, 'Descuento financiero', 'test', 5086250, 0, 3, 19, 966388, 1, 5086250, '2017-02-24 15:28:39', '2017-02-24 15:28:39');
/*!40000 ALTER TABLE `debit_note_detail` ENABLE KEYS */;

-- Volcando estructura para tabla krece.debit_note_transaction
CREATE TABLE IF NOT EXISTS `debit_note_transaction` (
  `debit_note_id` bigint(20) NOT NULL,
  `transaction_id` int(11) NOT NULL,
  PRIMARY KEY (`debit_note_id`,`transaction_id`),
  KEY `FK_dnt_transaction` (`transaction_id`),
  CONSTRAINT `FK_dnt_debit_note` FOREIGN KEY (`debit_note_id`) REFERENCES `debit_note` (`id`),
  CONSTRAINT `FK_dnt_transaction` FOREIGN KEY (`transaction_id`) REFERENCES `transaction` (`id`)
) ENGINE=InnoDB DEFAULT CHARSET=latin1 COMMENT='link between the debit note and the transaction table, a user can add a payment that is stored in transaction table.';

-- Volcando datos para la tabla krece.debit_note_transaction: ~0 rows (aproximadamente)
DELETE FROM `debit_note_transaction`;
/*!40000 ALTER TABLE `debit_note_transaction` DISABLE KEYS */;
/*!40000 ALTER TABLE `debit_note_transaction` ENABLE KEYS */;

-- Volcando estructura para tabla krece.estimate
CREATE TABLE IF NOT EXISTS `estimate` (
  `id` int(11) NOT NULL AUTO_INCREMENT,
  `account_id` int(11) DEFAULT NULL,
  `public_id` int(11) DEFAULT NULL,
  `resolution_id` int(11) DEFAULT NULL COMMENT 'Numero definitivo de la cotizaci칩n',
  `user_id` int(11) DEFAULT NULL,
  `seller_id` int(11) DEFAULT NULL,
  `list_price_id` int(11) DEFAULT NULL,
  `customer_id` int(11) DEFAULT NULL,
  `currency_code` varchar(3) DEFAULT NULL,
  `sub_total` float DEFAULT '0',
  `total_discounts` float DEFAULT '0',
  `total_taxes` float DEFAULT '0',
  `total` float DEFAULT '0',
  `date` date DEFAULT NULL,
  `due_date` date DEFAULT NULL,
  `notes` text,
  `observations` text,
  `exchange_rate` float DEFAULT NULL,
  `isDeleted` bit(1) DEFAULT b'0',
  `created_at` timestamp NULL DEFAULT NULL,
  `updated_at` timestamp NULL DEFAULT NULL,
  `deleted_at` timestamp NULL DEFAULT NULL,
  PRIMARY KEY (`id`),
  UNIQUE KEY `UK_quote_account_id` (`account_id`,`public_id`),
  KEY `FK_estimate_client` (`customer_id`),
  KEY `FK_estimate_currency_code` (`currency_code`),
  KEY `FK_estimate_user` (`user_id`),
  CONSTRAINT `FK_estimate_account` FOREIGN KEY (`account_id`) REFERENCES `account` (`id`),
  CONSTRAINT `FK_estimate_client` FOREIGN KEY (`customer_id`) REFERENCES `contact` (`id`),
  CONSTRAINT `FK_estimate_currency_code` FOREIGN KEY (`currency_code`) REFERENCES `currency_code` (`code`),
  CONSTRAINT `FK_estimate_user` FOREIGN KEY (`user_id`) REFERENCES `user` (`id`)
) ENGINE=InnoDB AUTO_INCREMENT=39 DEFAULT CHARSET=latin1;

-- Volcando datos para la tabla krece.estimate: ~30 rows (aproximadamente)
DELETE FROM `estimate`;
/*!40000 ALTER TABLE `estimate` DISABLE KEYS */;
INSERT INTO `estimate` (`id`, `account_id`, `public_id`, `resolution_id`, `user_id`, `seller_id`, `list_price_id`, `customer_id`, `currency_code`, `sub_total`, `total_discounts`, `total_taxes`, `total`, `date`, `due_date`, `notes`, `observations`, `exchange_rate`, `isDeleted`, `created_at`, `updated_at`, `deleted_at`) VALUES
	(1, 1, 1, 1, 1, NULL, 1, 1, 'COP', NULL, NULL, NULL, 2000, '2016-12-13', '2016-12-13', 'notas act', 'observaciones', 1, b'1', '2016-12-13 14:51:38', '2017-03-06 09:51:15', '2017-03-06 09:51:15'),
	(2, 2, 1, 1, 2, NULL, NULL, 1, 'COP', NULL, NULL, NULL, 123, '2016-12-13', '2016-12-13', 'notes', 'observ', 1, b'0', '2016-12-13 18:07:49', '2016-12-13 18:07:50', NULL),
	(4, 1, 2, 2, 1, 1, 1, 1, 'COP', 3000, 0, 0, 3000, '2017-01-12', '2017-01-12', 'notas', NULL, NULL, b'1', '2017-01-03 19:52:07', '2017-03-06 09:51:11', '2017-03-06 09:51:11'),
	(7, 1, 3, 3, 1, NULL, 1, 1, 'COP', NULL, NULL, NULL, 2000, '2017-01-13', '2017-01-13', 'nota', NULL, NULL, b'1', '2017-01-03 20:30:07', '2017-03-06 09:49:29', '2017-03-06 09:49:29'),
	(9, 1, 4, 4, 1, NULL, 1, 1, 'COP', NULL, NULL, NULL, NULL, '2017-04-01', '2017-03-01', 'as', 'as', NULL, b'1', '2017-01-03 21:14:12', '2017-03-06 09:51:07', '2017-03-06 09:51:07'),
	(10, 1, 5, 5, 1, NULL, 1, 1, 'COP', NULL, NULL, NULL, NULL, '2017-04-01', '2017-03-01', 'as', 'as', NULL, b'1', '2017-01-03 21:15:14', '2017-03-06 09:49:25', '2017-03-06 09:49:25'),
	(11, 1, 6, 6, 1, NULL, 1, 1, 'COP', NULL, NULL, NULL, NULL, '2017-04-01', '2017-03-01', 'as', 'as', NULL, b'1', '2017-01-03 21:16:45', '2017-03-06 09:51:04', '2017-03-06 09:51:04'),
	(12, 1, 7, 7, 1, NULL, 1, 1, 'COP', NULL, NULL, NULL, NULL, '2017-04-01', '2017-03-01', 'as', 'as', NULL, b'1', '2017-01-03 21:17:51', '2017-03-06 09:51:00', '2017-03-06 09:51:00'),
	(13, 1, 8, 8, 1, NULL, 1, 1, 'COP', NULL, NULL, NULL, NULL, '2017-04-01', '2017-03-01', 'as', 'as', NULL, b'1', '2017-01-03 21:18:05', '2017-03-06 09:49:17', '2017-03-06 09:49:17'),
	(14, 1, 9, 9, 1, NULL, 1, 1, 'COP', NULL, NULL, NULL, NULL, '2017-04-01', '2017-03-01', 'as', 'as', NULL, b'1', '2017-01-03 21:20:11', '2017-03-06 09:49:13', '2017-03-06 09:49:13'),
	(15, 1, 10, 10, 1, NULL, 1, 1, 'COP', NULL, NULL, NULL, NULL, '2017-04-01', '2017-03-01', 'as', 'as', NULL, b'1', '2017-01-03 21:20:55', '2017-02-06 09:51:15', '2017-02-06 09:51:15'),
	(16, 1, 11, 11, 1, NULL, 1, 1, 'COP', NULL, NULL, NULL, NULL, '2017-04-01', '2017-03-01', 'as', 'as', NULL, b'1', '2017-01-03 21:20:57', '2017-02-06 09:51:10', '2017-02-06 09:51:10'),
	(17, 1, 12, 12, 1, NULL, 1, 1, 'COP', NULL, NULL, NULL, NULL, '2017-04-01', '2017-03-01', 'as', 'as', NULL, b'1', '2017-01-03 21:21:05', '2017-03-06 09:49:08', '2017-03-06 09:49:08'),
	(18, 1, 13, 13, 1, NULL, 1, 1, 'COP', NULL, NULL, NULL, NULL, '2017-04-01', '2017-03-01', 'as', 'as', NULL, b'1', '2017-01-03 21:27:20', '2017-02-06 09:51:04', '2017-02-06 09:51:04'),
	(19, 1, 14, 14, 1, NULL, 1, 1, 'COP', NULL, NULL, NULL, 2000, '2017-04-01', '2017-03-01', 'as', 'as', NULL, b'1', '2017-01-03 21:27:38', '2017-03-06 09:49:04', '2017-03-06 09:49:04'),
	(20, 1, 15, 15, 1, NULL, 1, 1, 'COP', NULL, NULL, NULL, NULL, '2017-04-01', '2017-03-01', 'as', 'as', NULL, b'1', '2017-01-03 21:39:30', '2017-02-06 09:48:58', '2017-02-06 09:48:58'),
	(21, 1, 16, 16, 1, NULL, 1, 1, 'COP', NULL, NULL, NULL, NULL, '2017-04-01', '2017-03-01', 'as', 'as', NULL, b'1', '2017-01-03 21:47:33', '2017-02-06 09:51:00', '2017-02-06 09:51:00'),
	(22, 1, 17, 17, 1, 4, 1, 1, 'COP', 7444, 300, 513, 7657, '2017-04-01', '2017-03-01', 'as', 'as', NULL, b'1', '2017-01-03 21:48:15', '2017-03-06 09:49:00', '2017-03-06 09:49:00'),
	(23, 1, 18, 18, 1, NULL, 1, 1, 'COP', NULL, NULL, NULL, NULL, '2017-04-01', '2017-03-01', 'as', 'as', NULL, b'1', '2017-01-03 21:49:24', '2017-02-06 09:50:52', '2017-02-06 09:50:52'),
	(24, 1, 19, 19, 1, NULL, 1, 1, 'COP', NULL, NULL, NULL, NULL, '2017-04-01', '2017-03-01', 'as', 'as', NULL, b'1', '2017-01-03 21:53:19', '2017-02-06 08:53:12', '2017-02-06 08:53:12'),
	(25, 1, 20, 20, 1, 1, 1, 4, 'COP', 90001.1, 8500.09, 0, 81501.1, '2017-01-07', '2017-01-25', 'notas cotizacion2', 'observaciones23', NULL, b'1', '2017-01-04 21:09:53', '2017-03-06 09:48:57', '2017-03-06 09:48:57'),
	(26, 1, 21, 21, 1, 1, 1, 1, 'COP', 64000, 300, 4500, 68200, '2017-01-08', '2017-01-14', 'estas notas deben salir en la cotizaci칩n final.', NULL, NULL, b'1', '2017-01-07 10:12:05', '2017-03-06 09:48:52', '2017-03-06 09:48:52'),
	(27, 1, 22, 22, 1, NULL, 1, 1, 'COP', NULL, NULL, NULL, 20000, '2017-01-11', '2017-01-18', 'noras cot', 'onserv', NULL, b'1', '2017-01-11 12:09:06', '2017-03-06 09:48:49', '2017-03-06 09:48:49'),
	(28, 1, 23, 23, 1, 2, 1, 4, 'COP', NULL, NULL, NULL, 2000, '2017-01-12', '2017-01-27', 'Notas creadas', 'observaciones', NULL, b'1', '2017-01-12 13:35:59', '2017-03-06 09:48:37', '2017-03-06 09:48:37'),
	(29, 1, 24, 24, 1, 4, 1, 18, 'USD', 8000, 0, 950, 8950, '2017-01-24', '2017-02-02', 'asas', 'observaciones', NULL, b'1', '2017-01-24 13:15:26', '2017-03-06 09:48:41', '2017-03-06 09:48:41'),
	(30, 1, 25, 25, 1, 2, 1, 1, 'COP', 5000, 500, 855, 5355, '2017-02-04', '2017-03-10', 'asas', NULL, NULL, b'1', '2017-02-04 13:01:42', '2017-03-06 09:48:45', '2017-03-06 09:48:45'),
	(31, 1, 26, 26, 1, 4, 2, 4, 'USD', 2000, 0, 0, 2000, '2017-02-07', '2017-03-02', 'notas de la cotizaci칩n', NULL, NULL, b'1', '2017-02-07 20:50:32', '2017-03-06 09:49:21', '2017-03-06 09:49:21'),
	(32, 1, 27, 27, 1, 4, 2, 4, 'USD', 2000, 0, 0, 2000, '2017-02-07', '2017-03-02', 'notas de la cotizaci칩n', NULL, NULL, b'1', '2017-02-09 14:08:33', '2017-03-06 09:50:57', '2017-03-06 09:50:57'),
	(33, 1, 28, 28, 1, 4, 2, 4, 'USD', 15000, 0, 0, 15000, '2017-02-07', '2017-03-02', 'notas de la cotizaci칩n', NULL, NULL, b'1', '2017-02-09 14:16:51', '2017-03-06 09:50:53', '2017-03-06 09:50:53'),
	(34, 1, 29, 29, 1, 4, 2, 1, 'USD', 4000, 200, 361, 4161, '2017-02-10', '2017-03-03', 'Estas son las notas no visibles en la cotizaci칩n', 'observaciones', NULL, b'1', '2017-02-10 13:37:25', '2017-03-06 09:50:49', '2017-03-06 09:50:49'),
	(35, 1, 30, 35, 1, 4, 2, 4, 'COP', 7000, 0, 0, 7000, '2017-02-10', '2017-02-16', 'testtt', NULL, NULL, b'1', '2017-02-10 13:40:14', '2017-03-06 09:50:45', '2017-03-06 09:50:45'),
	(36, 1, 31, 36, 1, 1, 1, 1, 'COP', 7000, 400, 950, 7550, '2017-02-10', '2017-03-03', 'esta fue una cotizaci칩n clonada', NULL, NULL, b'1', '2017-02-10 14:15:14', '2017-03-06 09:50:42', '2017-03-06 09:50:42'),
	(37, 1, 32, 37, 1, 4, 1, 4, 'COP', 5000, 0, 0, 5000, '2017-02-12', '2017-02-09', 'asas', 'as', NULL, b'1', '2017-02-12 14:18:38', '2017-03-06 09:50:38', '2017-03-06 09:50:38'),
	(38, 1, 33, 38, 1, 4, 1, 25, 'COP', 7000, 0, 380, 7380, '2017-03-08', '2017-04-07', 'notas de la cotizacion jakhjksahdsjak', 'observaciones zjkahsjkashj', NULL, b'0', '2017-03-08 17:14:19', '2017-03-08 17:35:57', NULL);
/*!40000 ALTER TABLE `estimate` ENABLE KEYS */;

-- Volcando estructura para tabla krece.estimate_detail
CREATE TABLE IF NOT EXISTS `estimate_detail` (
  `id` int(11) NOT NULL AUTO_INCREMENT,
  `estimate_id` int(11) NOT NULL,
  `user_id` int(11) NOT NULL,
  `product_id` int(11) NOT NULL,
  `reference` varchar(50) DEFAULT NULL,
  `unit_price` float NOT NULL,
  `discount` float DEFAULT '0',
  `tax_id` int(11) DEFAULT NULL,
  `tax_amount` float DEFAULT '0',
  `name` varchar(255) DEFAULT NULL,
  `description` varchar(255) DEFAULT NULL,
  `quantity` int(11) NOT NULL,
  `total_tax` float DEFAULT '0',
  `total` float DEFAULT '0',
  `created_at` timestamp NULL DEFAULT NULL,
  `updated_at` timestamp NULL DEFAULT NULL,
  `deleted_at` timestamp NULL DEFAULT NULL,
  PRIMARY KEY (`id`),
  KEY `FK_quote_detail_quote_id` (`estimate_id`),
  KEY `FK_quote_detail_company` (`user_id`),
  KEY `FK_quote_detail_item` (`product_id`),
  KEY `FK_quote_detail_tax` (`tax_id`),
  CONSTRAINT `FK_estimate_detail_item` FOREIGN KEY (`product_id`) REFERENCES `product` (`id`),
  CONSTRAINT `FK_estimate_detail_remision_id` FOREIGN KEY (`estimate_id`) REFERENCES `estimate` (`id`),
  CONSTRAINT `FK_estimate_detail_user` FOREIGN KEY (`user_id`) REFERENCES `user` (`id`),
  CONSTRAINT `FK_estimate_tax` FOREIGN KEY (`tax_id`) REFERENCES `tax` (`id`)
) ENGINE=InnoDB AUTO_INCREMENT=227 DEFAULT CHARSET=latin1;

-- Volcando datos para la tabla krece.estimate_detail: ~39 rows (aproximadamente)
DELETE FROM `estimate_detail`;
/*!40000 ALTER TABLE `estimate_detail` DISABLE KEYS */;
INSERT INTO `estimate_detail` (`id`, `estimate_id`, `user_id`, `product_id`, `reference`, `unit_price`, `discount`, `tax_id`, `tax_amount`, `name`, `description`, `quantity`, `total_tax`, `total`, `created_at`, `updated_at`, `deleted_at`) VALUES
	(4, 23, 1, 2, NULL, 2222, 0, NULL, 0, NULL, 'descripcion', 2, 0, 4444, '2017-01-03 21:49:24', '2017-01-03 21:49:24', NULL),
	(5, 24, 1, 2, NULL, 2222, 0, NULL, 0, NULL, 'descripcion', 2, 0, 4444, '2017-01-03 21:53:19', '2017-01-03 21:53:19', NULL),
	(6, 24, 1, 2, NULL, 30000, 0, NULL, 0, NULL, 'desc2', 1, 0, 30000, '2017-01-03 21:53:19', '2017-01-03 21:53:19', NULL),
	(44, 27, 1, 2, NULL, 20000, 0, NULL, 1, NULL, 'desc prod1', 1, 0, 20000, '2017-01-11 12:09:07', '2017-01-11 12:09:07', NULL),
	(69, 1, 1, 2, NULL, 2000, 0, NULL, 0, NULL, 'producto 1', 1, 0, 2000, '2017-01-12 17:54:59', '2017-01-12 17:54:59', NULL),
	(72, 7, 1, 2, NULL, 2000, 0, NULL, 0, NULL, 'producto 1', 1, 0, 2000, '2017-01-13 18:09:52', '2017-01-13 18:09:52', NULL),
	(76, 28, 1, 2, NULL, 2000, 0, NULL, 0, NULL, 'producto 1', 1, 0, 2000, '2017-01-24 13:14:33', '2017-01-24 13:14:33', NULL),
	(81, 19, 1, 2, NULL, 2000, 0, NULL, 0, NULL, 'producto 1', 1, 0, 2000, '2017-02-06 09:49:22', '2017-02-06 09:49:22', NULL),
	(86, 30, 1, 4, NULL, 5000, 10, NULL, 19, NULL, 'producto para pruebas', 1, 0, 5000, '2017-02-06 10:15:05', '2017-02-06 10:15:05', NULL),
	(87, 29, 1, 2, NULL, 2000, 0, NULL, 19, NULL, 'producto 1', 1, 0, 2000, '2017-02-06 10:17:58', '2017-02-06 10:17:58', NULL),
	(88, 29, 1, 3, NULL, 3000, 0, NULL, 0, NULL, 'descripcion producto 2', 1, 0, 3000, '2017-02-06 10:17:58', '2017-02-06 10:17:58', NULL),
	(89, 29, 1, 3, NULL, 3000, 0, NULL, 19, NULL, 'descripcion producto 2', 1, 0, 3000, '2017-02-06 10:17:58', '2017-02-06 10:17:58', NULL),
	(90, 22, 1, 2, NULL, 2222, 0, NULL, 0, NULL, NULL, 2, 0, 4444, '2017-02-06 10:18:30', '2017-02-06 10:18:30', NULL),
	(91, 22, 1, 3, NULL, 3000, 10, NULL, 19, NULL, 'descripcion producto 2', 1, 0, 3000, '2017-02-06 10:18:30', '2017-02-06 10:18:30', NULL),
	(94, 25, 1, 2, NULL, 40000.3, 10, NULL, 0, NULL, 'product 2', 2, 0, 80000.7, '2017-02-06 18:58:41', '2017-02-06 18:58:41', NULL),
	(95, 25, 1, 2, NULL, 10000.5, 5, NULL, 0, NULL, 'p3', 1, 0, 10000.5, '2017-02-06 18:58:41', '2017-02-06 18:58:41', NULL),
	(96, 26, 1, 3, NULL, 3000, 5, NULL, 0, NULL, 'descripcion producto 2', 2, 0, 6000, '2017-02-06 20:45:41', '2017-02-06 20:45:41', NULL),
	(97, 26, 1, 2, NULL, 50000, 0, NULL, 9, NULL, 'd2', 1, 0, 50000, '2017-02-06 20:45:41', '2017-02-06 20:45:41', NULL),
	(98, 26, 1, 3, NULL, 3000, 0, NULL, 0, NULL, 'descripcion producto 2', 1, 0, 3000, '2017-02-06 20:45:41', '2017-02-06 20:45:41', NULL),
	(99, 26, 1, 2, NULL, 2000, 0, NULL, 0, NULL, 'producto 1', 1, 0, 2000, '2017-02-06 20:45:41', '2017-02-06 20:45:41', NULL),
	(100, 26, 1, 3, NULL, 3000, 0, NULL, 0, NULL, 'descripcion producto 2', 1, 0, 3000, '2017-02-06 20:45:41', '2017-02-06 20:45:41', NULL),
	(101, 31, 1, 2, NULL, 2000, 0, NULL, 0, NULL, 'producto 1', 1, 0, 2000, '2017-02-07 20:50:32', '2017-02-07 20:50:32', NULL),
	(102, 4, 1, 3, NULL, 3000, 0, NULL, 0, NULL, 'descripcion producto 2', 1, 0, 3000, '2017-02-09 11:54:38', '2017-02-09 11:54:38', NULL),
	(103, 32, 1, 2, NULL, 2000, 0, NULL, 0, NULL, 'producto 1', 1, 0, 2000, '2017-02-09 14:08:33', '2017-02-09 14:08:33', NULL),
	(104, 33, 1, 2, NULL, 2000, 0, NULL, 0, NULL, 'producto 1', 1, 0, 2000, '2017-02-09 14:16:51', '2017-02-09 14:16:51', NULL),
	(105, 33, 1, 2, NULL, 2000, 0, NULL, 0, NULL, 'producto 1', 1, 0, 2000, '2017-02-09 14:16:51', '2017-02-09 14:16:51', NULL),
	(106, 33, 1, 3, NULL, 3000, 0, NULL, 0, NULL, 'descripcion producto 2', 1, 0, 3000, '2017-02-09 14:16:51', '2017-02-09 14:16:51', NULL),
	(107, 33, 1, 4, NULL, 5000, 0, NULL, 0, NULL, 'producto para pruebas', 1, 0, 5000, '2017-02-09 14:16:51', '2017-02-09 14:16:51', NULL),
	(108, 33, 1, 3, NULL, 3000, 0, NULL, 0, NULL, 'descripcion producto 2', 1, 0, 3000, '2017-02-09 14:16:51', '2017-02-09 14:16:51', NULL),
	(109, 34, 1, 2, NULL, 2000, 5, NULL, 19, NULL, 'producto 1', 1, 0, 2000, '2017-02-10 13:37:25', '2017-02-10 13:37:25', NULL),
	(110, 34, 1, 2, NULL, 2000, 5, NULL, 0, NULL, 'producto 1', 1, 0, 2000, '2017-02-10 13:37:25', '2017-02-10 13:37:25', NULL),
	(111, 35, 1, 2, NULL, 2000, 0, NULL, 0, NULL, 'producto 1', 1, 0, 2000, '2017-02-10 13:40:14', '2017-02-10 13:40:14', NULL),
	(112, 35, 1, 3, NULL, 3000, 0, NULL, 0, NULL, 'descripcion producto 2', 1, 0, 3000, '2017-02-10 13:40:14', '2017-02-10 13:40:14', NULL),
	(113, 35, 1, 2, NULL, 2000, 0, NULL, 0, NULL, 'producto 1', 1, 0, 2000, '2017-02-10 13:40:14', '2017-02-10 13:40:14', NULL),
	(114, 36, 1, 3, NULL, 3000, 0, NULL, 19, NULL, 'descripcion producto 2', 1, 0, 3000, '2017-02-10 14:15:14', '2017-02-10 14:15:14', NULL),
	(115, 36, 1, 2, NULL, 2000, 0, NULL, 19, NULL, 'producto 1', 1, 0, 2000, '2017-02-10 14:15:14', '2017-02-10 14:15:14', NULL),
	(116, 36, 1, 2, NULL, 2000, 20, NULL, 0, NULL, 'producto 1', 1, 0, 2000, '2017-02-10 14:15:14', '2017-02-10 14:15:14', NULL),
	(218, 37, 1, 2, NULL, 2000, 0, NULL, 0, NULL, 'producto 1', 1, 0, 2000, '2017-02-13 12:40:27', '2017-02-13 12:40:27', NULL),
	(219, 37, 1, 3, NULL, 3000, 0, NULL, 0, NULL, 'descripcion producto 2', 1, 0, 3000, '2017-02-13 12:40:27', '2017-02-13 12:40:27', NULL),
	(225, 38, 1, 6, NULL, 2000, 0, 3, 19, NULL, NULL, 1, 380, 2000, '2017-03-08 17:35:57', '2017-03-08 17:35:57', NULL),
	(226, 38, 1, 7, NULL, 5000, 0, NULL, 0, NULL, NULL, 1, 0, 5000, '2017-03-08 17:35:57', '2017-03-08 17:35:57', NULL);
/*!40000 ALTER TABLE `estimate_detail` ENABLE KEYS */;

-- Volcando estructura para tabla krece.invoice_payments_invoices
CREATE TABLE IF NOT EXISTS `invoice_payments_invoices` (
  `id` int(11) NOT NULL,
  `number` varchar(50) NOT NULL,
  `date` date NOT NULL,
  `total` float NOT NULL,
  `amount` float NOT NULL,
  KEY `FK_invoice_payment_invoices` (`id`),
  CONSTRAINT `FK_invoice_payment_invoices` FOREIGN KEY (`id`) REFERENCES `invoice_payments` (`id`)
) ENGINE=InnoDB DEFAULT CHARSET=latin1 COMMENT='sales invoices payed';

-- Volcando datos para la tabla krece.invoice_payments_invoices: ~0 rows (aproximadamente)
DELETE FROM `invoice_payments_invoices`;
/*!40000 ALTER TABLE `invoice_payments_invoices` DISABLE KEYS */;
/*!40000 ALTER TABLE `invoice_payments_invoices` ENABLE KEYS */;

-- Volcando estructura para tabla krece.invoice_sale_order
CREATE TABLE IF NOT EXISTS `invoice_sale_order` (
  `id` bigint(20) NOT NULL AUTO_INCREMENT,
  `public_id` int(11) NOT NULL,
  `user_id` int(11) NOT NULL COMMENT 'related with client that will receive the invoice',
  `account_id` int(11) NOT NULL,
  `resolution_id` int(11) unsigned NOT NULL COMMENT 'resolution DIAN #',
  `customer_id` int(11) NOT NULL,
  `date` date NOT NULL,
  `due_date` date NOT NULL,
  `payment_terms_id` varchar(20) NOT NULL,
  `status_id` int(11) NOT NULL COMMENT 'Status of the invoice that could be open, closed, revoked',
  `notes` text COMMENT 'vissible inf the sale invoice',
  `observations` text COMMENT 'for customer tracking , just internal',
  `seller_id` int(11) DEFAULT NULL,
  `list_price_id` int(11) DEFAULT NULL,
  `category_id` int(11) DEFAULT NULL,
  `currency_code` varchar(3) NOT NULL,
  `sub_total` float DEFAULT NULL,
  `total_discounts` float DEFAULT NULL,
  `total_taxes` float DEFAULT NULL,
  `total` float DEFAULT NULL,
  `currency_code_multicurrency` varchar(3) DEFAULT NULL,
  `exchange_rate` float DEFAULT NULL,
  `isRecurring` bit(1) NOT NULL DEFAULT b'0',
  `isDeleted` bit(1) NOT NULL DEFAULT b'0',
  `created_at` timestamp NULL DEFAULT NULL,
  `updated_at` timestamp NULL DEFAULT NULL,
  `deleted_at` timestamp NULL DEFAULT NULL,
  PRIMARY KEY (`id`),
  UNIQUE KEY `UK_ISS_public_id_account_id` (`public_id`,`account_id`),
  KEY `FK_invoice_sale_currency` (`currency_code`),
  KEY `FK_invoice_sale_customerID` (`customer_id`),
  KEY `FK_invoice_sale_status` (`status_id`),
  KEY `FK_invoice_sale_list_price` (`list_price_id`),
  KEY `FK_invocie_sale_account` (`account_id`),
  KEY `FK_invoice_sale_seller` (`seller_id`),
  KEY `FK_invoice_sale_user` (`user_id`),
  KEY `FK_invoice_sale_category` (`category_id`),
  CONSTRAINT `FK_invocie_sale_account` FOREIGN KEY (`account_id`) REFERENCES `account` (`id`),
  CONSTRAINT `FK_invoice_sale_category` FOREIGN KEY (`category_id`) REFERENCES `category` (`id`),
  CONSTRAINT `FK_invoice_sale_currency` FOREIGN KEY (`currency_code`) REFERENCES `currency_code` (`code`),
  CONSTRAINT `FK_invoice_sale_customerID` FOREIGN KEY (`customer_id`) REFERENCES `contact` (`id`),
  CONSTRAINT `FK_invoice_sale_listprice` FOREIGN KEY (`list_price_id`) REFERENCES `list_price` (`id`),
  CONSTRAINT `FK_invoice_sale_seller` FOREIGN KEY (`seller_id`) REFERENCES `seller` (`id`),
  CONSTRAINT `FK_invoice_sale_status` FOREIGN KEY (`status_id`) REFERENCES `invoice_sale_order_status` (`id`),
  CONSTRAINT `FK_invoice_sale_user` FOREIGN KEY (`user_id`) REFERENCES `user` (`id`)
) ENGINE=InnoDB AUTO_INCREMENT=29 DEFAULT CHARSET=latin1 COMMENT='Header of sale invoices';

-- Volcando datos para la tabla krece.invoice_sale_order: ~18 rows (aproximadamente)
DELETE FROM `invoice_sale_order`;
/*!40000 ALTER TABLE `invoice_sale_order` DISABLE KEYS */;
INSERT INTO `invoice_sale_order` (`id`, `public_id`, `user_id`, `account_id`, `resolution_id`, `customer_id`, `date`, `due_date`, `payment_terms_id`, `status_id`, `notes`, `observations`, `seller_id`, `list_price_id`, `category_id`, `currency_code`, `sub_total`, `total_discounts`, `total_taxes`, `total`, `currency_code_multicurrency`, `exchange_rate`, `isRecurring`, `isDeleted`, `created_at`, `updated_at`, `deleted_at`) VALUES
	(11, 1, 1, 1, 1, 4, '2017-02-14', '2017-02-14', '2', 1, 'asas', NULL, 4, 1, 34, 'COP', 7000, 400, 380, 6980, NULL, NULL, b'0', b'1', '2017-02-14 14:11:36', '2017-02-14 15:23:31', '2017-02-14 15:23:31'),
	(12, 2, 1, 1, 2, 1, '2017-02-14', '2017-02-14', '2', 6, 'asa', 'as', 4, 1, 34, 'COP', 3000, 0, 0, 3000, NULL, NULL, b'0', b'1', '2017-02-14 14:22:03', '2017-03-06 10:13:24', '2017-03-06 10:13:24'),
	(13, 3, 1, 1, 3, 4, '2017-02-14', '2017-02-22', '3', 6, 'asas', NULL, 4, 1, 34, 'COP', 11000, 0, 0, 11000, NULL, NULL, b'0', b'1', '2017-02-14 15:28:09', '2017-03-06 10:13:21', '2017-03-06 10:13:21'),
	(14, 4, 1, 1, 4, 4, '2017-02-14', '2017-02-14', '2', 1, 'as', 'as', 4, 1, 34, 'COP', 7000, 0, 380, 7380, NULL, NULL, b'0', b'1', '2017-02-14 15:28:21', '2017-03-06 09:47:05', '2017-03-06 09:47:05'),
	(15, 5, 1, 1, 5, 12, '2017-02-14', '2017-02-22', '3', 1, 'asas', 'as', 4, 1, 34, 'COP', 5000, 0, 950, 5950, NULL, NULL, b'0', b'1', '2017-01-14 17:22:54', '2017-03-06 09:47:20', '2017-03-06 09:47:20'),
	(16, 6, 1, 1, 6, 4, '2017-02-14', '2017-02-14', '2', 1, 'asa', 'sa', 4, 1, 34, 'COP', 10000, 0, 1330, 11330, NULL, NULL, b'0', b'1', '2017-02-14 17:26:14', '2017-03-06 09:47:09', '2017-03-06 09:47:09'),
	(17, 7, 1, 1, 7, 4, '2017-02-15', '2017-02-15', '2', 1, 'asas', 'as', 4, 1, 34, 'COP', 7000, 0, 950, 7950, NULL, NULL, b'0', b'1', '2017-01-15 10:16:28', '2017-03-06 09:47:13', '2017-03-06 09:47:13'),
	(18, 8, 1, 1, 1, 22, '2017-02-17', '2017-02-17', '2', 6, 'Notas', 'observaciones', 4, 1, 34, 'COP', 32000, 500, 4750, 36250, NULL, NULL, b'0', b'1', '2017-02-17 16:23:49', '2017-03-06 10:13:28', '2017-03-06 10:13:28'),
	(19, 9, 1, 1, 9, 22, '2017-02-17', '2017-02-17', '2', 1, 'nota', NULL, 4, 1, 34, 'COP', 6000, 400, 380, 5980, NULL, NULL, b'0', b'1', '2017-02-17 16:31:24', '2017-03-06 09:46:58', '2017-03-06 09:46:58'),
	(20, 10, 1, 1, 10, 4, '2017-02-20', '2017-02-20', '1', 1, 'test', NULL, 4, 1, 34, 'COP', 15000, 0, 0, 15000, NULL, NULL, b'0', b'1', '2017-02-20 19:06:13', '2017-03-06 09:46:54', '2017-03-06 09:46:54'),
	(21, 11, 1, 1, 11, 1, '2017-02-22', '2017-02-22', '1', 1, 'asas', NULL, 4, 1, 34, 'COP', 5000, 0, 0, 5000, NULL, NULL, b'0', b'1', '2017-02-22 13:30:50', '2017-03-06 09:46:50', '2017-03-06 09:46:50'),
	(22, 12, 1, 1, 12, 1, '2017-02-24', '2017-02-24', '1', 1, 'qwq', NULL, 4, 1, 34, 'COP', 2000, 0, 0, 2000, NULL, NULL, b'0', b'1', '2017-02-24 20:09:25', '2017-03-06 09:46:46', '2017-03-06 09:46:46'),
	(23, 13, 1, 1, 13, 1, '2017-02-27', '2017-02-27', '1', 6, 'qw', NULL, 4, 1, 34, 'COP', 5000, 0, 0, 5000, NULL, NULL, b'0', b'1', '2017-02-27 17:34:30', '2017-03-06 10:13:16', '2017-03-06 10:13:16'),
	(24, 14, 1, 1, 14, 1, '2017-02-27', '2017-02-27', '1', 1, 'as', 'as', 4, 1, 34, 'COP', 7000, 0, 0, 7000, NULL, NULL, b'0', b'1', '2017-02-27 21:49:09', '2017-03-06 09:46:42', '2017-03-06 09:46:42'),
	(25, 15, 1, 1, 15, 23, '2017-02-28', '2017-03-09', '2', 1, 'estas notas est치n visibles', NULL, 4, 1, 34, 'COP', 10000, 0, 0, 10000, NULL, NULL, b'0', b'1', '2017-02-28 10:14:20', '2017-03-06 09:46:39', '2017-03-06 09:46:39'),
	(26, 16, 1, 1, 16, 1, '2017-05-03', '2017-05-31', '2', 1, 'Creado desde mi phone', NULL, 4, 1, 34, 'COP', 4000, 0, 0, 4000, NULL, NULL, b'0', b'1', '2017-03-05 11:15:50', '2017-03-06 09:46:34', '2017-03-06 09:46:34'),
	(27, 17, 1, 1, 17, 25, '2017-03-13', '2017-03-13', '1', 2, 'notas visibles en la factura', NULL, 4, 1, 34, 'COP', 2000, 0, 0, 2000, NULL, NULL, b'0', b'0', '2017-03-13 12:24:32', '2017-03-13 13:09:28', NULL),
	(28, 18, 1, 1, 18, 25, '2017-03-13', '2017-03-13', '1', 1, 'notas visibles test2', NULL, 4, 1, 34, 'COP', 14000, 0, 0, 14000, NULL, NULL, b'0', b'0', '2017-03-13 12:29:37', '2017-03-13 12:38:25', NULL);
/*!40000 ALTER TABLE `invoice_sale_order` ENABLE KEYS */;

-- Volcando estructura para tabla krece.invoice_sale_order_credit_note
CREATE TABLE IF NOT EXISTS `invoice_sale_order_credit_note` (
  `invoice_sale_order_id` bigint(20) NOT NULL,
  `credit_note_id` int(11) NOT NULL,
  PRIMARY KEY (`invoice_sale_order_id`,`credit_note_id`),
  KEY `FK_isocn_credit_note_id` (`credit_note_id`),
  CONSTRAINT `FK_isocn_credit_note_id` FOREIGN KEY (`credit_note_id`) REFERENCES `credit_note` (`id`),
  CONSTRAINT `FK_isocn_invoice_sale_order` FOREIGN KEY (`invoice_sale_order_id`) REFERENCES `invoice_sale_order` (`id`)
) ENGINE=InnoDB DEFAULT CHARSET=latin1 COMMENT='join between the invoice sale order table and the quote one. Here are integrated the quote that belongs to the sale order table.';

-- Volcando datos para la tabla krece.invoice_sale_order_credit_note: ~0 rows (aproximadamente)
DELETE FROM `invoice_sale_order_credit_note`;
/*!40000 ALTER TABLE `invoice_sale_order_credit_note` DISABLE KEYS */;
/*!40000 ALTER TABLE `invoice_sale_order_credit_note` ENABLE KEYS */;

-- Volcando estructura para tabla krece.invoice_sale_order_detail
CREATE TABLE IF NOT EXISTS `invoice_sale_order_detail` (
  `id` bigint(20) NOT NULL AUTO_INCREMENT COMMENT 'header invoice number',
  `invoice_sale_order_id` bigint(20) NOT NULL,
  `user_id` int(11) NOT NULL,
  `tax_id` int(11) DEFAULT NULL,
  `product_id` int(10) DEFAULT NULL,
  `name` varchar(100) DEFAULT NULL,
  `description` varchar(255) DEFAULT NULL,
  `reference` varchar(50) DEFAULT NULL,
  `unit_price` float NOT NULL,
  `discount` float DEFAULT NULL,
  `tax_amount` float DEFAULT NULL,
  `quantity` int(11) NOT NULL,
  `total` float DEFAULT NULL,
  `total_tax` float DEFAULT NULL,
  `created_at` timestamp NULL DEFAULT CURRENT_TIMESTAMP ON UPDATE CURRENT_TIMESTAMP,
  `updated_at` timestamp NULL DEFAULT '0000-00-00 00:00:00',
  PRIMARY KEY (`id`),
  KEY `FK_ISOI_invoice_sale_order` (`invoice_sale_order_id`),
  KEY `FK_ISOI_item` (`product_id`),
  KEY `FK_ISOI_company` (`user_id`),
  KEY `FK_ISOI_tax` (`tax_id`),
  CONSTRAINT `FK_ISOI_company` FOREIGN KEY (`user_id`) REFERENCES `user` (`id`),
  CONSTRAINT `FK_ISOI_invoice_sale_order` FOREIGN KEY (`invoice_sale_order_id`) REFERENCES `invoice_sale_order` (`id`),
  CONSTRAINT `FK_ISOI_item` FOREIGN KEY (`product_id`) REFERENCES `product` (`id`),
  CONSTRAINT `FK_ISOI_tax` FOREIGN KEY (`tax_id`) REFERENCES `tax` (`id`)
) ENGINE=InnoDB AUTO_INCREMENT=84 DEFAULT CHARSET=latin1 COMMENT='detail of the invoice generated';

-- Volcando datos para la tabla krece.invoice_sale_order_detail: ~40 rows (aproximadamente)
DELETE FROM `invoice_sale_order_detail`;
/*!40000 ALTER TABLE `invoice_sale_order_detail` DISABLE KEYS */;
INSERT INTO `invoice_sale_order_detail` (`id`, `invoice_sale_order_id`, `user_id`, `tax_id`, `product_id`, `name`, `description`, `reference`, `unit_price`, `discount`, `tax_amount`, `quantity`, `total`, `total_tax`, `created_at`, `updated_at`) VALUES
	(5, 11, 1, NULL, 2, NULL, 'producto 1', 'ref', 2000, 20, 0, 1, 1600, NULL, '2017-02-14 14:18:56', '2017-02-14 14:18:56'),
	(6, 11, 1, NULL, 3, NULL, 'descripcion producto 2', 'ref2', 3000, 0, 0, 1, 3000, NULL, '2017-02-14 14:18:56', '2017-02-14 14:18:56'),
	(7, 11, 1, NULL, 2, NULL, 'producto 1', 'ref', 2000, 0, 19, 1, 2000, NULL, '2017-02-14 14:18:56', '2017-02-14 14:18:56'),
	(8, 12, 1, NULL, 3, NULL, 'descripcion producto 2', 'ref2', 3000, 0, 0, 1, 3000, NULL, '2017-02-14 14:22:03', '2017-02-14 14:22:03'),
	(9, 13, 1, NULL, 3, NULL, 'descripcion producto 2', 'ref2', 3000, 0, 0, 1, 3000, NULL, '2017-02-14 15:28:09', '2017-02-14 15:28:09'),
	(10, 13, 1, NULL, 3, NULL, 'descripcion producto 2', 'ref2', 3000, 0, 0, 1, 3000, NULL, '2017-02-14 15:28:09', '2017-02-14 15:28:09'),
	(11, 13, 1, NULL, 4, NULL, 'producto para pruebas', '1234', 5000, 0, 0, 1, 5000, NULL, '2017-02-14 15:28:09', '2017-02-14 15:28:09'),
	(13, 14, 1, NULL, 4, NULL, 'producto para pruebas', '1234', 5000, 0, 0, 1, 5000, NULL, '2017-02-14 16:44:15', '2017-02-14 16:44:15'),
	(14, 14, 1, NULL, 2, NULL, 'producto 1', 'ref', 2000, 0, 19, 1, 2000, NULL, '2017-02-14 16:44:16', '2017-02-14 16:44:16'),
	(17, 15, 1, 3, 2, NULL, 'producto 1', 'ref', 2000, 0, 19, 1, 2000, NULL, '2017-02-14 17:24:15', '2017-02-14 17:24:15'),
	(18, 15, 1, 4, 3, NULL, 'descripcion producto 2', 'ref2', 3000, 0, 19, 1, 3000, NULL, '2017-02-14 17:24:15', '2017-02-14 17:24:15'),
	(37, 16, 1, 3, 2, NULL, 'producto 1', 'ref', 2000, 0, 19, 1, 2000, 380, '2017-02-14 18:12:17', '2017-02-14 18:12:17'),
	(38, 16, 1, 5, 3, NULL, 'descripcion producto 2', 'ref2', 3000, 0, 0, 1, 3000, 0, '2017-02-14 18:12:17', '2017-02-14 18:12:17'),
	(39, 16, 1, 4, 4, NULL, 'producto para pruebas', '1234', 5000, 0, 19, 1, 5000, 950, '2017-02-14 18:12:17', '2017-02-14 18:12:17'),
	(42, 17, 1, 3, 2, NULL, 'producto 1', 'ref', 2000, 0, 19, 1, 2000, 380, '2017-02-15 12:35:23', '2017-02-15 12:35:23'),
	(43, 17, 1, NULL, 2, NULL, 'producto 1', 'ref', 2000, 0, 0, 1, 2000, 0, '2017-02-15 12:35:23', '2017-02-15 12:35:23'),
	(44, 17, 1, 4, 3, NULL, 'descripcion producto 2', 'ref2', 3000, 0, 19, 1, 3000, 570, '2017-02-15 12:35:23', '2017-02-15 12:35:23'),
	(48, 19, 1, NULL, 2, NULL, 'producto 1', 'ref', 2000, 20, 0, 1, 1600, 0, '2017-02-17 16:31:24', '2017-02-17 16:31:24'),
	(49, 19, 1, NULL, 2, NULL, 'producto 1', 'ref', 2000, 0, 0, 1, 2000, 0, '2017-02-17 16:31:25', '2017-02-17 16:31:25'),
	(50, 19, 1, 3, 2, NULL, 'producto 1', 'ref', 2000, 0, 19, 1, 2000, 380, '2017-02-17 16:31:25', '2017-02-17 16:31:25'),
	(51, 18, 1, NULL, 4, NULL, 'producto para pruebas', '1234', 2000, 0, 0, 1, 2000, 0, '2017-02-20 15:05:57', '2017-02-20 15:05:57'),
	(52, 18, 1, NULL, 4, NULL, 'producto para pruebas', '1234', 5000, 10, 0, 1, 4500, 0, '2017-02-20 15:05:57', '2017-02-20 15:05:57'),
	(53, 18, 1, 4, 4, NULL, 'producto para pruebas', '1234', 25000, 0, 19, 1, 25000, 4750, '2017-02-20 15:05:57', '2017-02-20 15:05:57'),
	(54, 20, 1, NULL, 4, NULL, 'producto para pruebas', '1234', 5000, 0, 0, 1, 5000, 0, '2017-02-20 19:06:13', '2017-02-20 19:06:13'),
	(55, 20, 1, NULL, 2, NULL, 'producto 1', 'ref', 2000, 0, 0, 1, 2000, 0, '2017-02-20 19:06:13', '2017-02-20 19:06:13'),
	(56, 20, 1, NULL, 3, NULL, 'descripcion producto 2', 'ref2', 3000, 0, 0, 1, 3000, 0, '2017-02-20 19:06:13', '2017-02-20 19:06:13'),
	(57, 20, 1, NULL, 4, NULL, 'producto para pruebas', '1234', 5000, 0, 0, 1, 5000, 0, '2017-02-20 19:06:14', '2017-02-20 19:06:14'),
	(58, 21, 1, NULL, 4, NULL, 'producto para pruebas', '1234', 5000, 0, 0, 1, 5000, 0, '2017-02-22 13:30:50', '2017-02-22 13:30:50'),
	(59, 22, 1, NULL, 2, NULL, 'producto 1', 'ref', 2000, 0, 0, 1, 2000, 0, '2017-02-24 20:09:26', '2017-02-24 20:09:26'),
	(60, 23, 1, NULL, 4, NULL, 'producto para pruebas', '1234', 5000, 0, 0, 1, 5000, 0, '2017-02-27 17:34:30', '2017-02-27 17:34:30'),
	(63, 24, 1, NULL, 4, NULL, 'producto para pruebas', '1234', 5000, 0, 0, 1, 5000, 0, '2017-02-27 21:53:09', '2017-02-27 21:53:09'),
	(64, 24, 1, NULL, 2, NULL, 'producto 1', 'ref', 2000, 0, 0, 1, 2000, 0, '2017-02-27 21:53:09', '2017-02-27 21:53:09'),
	(72, 25, 1, NULL, 4, NULL, 'producto para pruebas', '1234', 5000, 0, 0, 1, 5000, 0, '2017-03-06 08:33:05', '2017-03-06 08:33:05'),
	(73, 25, 1, NULL, 2, NULL, 'producto 1', 'ref', 2000, 0, 0, 1, 2000, 0, '2017-03-06 08:33:05', '2017-03-06 08:33:05'),
	(74, 25, 1, NULL, 3, NULL, 'descripcion producto 2', 'ref2', 3000, 0, 0, 1, 3000, 0, '2017-03-06 08:33:05', '2017-03-06 08:33:05'),
	(79, 26, 1, NULL, 2, NULL, 'producto 1', 'ref', 2000, 0, 0, 1, 2000, 0, '2017-03-06 08:53:57', '2017-03-06 08:53:57'),
	(80, 26, 1, NULL, 2, NULL, 'producto 1', 'ref', 2000, 0, 0, 1, 2000, 0, '2017-03-06 08:53:57', '2017-03-06 08:53:57'),
	(81, 28, 1, NULL, 6, NULL, NULL, NULL, 2000, 0, 0, 2, 4000, 0, '2017-03-13 12:38:25', '2017-03-13 12:38:25'),
	(82, 28, 1, NULL, 7, NULL, NULL, NULL, 5000, 0, 0, 2, 10000, 0, '2017-03-13 12:38:25', '2017-03-13 12:38:25'),
	(83, 27, 1, NULL, 6, NULL, NULL, NULL, 2000, 0, 0, 1, 2000, 0, '2017-03-13 13:09:24', '2017-03-13 13:09:24');
/*!40000 ALTER TABLE `invoice_sale_order_detail` ENABLE KEYS */;

-- Volcando estructura para tabla krece.invoice_sale_order_estimate
CREATE TABLE IF NOT EXISTS `invoice_sale_order_estimate` (
  `invoice_sale_order_id` bigint(20) NOT NULL,
  `FK_estimate_id` int(11) NOT NULL,
  PRIMARY KEY (`invoice_sale_order_id`,`FK_estimate_id`),
  KEY `FK_isoq_quote_id` (`FK_estimate_id`),
  CONSTRAINT `FK_isoq_estimate_id` FOREIGN KEY (`FK_estimate_id`) REFERENCES `estimate` (`id`),
  CONSTRAINT `FK_isoq_invoice_sale` FOREIGN KEY (`invoice_sale_order_id`) REFERENCES `invoice_sale_order` (`id`)
) ENGINE=InnoDB DEFAULT CHARSET=latin1 COMMENT='join between the invoice sale order table and the quote one. Here are integrated the quote that belongs to the sale order table.';

-- Volcando datos para la tabla krece.invoice_sale_order_estimate: ~0 rows (aproximadamente)
DELETE FROM `invoice_sale_order_estimate`;
/*!40000 ALTER TABLE `invoice_sale_order_estimate` DISABLE KEYS */;
/*!40000 ALTER TABLE `invoice_sale_order_estimate` ENABLE KEYS */;

-- Volcando estructura para tabla krece.invoice_sale_order_payment
CREATE TABLE IF NOT EXISTS `invoice_sale_order_payment` (
  `invoice_sale_order_id` bigint(20) DEFAULT NULL,
  `payment_id` bigint(20) DEFAULT NULL,
  KEY `FK_isop_payment` (`payment_id`),
  KEY `FK_isop_invoice_sale_order` (`invoice_sale_order_id`),
  CONSTRAINT `FK_isop_invoice_sale_order` FOREIGN KEY (`invoice_sale_order_id`) REFERENCES `invoice_sale_order` (`id`),
  CONSTRAINT `FK_isop_payment` FOREIGN KEY (`payment_id`) REFERENCES `payment` (`id`)
) ENGINE=InnoDB DEFAULT CHARSET=latin1 COMMENT='set the relation between the payments and invoice sale order, and put the amount payed.';

-- Volcando datos para la tabla krece.invoice_sale_order_payment: ~0 rows (aproximadamente)
DELETE FROM `invoice_sale_order_payment`;
/*!40000 ALTER TABLE `invoice_sale_order_payment` DISABLE KEYS */;
/*!40000 ALTER TABLE `invoice_sale_order_payment` ENABLE KEYS */;

-- Volcando estructura para tabla krece.invoice_sale_order_remision
CREATE TABLE IF NOT EXISTS `invoice_sale_order_remision` (
  `invoice_sale_order_id` bigint(20) NOT NULL,
  `remision_id` int(11) NOT NULL,
  PRIMARY KEY (`invoice_sale_order_id`,`remision_id`),
  KEY `FK_isoi_remision_id` (`remision_id`),
  CONSTRAINT `FK_isoi_remision_id` FOREIGN KEY (`remision_id`) REFERENCES `remision` (`id`),
  CONSTRAINT `FK_osoi_invoice_sale` FOREIGN KEY (`invoice_sale_order_id`) REFERENCES `invoice_sale_order` (`id`)
) ENGINE=InnoDB DEFAULT CHARSET=latin1 COMMENT='join between the invoice sale order table and the remision one. Here are integrated the remision that belongs to the sale order table.';

-- Volcando datos para la tabla krece.invoice_sale_order_remision: ~0 rows (aproximadamente)
DELETE FROM `invoice_sale_order_remision`;
/*!40000 ALTER TABLE `invoice_sale_order_remision` DISABLE KEYS */;
/*!40000 ALTER TABLE `invoice_sale_order_remision` ENABLE KEYS */;

-- Volcando estructura para tabla krece.invoice_sale_order_status
CREATE TABLE IF NOT EXISTS `invoice_sale_order_status` (
  `id` int(11) NOT NULL,
  `description` varchar(20) NOT NULL,
  PRIMARY KEY (`id`)
) ENGINE=InnoDB DEFAULT CHARSET=latin1;

-- Volcando datos para la tabla krece.invoice_sale_order_status: ~7 rows (aproximadamente)
DELETE FROM `invoice_sale_order_status`;
/*!40000 ALTER TABLE `invoice_sale_order_status` DISABLE KEYS */;
INSERT INTO `invoice_sale_order_status` (`id`, `description`) VALUES
	(1, 'Abierta'),
	(2, 'Anulada'),
	(3, 'Aprobada'),
	(4, 'Pagada'),
	(5, 'Borrador'),
	(6, 'Cerrada'),
	(7, 'Enviada');
/*!40000 ALTER TABLE `invoice_sale_order_status` ENABLE KEYS */;

-- Volcando estructura para tabla krece.invoice_withholding_tax
CREATE TABLE IF NOT EXISTS `invoice_withholding_tax` (
  `withholding_tax_values_id` int(11) NOT NULL,
  `invoice_id` bigint(20) NOT NULL COMMENT 'contain sale e and supplier orders',
  `invoice_type_id` tinyint(4) NOT NULL,
  KEY `FK_iwt_tax_values` (`withholding_tax_values_id`),
  KEY `FK_iwt_invoice_type` (`invoice_type_id`),
  CONSTRAINT `FK_iwt_invoice_type` FOREIGN KEY (`invoice_type_id`) REFERENCES `todelete_invoice_type` (`id`),
  CONSTRAINT `FK_iwt_tax_values` FOREIGN KEY (`withholding_tax_values_id`) REFERENCES `invoice_withholding_tax_values` (`id`)
) ENGINE=InnoDB DEFAULT CHARSET=latin1 COMMENT='set the join between the with holding tax and the invoices tables (that could be ingresos and egresos)';

-- Volcando datos para la tabla krece.invoice_withholding_tax: ~0 rows (aproximadamente)
DELETE FROM `invoice_withholding_tax`;
/*!40000 ALTER TABLE `invoice_withholding_tax` DISABLE KEYS */;
/*!40000 ALTER TABLE `invoice_withholding_tax` ENABLE KEYS */;

-- Volcando estructura para tabla krece.invoice_withholding_tax_values
CREATE TABLE IF NOT EXISTS `invoice_withholding_tax_values` (
  `id` int(11) NOT NULL AUTO_INCREMENT,
  `account_id` int(11) NOT NULL,
  `public_id` int(11) NOT NULL,
  `user_id` int(11) NOT NULL,
  `withholding_tax_id` int(11) NOT NULL,
  `name` varchar(50) DEFAULT NULL,
  `amount` float DEFAULT NULL,
  `created_at` timestamp NULL DEFAULT NULL,
  `updated_at` timestamp NULL DEFAULT NULL,
  `deleted_at` timestamp NULL DEFAULT NULL,
  PRIMARY KEY (`id`),
  KEY `FK_iwt_withholding_tax` (`withholding_tax_id`),
  KEY `FK_iwt_account` (`account_id`),
  KEY `FK_iwt_user` (`user_id`),
  CONSTRAINT `FK_iwt_account` FOREIGN KEY (`account_id`) REFERENCES `account` (`id`),
  CONSTRAINT `FK_iwt_user` FOREIGN KEY (`user_id`) REFERENCES `user` (`id`),
  CONSTRAINT `FK_iwt_withholding_tax` FOREIGN KEY (`withholding_tax_id`) REFERENCES `retention` (`id`)
) ENGINE=InnoDB DEFAULT CHARSET=latin1;

-- Volcando datos para la tabla krece.invoice_withholding_tax_values: ~0 rows (aproximadamente)
DELETE FROM `invoice_withholding_tax_values`;
/*!40000 ALTER TABLE `invoice_withholding_tax_values` DISABLE KEYS */;
/*!40000 ALTER TABLE `invoice_withholding_tax_values` ENABLE KEYS */;

-- Volcando estructura para tabla krece.list_price
CREATE TABLE IF NOT EXISTS `list_price` (
  `id` int(11) NOT NULL AUTO_INCREMENT,
  `account_id` int(11) NOT NULL DEFAULT '0',
  `user_id` int(11) NOT NULL DEFAULT '0',
  `public_id` int(11) NOT NULL DEFAULT '0',
  `name` varchar(100) NOT NULL DEFAULT '0',
  `type_id` tinyint(4) NOT NULL DEFAULT '0',
  `value` float NOT NULL DEFAULT '0',
  `isDefault` bit(1) NOT NULL DEFAULT b'0',
  `created_at` timestamp NULL DEFAULT NULL,
  `updated_at` timestamp NULL DEFAULT CURRENT_TIMESTAMP ON UPDATE CURRENT_TIMESTAMP,
  `deleted_at` timestamp NULL DEFAULT NULL,
  `isEnabled` bit(1) NOT NULL DEFAULT b'1',
  `isDeleted` bit(1) NOT NULL DEFAULT b'0',
  PRIMARY KEY (`id`),
  UNIQUE KEY `UK_list_price_company_id_name` (`account_id`,`public_id`),
  KEY `FK_list_price_type` (`type_id`),
  KEY `FK_list_price_user` (`user_id`),
  CONSTRAINT `FK_list_price_account` FOREIGN KEY (`account_id`) REFERENCES `account` (`id`),
  CONSTRAINT `FK_list_price_type` FOREIGN KEY (`type_id`) REFERENCES `list_price_type` (`id`),
  CONSTRAINT `FK_list_price_user` FOREIGN KEY (`user_id`) REFERENCES `user` (`id`)
) ENGINE=InnoDB AUTO_INCREMENT=4 DEFAULT CHARSET=latin1 COMMENT='Store the list price information';

-- Volcando datos para la tabla krece.list_price: ~3 rows (aproximadamente)
DELETE FROM `list_price`;
/*!40000 ALTER TABLE `list_price` DISABLE KEYS */;
INSERT INTO `list_price` (`id`, `account_id`, `user_id`, `public_id`, `name`, `type_id`, `value`, `isDefault`, `created_at`, `updated_at`, `deleted_at`, `isEnabled`, `isDeleted`) VALUES
	(1, 1, 1, 1, 'General', 2, 0, b'1', '2017-01-05 13:24:27', '2017-01-19 13:01:51', NULL, b'1', b'0'),
	(2, 1, 1, 2, 'lista precios 1', 2, 0, b'0', '2017-01-19 12:27:29', '2017-01-26 21:06:56', '2017-01-19 13:49:28', b'0', b'0'),
	(3, 1, 1, 3, 'lista precios 2', 1, 16, b'0', '2017-01-19 12:31:54', '2017-01-19 14:01:42', NULL, b'0', b'0');
/*!40000 ALTER TABLE `list_price` ENABLE KEYS */;

-- Volcando estructura para tabla krece.list_price_type
CREATE TABLE IF NOT EXISTS `list_price_type` (
  `id` tinyint(4) NOT NULL,
  `type` varchar(50) NOT NULL,
  PRIMARY KEY (`id`)
) ENGINE=InnoDB DEFAULT CHARSET=latin1;

-- Volcando datos para la tabla krece.list_price_type: ~2 rows (aproximadamente)
DELETE FROM `list_price_type`;
/*!40000 ALTER TABLE `list_price_type` DISABLE KEYS */;
INSERT INTO `list_price_type` (`id`, `type`) VALUES
	(1, 'Porcentaje'),
	(2, 'Valor');
/*!40000 ALTER TABLE `list_price_type` ENABLE KEYS */;

-- Volcando estructura para tabla krece.migrations
CREATE TABLE IF NOT EXISTS `migrations` (
  `id` int(10) unsigned NOT NULL AUTO_INCREMENT,
  `migration` varchar(255) COLLATE utf8_unicode_ci NOT NULL,
  `batch` int(11) NOT NULL,
  PRIMARY KEY (`id`)
) ENGINE=InnoDB AUTO_INCREMENT=2 DEFAULT CHARSET=utf8 COLLATE=utf8_unicode_ci;

-- Volcando datos para la tabla krece.migrations: ~0 rows (aproximadamente)
DELETE FROM `migrations`;
/*!40000 ALTER TABLE `migrations` DISABLE KEYS */;
INSERT INTO `migrations` (`id`, `migration`, `batch`) VALUES
	(1, '2017_01_31_210849_create_treeexamples_table', 1);
/*!40000 ALTER TABLE `migrations` ENABLE KEYS */;

-- Volcando estructura para tabla krece.modules
CREATE TABLE IF NOT EXISTS `modules` (
  `id` int(11) NOT NULL AUTO_INCREMENT,
  `parent_id` int(11) NOT NULL,
  `label` varchar(100) NOT NULL,
  `functionality` varchar(100) NOT NULL,
  `isActive` bit(1) NOT NULL DEFAULT b'1',
  PRIMARY KEY (`id`),
  KEY `FK_modules_parent` (`parent_id`),
  CONSTRAINT `FK_modules_parent` FOREIGN KEY (`parent_id`) REFERENCES `modules_parent` (`id`)
) ENGINE=InnoDB DEFAULT CHARSET=latin1;

-- Volcando datos para la tabla krece.modules: ~0 rows (aproximadamente)
DELETE FROM `modules`;
/*!40000 ALTER TABLE `modules` DISABLE KEYS */;
/*!40000 ALTER TABLE `modules` ENABLE KEYS */;

-- Volcando estructura para tabla krece.modules_parent
CREATE TABLE IF NOT EXISTS `modules_parent` (
  `id` int(11) NOT NULL,
  `description` varchar(100) NOT NULL,
  PRIMARY KEY (`id`)
) ENGINE=InnoDB DEFAULT CHARSET=latin1;

-- Volcando datos para la tabla krece.modules_parent: ~0 rows (aproximadamente)
DELETE FROM `modules_parent`;
/*!40000 ALTER TABLE `modules_parent` DISABLE KEYS */;
/*!40000 ALTER TABLE `modules_parent` ENABLE KEYS */;

-- Volcando estructura para tabla krece.password_resets
CREATE TABLE IF NOT EXISTS `password_resets` (
  `email` varchar(255) COLLATE utf8_unicode_ci NOT NULL,
  `token` varchar(255) COLLATE utf8_unicode_ci NOT NULL,
  `created_at` timestamp NULL DEFAULT NULL,
  KEY `password_resets_email_index` (`email`),
  KEY `password_resets_token_index` (`token`)
) ENGINE=InnoDB DEFAULT CHARSET=utf8 COLLATE=utf8_unicode_ci;

-- Volcando datos para la tabla krece.password_resets: ~0 rows (aproximadamente)
DELETE FROM `password_resets`;
/*!40000 ALTER TABLE `password_resets` DISABLE KEYS */;
INSERT INTO `password_resets` (`email`, `token`, `created_at`) VALUES
	('fernando2684@gmail.com', '27add76ba889d02183e67735a4108baa4f65fdd3455a10eefef7857906830501', '2016-12-08 03:13:17');
/*!40000 ALTER TABLE `password_resets` ENABLE KEYS */;

-- Volcando estructura para tabla krece.payment
CREATE TABLE IF NOT EXISTS `payment` (
  `id` bigint(20) NOT NULL AUTO_INCREMENT,
  `resolution_id` int(11) NOT NULL,
  `public_id` int(11) NOT NULL,
  `user_id` int(11) NOT NULL,
  `account_id` int(11) NOT NULL,
  `customer_id` int(11) DEFAULT NULL,
  `date` date DEFAULT NULL,
  `bank_account_id` int(11) NOT NULL,
  `observations` text,
  `notes` text,
  `payment_method_id` tinyint(4) NOT NULL,
  `currency_code` varchar(3) DEFAULT NULL,
  `type_id` char(2) NOT NULL,
  `status_id` tinyint(4) NOT NULL,
  `parent_id` bigint(20) DEFAULT NULL COMMENT 'permite asociar un pago de tipo ingreso a uno de tipo  egreso',
  `isInvoice` bit(1) NOT NULL,
  `isDeleted` bit(1) NOT NULL DEFAULT b'0',
  `created_at` timestamp NULL DEFAULT NULL,
  `updated_at` timestamp NULL DEFAULT NULL,
  `deleted_at` timestamp NULL DEFAULT NULL,
  PRIMARY KEY (`id`),
  UNIQUE KEY `payment_id_company_id_type_id` (`resolution_id`,`account_id`,`type_id`),
  KEY `FK_payment_customer` (`customer_id`),
  KEY `FK_payment_type` (`type_id`),
  KEY `FK_payment_status` (`status_id`),
  KEY `FK_payment_payment_method_id` (`payment_method_id`),
  KEY `FK_payment_bank` (`bank_account_id`),
  KEY `FK_payment_account` (`account_id`),
  KEY `FK_payment_user` (`user_id`),
  CONSTRAINT `FK_payment_account` FOREIGN KEY (`account_id`) REFERENCES `account` (`id`),
  CONSTRAINT `FK_payment_bank` FOREIGN KEY (`bank_account_id`) REFERENCES `bank_account` (`id`),
  CONSTRAINT `FK_payment_customer` FOREIGN KEY (`customer_id`) REFERENCES `contact` (`id`),
  CONSTRAINT `FK_payment_payment_method_id` FOREIGN KEY (`payment_method_id`) REFERENCES `payment_method` (`id`),
  CONSTRAINT `FK_payment_status` FOREIGN KEY (`status_id`) REFERENCES `payment_status` (`id`),
  CONSTRAINT `FK_payment_type` FOREIGN KEY (`type_id`) REFERENCES `payment_type` (`type`),
  CONSTRAINT `FK_payment_user` FOREIGN KEY (`user_id`) REFERENCES `user` (`id`)
) ENGINE=InnoDB AUTO_INCREMENT=118 DEFAULT CHARSET=latin1;

-- Volcando datos para la tabla krece.payment: ~26 rows (aproximadamente)
DELETE FROM `payment`;
/*!40000 ALTER TABLE `payment` DISABLE KEYS */;
INSERT INTO `payment` (`id`, `resolution_id`, `public_id`, `user_id`, `account_id`, `customer_id`, `date`, `bank_account_id`, `observations`, `notes`, `payment_method_id`, `currency_code`, `type_id`, `status_id`, `parent_id`, `isInvoice`, `isDeleted`, `created_at`, `updated_at`, `deleted_at`) VALUES
	(31, 10, 11, 1, 1, 1, '2017-02-17', 1, NULL, NULL, 1, 'COP', 'in', 1, NULL, b'1', b'1', '2017-02-17 11:26:44', '2017-03-06 09:47:38', '2017-03-06 09:47:38'),
	(32, 12, 12, 1, 1, 4, '2017-02-24', 1, 'Mis observaciones', 'Notas del recibo', 2, 'COP', 'in', 1, NULL, b'1', b'1', '2017-02-17 11:59:58', '2017-03-06 09:47:42', '2017-03-06 09:47:42'),
	(33, 13, 13, 1, 1, 1, '2017-02-17', 1, NULL, NULL, 1, 'COP', 'in', 1, NULL, b'1', b'1', '2017-02-17 13:49:13', '2017-03-06 09:47:45', '2017-03-06 09:47:45'),
	(34, 14, 14, 1, 1, 1, '2017-02-17', 2, NULL, NULL, 3, 'COP', 'in', 1, NULL, b'1', b'1', '2017-02-17 15:29:28', '2017-02-17 18:38:40', '2017-02-17 18:38:40'),
	(35, 15, 15, 1, 1, 22, '2017-02-17', 1, NULL, 'pago ejemplo', 1, 'COP', 'in', 1, NULL, b'1', b'1', '2017-02-17 16:25:49', '2017-03-06 09:47:59', '2017-03-06 09:47:59'),
	(36, 16, 16, 1, 1, 22, '2017-02-23', 1, NULL, NULL, 4, 'COP', 'in', 1, NULL, b'1', b'0', '2017-02-17 16:34:29', '2017-03-03 11:32:05', NULL),
	(45, 1, 17, 1, 1, 23, '2017-02-28', 1, 'Observaciones', 'Notas de egreso', 1, 'COP', 'eg', 1, NULL, b'1', b'0', '2017-02-28 11:54:32', '2017-03-03 19:00:58', NULL),
	(46, 4, 18, 1, 1, 23, '2017-02-28', 1, NULL, NULL, 2, 'COP', 'eg', 1, NULL, b'1', b'1', '2017-02-28 12:22:44', '2017-03-03 14:42:10', '2017-03-03 14:42:10'),
	(79, 5, 19, 1, 1, 6, '2017-02-28', 1, 'obs', 'notes 1', 1, 'COP', 'eg', 1, NULL, b'0', b'1', '2017-02-28 18:36:33', '2017-03-10 09:31:28', '2017-03-10 09:31:28'),
	(80, 17, 20, 1, 1, 1, '2017-03-02', 1, NULL, NULL, 2, 'COP', 'in', 1, NULL, b'0', b'1', '2017-03-02 15:21:40', '2017-03-06 09:47:49', '2017-03-06 09:47:49'),
	(86, 12, 21, 1, 1, 6, '2017-03-03', 1, NULL, NULL, 1, 'COP', 'eg', 1, NULL, b'1', b'0', '2017-03-03 14:03:22', '2017-03-03 14:05:36', NULL),
	(89, 14, 22, 1, 1, 18, '2017-03-03', 1, NULL, NULL, 1, 'COP', 'eg', 1, NULL, b'0', b'1', '2017-03-03 14:20:59', '2017-03-10 09:31:25', '2017-03-10 09:31:25'),
	(90, 18, 23, 1, 1, 1, '2017-03-03', 1, NULL, NULL, 1, 'COP', 'in', 1, NULL, b'0', b'1', '2017-03-03 14:33:32', '2017-03-03 14:40:29', '2017-03-03 14:40:29'),
	(91, 16, 24, 1, 1, 9, '2017-03-03', 1, NULL, NULL, 2, 'COP', 'eg', 1, NULL, b'0', b'1', '2017-03-03 14:47:03', '2017-03-10 09:31:20', '2017-03-10 09:31:20'),
	(93, 20, 25, 1, 1, 23, '2017-03-03', 1, 'asas', NULL, 3, 'COP', 'in', 1, NULL, b'1', b'0', '2017-03-03 18:12:43', '2017-03-03 18:12:43', NULL),
	(94, 21, 26, 1, 1, 1, '2017-03-03', 1, NULL, NULL, 2, 'COP', 'in', 1, NULL, b'1', b'1', '2017-03-03 18:14:49', '2017-03-06 09:47:56', '2017-03-06 09:47:56'),
	(95, 17, 27, 1, 1, 9, '2017-03-03', 1, NULL, NULL, 2, 'COP', 'eg', 1, NULL, b'1', b'0', '2017-03-03 18:31:03', '2017-03-03 18:31:03', NULL),
	(104, 24, 28, 1, 1, 1, '2017-03-03', 1, 'asas', NULL, 2, 'COP', 'in', 1, NULL, b'1', b'1', '2017-03-03 19:56:58', '2017-03-06 09:47:52', '2017-03-06 09:47:52'),
	(108, 20, 29, 1, 1, NULL, '2017-03-10', 1, 'estas es mi transferencia', NULL, 3, 'COP', 'eg', 1, NULL, b'0', b'0', '2017-03-10 13:14:48', '2017-03-10 13:14:48', NULL),
	(109, 25, 30, 1, 1, NULL, '2017-03-10', 2, 'estas es mi transferencia', NULL, 3, 'COP', 'in', 1, NULL, b'0', b'0', '2017-03-10 13:14:48', '2017-03-10 13:14:48', NULL),
	(110, 21, 31, 1, 1, NULL, '2017-03-10', 1, 'trasnsferencia hacia banco 2', NULL, 3, 'COP', 'eg', 1, 110, b'0', b'0', '2017-03-10 13:24:53', '2017-03-10 13:24:53', NULL),
	(111, 26, 32, 1, 1, NULL, '2017-03-10', 2, 'trasnsferencia hacia banco 2', NULL, 3, 'COP', 'in', 1, 110, b'0', b'0', '2017-03-10 13:24:53', '2017-03-10 13:24:53', NULL),
	(114, 22, 33, 1, 1, NULL, '2017-03-10', 1, 'asas', NULL, 3, 'COP', 'eg', 1, 114, b'0', b'0', '2017-03-10 17:13:46', '2017-03-10 17:13:46', NULL),
	(115, 27, 34, 1, 1, NULL, '2017-03-10', 2, 'asas', NULL, 3, 'COP', 'in', 1, 114, b'0', b'0', '2017-03-10 17:13:46', '2017-03-10 17:13:46', NULL),
	(116, 23, 35, 1, 1, NULL, '2017-03-10', 2, NULL, NULL, 3, 'COP', 'eg', 1, 116, b'0', b'0', '2017-03-10 22:19:01', '2017-03-10 22:19:01', NULL),
	(117, 28, 36, 1, 1, NULL, '2017-03-10', 1, NULL, NULL, 3, 'COP', 'in', 1, 116, b'0', b'0', '2017-03-10 22:19:01', '2017-03-10 22:19:01', NULL);
/*!40000 ALTER TABLE `payment` ENABLE KEYS */;

-- Volcando estructura para tabla krece.payment_history
CREATE TABLE IF NOT EXISTS `payment_history` (
  `id` int(11) NOT NULL AUTO_INCREMENT,
  `account_id` int(11) NOT NULL,
  `payment_id` bigint(20),
  `user_id` int(11) NOT NULL,
  `invoice_sale_order_id` int(11) DEFAULT NULL,
  `bill_id` int(11) DEFAULT NULL,
  `amount` float NOT NULL,
  `created_at` timestamp NOT NULL DEFAULT CURRENT_TIMESTAMP ON UPDATE CURRENT_TIMESTAMP,
  `updated_at` timestamp NOT NULL DEFAULT '0000-00-00 00:00:00',
  PRIMARY KEY (`id`),
  KEY `FK_payment_history_account_id` (`account_id`),
  KEY `FK_payment_history_user` (`user_id`),
  KEY `FK_payment_history_payment` (`payment_id`),
  CONSTRAINT `FK_payment_history_account_id` FOREIGN KEY (`account_id`) REFERENCES `account` (`id`),
  CONSTRAINT `FK_payment_history_payment` FOREIGN KEY (`payment_id`) REFERENCES `payment` (`id`),
  CONSTRAINT `FK_payment_history_user` FOREIGN KEY (`user_id`) REFERENCES `user` (`id`)
) ENGINE=InnoDB AUTO_INCREMENT=61 DEFAULT CHARSET=latin1;

-- Volcando datos para la tabla krece.payment_history: ~17 rows (aproximadamente)
DELETE FROM `payment_history`;
/*!40000 ALTER TABLE `payment_history` DISABLE KEYS */;
INSERT INTO `payment_history` (`id`, `account_id`, `payment_id`, `user_id`, `invoice_sale_order_id`, `bill_id`, `amount`, `created_at`, `updated_at`) VALUES
	(18, 1, 31, 1, 12, NULL, 2000, '2017-02-17 11:26:44', '2017-02-17 11:26:44'),
	(19, 1, 32, 1, 16, NULL, 10000, '2017-02-17 11:59:58', '2017-02-17 11:59:58'),
	(20, 1, 32, 1, 14, NULL, 1000, '2017-02-17 11:59:58', '2017-02-17 11:59:58'),
	(21, 1, 32, 1, 13, NULL, 5000, '2017-02-17 11:59:58', '2017-02-17 11:59:58'),
	(22, 1, 33, 1, 12, NULL, 20, '2017-02-17 13:49:13', '2017-02-17 13:49:13'),
	(23, 1, 34, 1, 12, NULL, 980, '2017-02-17 15:29:28', '2017-02-17 15:29:28'),
	(24, 1, 35, 1, 18, NULL, 5000, '2017-02-17 16:28:47', '2017-02-17 16:28:47'),
	(25, 1, 36, 1, 19, NULL, 4000, '2017-02-17 17:13:02', '2017-02-17 17:13:02'),
	(32, 1, 45, 1, NULL, 11, 1000, '2017-03-03 18:57:11', '2017-03-03 18:57:11'),
	(33, 1, 46, 1, NULL, 11, 1000, '2017-03-03 19:10:41', '2017-02-28 12:22:44'),
	(37, 1, 86, 1, NULL, 9, 200, '2017-03-03 14:03:22', '2017-03-03 14:03:22'),
	(39, 1, 93, 1, 25, NULL, 2000, '2017-03-03 18:12:43', '2017-03-03 18:12:43'),
	(40, 1, 94, 1, 23, NULL, 200, '2017-03-03 18:14:49', '2017-03-03 18:14:49'),
	(41, 1, 94, 1, 22, NULL, 500, '2017-03-03 18:14:49', '2017-03-03 18:14:49'),
	(42, 1, 94, 1, 21, NULL, 100, '2017-03-03 18:14:49', '2017-03-03 18:14:49'),
	(43, 1, 95, 1, NULL, 10, 5000, '2017-03-03 18:31:03', '2017-03-03 18:31:03'),
	(60, 1, 104, 1, 23, NULL, 4800, '2017-03-03 19:56:58', '2017-03-03 19:56:58');
/*!40000 ALTER TABLE `payment_history` ENABLE KEYS */;

-- Volcando estructura para tabla krece.payment_method
CREATE TABLE IF NOT EXISTS `payment_method` (
  `id` tinyint(4) NOT NULL,
  `name` varchar(50) NOT NULL,
  `isActive` bit(1) NOT NULL DEFAULT b'1',
  PRIMARY KEY (`id`)
) ENGINE=InnoDB DEFAULT CHARSET=latin1 COMMENT='paymeth method list';

-- Volcando datos para la tabla krece.payment_method: ~6 rows (aproximadamente)
DELETE FROM `payment_method`;
/*!40000 ALTER TABLE `payment_method` DISABLE KEYS */;
INSERT INTO `payment_method` (`id`, `name`, `isActive`) VALUES
	(1, 'Efectivo', b'1'),
	(2, 'Consignaci칩n', b'1'),
	(3, 'Transferencia', b'1'),
	(4, 'Cheque', b'1'),
	(5, 'Trajeta cr칠dito', b'1'),
	(6, 'Tarjeta d칠bito', b'1');
/*!40000 ALTER TABLE `payment_method` ENABLE KEYS */;

-- Volcando estructura para tabla krece.payment_status
CREATE TABLE IF NOT EXISTS `payment_status` (
  `id` tinyint(4) NOT NULL,
  `description` varchar(50) NOT NULL,
  PRIMARY KEY (`id`)
) ENGINE=InnoDB DEFAULT CHARSET=latin1;

-- Volcando datos para la tabla krece.payment_status: ~4 rows (aproximadamente)
DELETE FROM `payment_status`;
/*!40000 ALTER TABLE `payment_status` DISABLE KEYS */;
INSERT INTO `payment_status` (`id`, `description`) VALUES
	(1, 'Aplicado'),
	(2, 'Anulado'),
	(3, 'Devuelto'),
	(4, 'Completo');
/*!40000 ALTER TABLE `payment_status` ENABLE KEYS */;

-- Volcando estructura para tabla krece.payment_terms
CREATE TABLE IF NOT EXISTS `payment_terms` (
  `id` int(11) NOT NULL AUTO_INCREMENT,
  `account_id` int(11) NOT NULL,
  `user_id` int(11) NOT NULL,
  `public_id` int(11) NOT NULL,
  `name` varchar(50) NOT NULL,
  `days` int(11) NOT NULL,
  `isDeleted` bit(1) NOT NULL DEFAULT b'0',
  `created_at` timestamp NULL DEFAULT NULL,
  `updated_at` timestamp NULL DEFAULT CURRENT_TIMESTAMP ON UPDATE CURRENT_TIMESTAMP,
  `deleted_at` timestamp NULL DEFAULT NULL,
  PRIMARY KEY (`id`),
  UNIQUE KEY `UK_company_id_name_days` (`account_id`,`name`,`days`,`isDeleted`),
  KEY `FK_payment_terms_user` (`user_id`),
  CONSTRAINT `FK_payment_terms_user` FOREIGN KEY (`user_id`) REFERENCES `user` (`id`),
  CONSTRAINT `fk_payment_terms_account` FOREIGN KEY (`account_id`) REFERENCES `account` (`id`)
) ENGINE=InnoDB AUTO_INCREMENT=5 DEFAULT CHARSET=latin1;

-- Volcando datos para la tabla krece.payment_terms: ~4 rows (aproximadamente)
DELETE FROM `payment_terms`;
/*!40000 ALTER TABLE `payment_terms` DISABLE KEYS */;
INSERT INTO `payment_terms` (`id`, `account_id`, `user_id`, `public_id`, `name`, `days`, `isDeleted`, `created_at`, `updated_at`, `deleted_at`) VALUES
	(1, 1, 1, 1, 'Vencimiento manual', 0, b'0', '2017-01-17 16:33:16', '2017-01-17 16:39:42', NULL),
	(2, 1, 1, 2, 'De Contado', 0, b'0', '2017-01-17 16:58:12', '2017-01-17 16:58:12', NULL),
	(3, 1, 1, 3, '8 d칤as', 8, b'0', '2017-01-17 16:58:27', '2017-01-17 16:58:27', NULL),
	(4, 1, 1, 4, '15 d칤as', 15, b'0', '2017-01-17 16:58:41', '2017-01-17 16:58:49', NULL);
/*!40000 ALTER TABLE `payment_terms` ENABLE KEYS */;

-- Volcando estructura para tabla krece.payment_type
CREATE TABLE IF NOT EXISTS `payment_type` (
  `type` char(2) NOT NULL,
  `description` char(20) NOT NULL,
  PRIMARY KEY (`type`)
) ENGINE=InnoDB DEFAULT CHARSET=latin1 COMMENT='determines if the payment is D or C';

-- Volcando datos para la tabla krece.payment_type: ~2 rows (aproximadamente)
DELETE FROM `payment_type`;
/*!40000 ALTER TABLE `payment_type` DISABLE KEYS */;
INSERT INTO `payment_type` (`type`, `description`) VALUES
	('eg', 'Credito'),
	('in', 'Debito');
/*!40000 ALTER TABLE `payment_type` ENABLE KEYS */;

-- Volcando estructura para tabla krece.payment_withholding_tax
CREATE TABLE IF NOT EXISTS `payment_withholding_tax` (
  `withholding_tax_values_id` int(11) NOT NULL,
  `payment_id` bigint(20) NOT NULL,
  PRIMARY KEY (`withholding_tax_values_id`,`payment_id`),
  KEY `FK_wht_tax_values_payment` (`payment_id`),
  CONSTRAINT `FK_wht_tax_values_id` FOREIGN KEY (`withholding_tax_values_id`) REFERENCES `invoice_withholding_tax_values` (`id`),
  CONSTRAINT `FK_wht_tax_values_payment` FOREIGN KEY (`payment_id`) REFERENCES `payment` (`id`)
) ENGINE=InnoDB DEFAULT CHARSET=latin1;

-- Volcando datos para la tabla krece.payment_withholding_tax: ~0 rows (aproximadamente)
DELETE FROM `payment_withholding_tax`;
/*!40000 ALTER TABLE `payment_withholding_tax` DISABLE KEYS */;
/*!40000 ALTER TABLE `payment_withholding_tax` ENABLE KEYS */;

-- Volcando estructura para tabla krece.product
CREATE TABLE IF NOT EXISTS `product` (
  `id` int(11) NOT NULL AUTO_INCREMENT,
  `public_id` int(11) NOT NULL COMMENT 'id of item by company',
  `user_id` int(11) NOT NULL,
  `account_id` int(11) NOT NULL,
  `name` varchar(255) NOT NULL,
  `description` varchar(255) DEFAULT NULL,
  `reference` varchar(50) DEFAULT NULL,
  `sale_price` float NOT NULL,
  `tax_id` int(11) DEFAULT NULL,
  `list_price_id` int(11) DEFAULT NULL,
  `category_id` int(11) DEFAULT NULL,
  `inv_quantity_initial` int(11) DEFAULT NULL,
  `inv_quantity_actual` int(11) DEFAULT NULL,
  `inv_type_id` int(11) DEFAULT NULL,
  `inv_unit_cost` float DEFAULT NULL,
  `inv_inStock` bit(1) DEFAULT b'0',
  `isDeleted` bit(1) NOT NULL DEFAULT b'0',
  `isActive` bit(1) NOT NULL DEFAULT b'1',
  `created_at` timestamp NULL DEFAULT CURRENT_TIMESTAMP ON UPDATE CURRENT_TIMESTAMP,
  `updated_at` timestamp NULL DEFAULT '0000-00-00 00:00:00',
  `deleted_at` timestamp NULL DEFAULT NULL,
  PRIMARY KEY (`id`),
  UNIQUE KEY `UK_products_public_id_account_id` (`public_id`,`account_id`),
  KEY `FK_products_tax` (`tax_id`),
  KEY `id_auto` (`id`),
  KEY `FK_products_account` (`account_id`),
  KEY `FK_products_user` (`user_id`),
  KEY `FK_products_category` (`category_id`),
  KEY `FK_products_inv_type` (`inv_type_id`),
  KEY `FK_products_listprice` (`list_price_id`),
  CONSTRAINT `FK_products_account` FOREIGN KEY (`account_id`) REFERENCES `account` (`id`),
  CONSTRAINT `FK_products_category` FOREIGN KEY (`category_id`) REFERENCES `category` (`id`),
  CONSTRAINT `FK_products_inv_type` FOREIGN KEY (`inv_type_id`) REFERENCES `product_inventory_type` (`id`),
  CONSTRAINT `FK_products_listprice` FOREIGN KEY (`list_price_id`) REFERENCES `list_price` (`id`),
  CONSTRAINT `FK_products_tax` FOREIGN KEY (`tax_id`) REFERENCES `tax` (`id`),
  CONSTRAINT `FK_products_user` FOREIGN KEY (`user_id`) REFERENCES `user` (`id`) ON DELETE NO ACTION ON UPDATE NO ACTION
) ENGINE=InnoDB AUTO_INCREMENT=8 DEFAULT CHARSET=latin1;

-- Volcando datos para la tabla krece.product: ~5 rows (aproximadamente)
DELETE FROM `product`;
/*!40000 ALTER TABLE `product` DISABLE KEYS */;
INSERT INTO `product` (`id`, `public_id`, `user_id`, `account_id`, `name`, `description`, `reference`, `sale_price`, `tax_id`, `list_price_id`, `category_id`, `inv_quantity_initial`, `inv_quantity_actual`, `inv_type_id`, `inv_unit_cost`, `inv_inStock`, `isDeleted`, `isActive`, `created_at`, `updated_at`, `deleted_at`) VALUES
	(2, 1, 1, 1, 'producto 1', 'producto 1', 'ref', 2000, 5, NULL, 34, 50, NULL, 1, 1500, b'1', b'1', b'1', '2017-03-06 09:55:42', '2017-03-06 09:55:42', '2017-03-06 09:55:42'),
	(3, 2, 1, 1, 'producto 2', 'descripcion producto 2', 'ref2', 3000, 4, NULL, 30, 50, NULL, 2, 2500, b'0', b'1', b'1', '2017-03-06 09:55:46', '2017-03-06 09:55:46', '2017-03-06 09:55:46'),
	(4, 3, 1, 1, 'productoprueba', 'producto para pruebas', '1234', 5000, 3, NULL, 30, NULL, NULL, NULL, 0, b'0', b'1', b'1', '2017-03-06 09:56:02', '2017-03-06 09:56:02', '2017-03-06 09:56:02'),
	(5, 4, 1, 1, 'test', 'esta es una descripcion del producto pruena', NULL, 2000, 4, NULL, 30, 2, NULL, 1, 300, b'1', b'1', b'1', '2017-03-06 09:55:49', '2017-03-06 09:55:49', '2017-03-06 09:55:49'),
	(6, 5, 1, 1, 'producto-1-inv', NULL, NULL, 2000, 5, NULL, 34, 2, NULL, 1, 1500, b'1', b'0', b'1', '2017-03-06 09:57:58', '2017-03-06 09:57:58', NULL),
	(7, 6, 1, 1, 'producto-2-no-inv', NULL, NULL, 5000, 5, NULL, 34, NULL, NULL, NULL, 0, b'0', b'0', b'1', '2017-03-06 10:03:20', '2017-03-06 10:03:20', NULL);
/*!40000 ALTER TABLE `product` ENABLE KEYS */;

-- Volcando estructura para tabla krece.product_inventory_type
CREATE TABLE IF NOT EXISTS `product_inventory_type` (
  `id` int(11) NOT NULL,
  `measure_unit` varchar(50) NOT NULL,
  `measure_type` varchar(50) NOT NULL,
  PRIMARY KEY (`id`)
) ENGINE=InnoDB DEFAULT CHARSET=latin1 COMMENT='just applies for products that are cataloged as inventory, like products.\r\nServices commonly does not have inventory.';

-- Volcando datos para la tabla krece.product_inventory_type: ~16 rows (aproximadamente)
DELETE FROM `product_inventory_type`;
/*!40000 ALTER TABLE `product_inventory_type` DISABLE KEYS */;
INSERT INTO `product_inventory_type` (`id`, `measure_unit`, `measure_type`) VALUES
	(1, 'Unidad', 'Unidad'),
	(2, 'Servicio', 'Unidad'),
	(3, 'Pieza', 'Unidad'),
	(4, 'Centimetro (cm)', 'Longitud'),
	(5, 'Metro (m)', 'Longitud'),
	(6, 'Pulgada', 'Longitud'),
	(7, 'Cent칤metro cuadrado (cm2)', '츼rea'),
	(8, 'Metro cuadrado (m2)', '츼rea'),
	(9, 'Pulgada cuadrada', '츼rea'),
	(10, 'Mililitro (mL)', 'Volumen'),
	(11, 'Litro (L)', 'Volumen'),
	(12, 'Gal칩n', 'Volumen'),
	(13, 'Gramo (g)', 'Peso'),
	(14, 'Kilogramo (kg)', 'Peso'),
	(15, 'Tonelada', 'Peso'),
	(16, 'Libra', 'Peso');
/*!40000 ALTER TABLE `product_inventory_type` ENABLE KEYS */;

-- Volcando estructura para tabla krece.purchase_order
CREATE TABLE IF NOT EXISTS `purchase_order` (
  `id` bigint(20) NOT NULL AUTO_INCREMENT,
  `account_id` int(11) NOT NULL COMMENT 'related with client that will receive the invoice',
  `public_id` int(11) NOT NULL,
  `user_id` int(11) NOT NULL,
  `resolution_id` int(11) NOT NULL COMMENT 'resolution DIAN #',
  `customer_id` int(11) NOT NULL,
  `date` date NOT NULL,
  `due_date` date NOT NULL,
  `currency_code` varchar(3) NOT NULL,
  `status_id` int(11) NOT NULL COMMENT 'Status of the invoice that could be open, closed, revoked',
  `notes` text COMMENT 'vissible inf the supplier invoice',
  `observations` text COMMENT 'for customer tracking , just internal',
  `terms` text,
  `exchange_rate` float DEFAULT NULL,
  `sub_total` float DEFAULT NULL,
  `total_discounts` float DEFAULT NULL,
  `total_taxes` float DEFAULT NULL,
  `total` float DEFAULT NULL,
  `isDeleted` bit(1) DEFAULT b'0',
  `created_at` timestamp NULL DEFAULT NULL,
  `updated_at` timestamp NULL DEFAULT NULL,
  `deleted_at` timestamp NULL DEFAULT NULL,
  PRIMARY KEY (`id`),
  UNIQUE KEY `UK_supp_company_id_document_number` (`account_id`,`resolution_id`),
  KEY `FK_purchase_order_currency` (`currency_code`),
  KEY `FK_purchase_order_customerID` (`customer_id`),
  KEY `FK_purchase_order_status` (`status_id`),
  KEY `FK_PO_user` (`user_id`),
  CONSTRAINT `FK_PO_user` FOREIGN KEY (`user_id`) REFERENCES `user` (`id`),
  CONSTRAINT `FK_purchase_order_caccount` FOREIGN KEY (`account_id`) REFERENCES `account` (`id`),
  CONSTRAINT `FK_purchase_order_currency` FOREIGN KEY (`currency_code`) REFERENCES `currency_code` (`code`),
  CONSTRAINT `FK_purchase_order_customerID` FOREIGN KEY (`customer_id`) REFERENCES `contact` (`id`),
  CONSTRAINT `FK_purchase_order_status` FOREIGN KEY (`status_id`) REFERENCES `purchase_order_status` (`id`)
) ENGINE=InnoDB AUTO_INCREMENT=2 DEFAULT CHARSET=latin1 COMMENT='Header of supplier invoices';

-- Volcando datos para la tabla krece.purchase_order: ~0 rows (aproximadamente)
DELETE FROM `purchase_order`;
/*!40000 ALTER TABLE `purchase_order` DISABLE KEYS */;
INSERT INTO `purchase_order` (`id`, `account_id`, `public_id`, `user_id`, `resolution_id`, `customer_id`, `date`, `due_date`, `currency_code`, `status_id`, `notes`, `observations`, `terms`, `exchange_rate`, `sub_total`, `total_discounts`, `total_taxes`, `total`, `isDeleted`, `created_at`, `updated_at`, `deleted_at`) VALUES
	(1, 1, 1, 1, 1, 6, '2017-02-23', '2017-03-25', 'COP', 1, 'esta es una nota de prueba', NULL, 'estos son terminos y condiciones de la orden', NULL, 125408, 12340.8, 21482.8, 134550, b'0', '2017-02-23 18:12:19', '2017-02-24 13:06:02', NULL);
/*!40000 ALTER TABLE `purchase_order` ENABLE KEYS */;

-- Volcando estructura para tabla krece.purchase_order_detail
CREATE TABLE IF NOT EXISTS `purchase_order_detail` (
  `id` bigint(20) NOT NULL AUTO_INCREMENT COMMENT 'header invoice number',
  `purchase_order_id` bigint(20) NOT NULL DEFAULT '0',
  `user_id` int(11) NOT NULL,
  `unit_price` float NOT NULL,
  `discount` float DEFAULT NULL,
  `tax_amount` float DEFAULT NULL,
  `tax_id` int(11) DEFAULT NULL,
  `category_id` int(11) DEFAULT NULL,
  `name` varchar(100) DEFAULT NULL,
  `description` varchar(255) DEFAULT NULL,
  `quantity` int(11) NOT NULL,
  `total` float NOT NULL,
  `total_tax` float DEFAULT NULL,
  `created_at` timestamp NULL DEFAULT NULL,
  `updated_at` timestamp NULL DEFAULT NULL,
  PRIMARY KEY (`id`),
  KEY `FK_purchase_order_detail_company` (`user_id`),
  KEY `FK_purchase_order_purchase_order_detail` (`purchase_order_id`),
  KEY `FK_purchase_order_detail_tax_id` (`tax_id`),
  KEY `FK_PO_detail_category` (`category_id`),
  CONSTRAINT `FK_PO_detail_category` FOREIGN KEY (`category_id`) REFERENCES `category` (`id`),
  CONSTRAINT `FK_purchase_order_detail_po` FOREIGN KEY (`purchase_order_id`) REFERENCES `purchase_order` (`id`),
  CONSTRAINT `FK_purchase_order_detail_tax_id` FOREIGN KEY (`tax_id`) REFERENCES `tax` (`id`),
  CONSTRAINT `FK_purchase_order_detail_user` FOREIGN KEY (`user_id`) REFERENCES `user` (`id`)
) ENGINE=InnoDB AUTO_INCREMENT=13 DEFAULT CHARSET=latin1 COMMENT='detail of the invoice generated';

-- Volcando datos para la tabla krece.purchase_order_detail: ~2 rows (aproximadamente)
DELETE FROM `purchase_order_detail`;
/*!40000 ALTER TABLE `purchase_order_detail` DISABLE KEYS */;
INSERT INTO `purchase_order_detail` (`id`, `purchase_order_id`, `user_id`, `unit_price`, `discount`, `tax_amount`, `tax_id`, `category_id`, `name`, `description`, `quantity`, `total`, `total_tax`, `created_at`, `updated_at`) VALUES
	(11, 1, 1, 2000, 0, 19, 3, 54, 'Alquiler de equipos y licencias', NULL, 1, 2000, 380, '2017-02-24 13:06:02', '2017-02-24 13:06:02'),
	(12, 1, 1, 123408, 10, 19, 4, 65, 'Egresos no operacionales', NULL, 1, 111067, 21102.8, '2017-02-24 13:06:02', '2017-02-24 13:06:02');
/*!40000 ALTER TABLE `purchase_order_detail` ENABLE KEYS */;

-- Volcando estructura para tabla krece.purchase_order_status
CREATE TABLE IF NOT EXISTS `purchase_order_status` (
  `id` int(11) NOT NULL,
  `description` varchar(20) NOT NULL,
  PRIMARY KEY (`id`)
) ENGINE=InnoDB DEFAULT CHARSET=latin1;

-- Volcando datos para la tabla krece.purchase_order_status: ~3 rows (aproximadamente)
DELETE FROM `purchase_order_status`;
/*!40000 ALTER TABLE `purchase_order_status` DISABLE KEYS */;
INSERT INTO `purchase_order_status` (`id`, `description`) VALUES
	(1, 'Borrador'),
	(2, 'Anulada'),
	(3, 'Facturada');
/*!40000 ALTER TABLE `purchase_order_status` ENABLE KEYS */;

-- Volcando estructura para tabla krece.remision
CREATE TABLE IF NOT EXISTS `remision` (
  `id` int(11) NOT NULL AUTO_INCREMENT,
  `account_id` int(11) DEFAULT NULL,
  `user_id` int(11) DEFAULT NULL,
  `public_id` int(11) DEFAULT NULL,
  `resolution_id` int(11) DEFAULT NULL,
  `seller_id` int(11) DEFAULT NULL,
  `list_price_id` int(11) DEFAULT NULL,
  `customer_id` int(11) DEFAULT NULL,
  `currency_code` varchar(3) DEFAULT NULL,
  `document_type_id` int(11) DEFAULT NULL,
  `status_id` int(11) DEFAULT NULL,
  `date` date DEFAULT NULL,
  `due_date` date DEFAULT NULL,
  `sub_total` float DEFAULT NULL,
  `total_discounts` float DEFAULT NULL,
  `total_taxes` float DEFAULT NULL,
  `total` float DEFAULT NULL,
  `notes` varchar(255) DEFAULT NULL,
  `observations` varchar(255) DEFAULT NULL,
  `exchange_rate` float DEFAULT NULL,
  `isDeleted` bit(1) DEFAULT b'0',
  `created_at` timestamp NULL DEFAULT NULL,
  `deleted_at` timestamp NULL DEFAULT NULL,
  `updated_at` timestamp NULL DEFAULT NULL,
  PRIMARY KEY (`id`),
  UNIQUE KEY `UK_remision_account_id_public_id` (`account_id`,`public_id`),
  KEY `FK_remision_seller` (`seller_id`),
  KEY `FK_remision_list_price` (`list_price_id`),
  KEY `FK_remision_customer` (`customer_id`),
  KEY `FK_remision_document_type` (`document_type_id`),
  KEY `FK_remision_currency` (`currency_code`),
  KEY `FK_remision_user` (`user_id`),
  KEY `FK_remision_status` (`status_id`),
  CONSTRAINT `FK_remision_account` FOREIGN KEY (`account_id`) REFERENCES `account` (`id`),
  CONSTRAINT `FK_remision_currency` FOREIGN KEY (`currency_code`) REFERENCES `currency_code` (`code`),
  CONSTRAINT `FK_remision_customer` FOREIGN KEY (`customer_id`) REFERENCES `contact` (`id`),
  CONSTRAINT `FK_remision_document_type` FOREIGN KEY (`document_type_id`) REFERENCES `remision_document_type` (`id`),
  CONSTRAINT `FK_remision_list_price` FOREIGN KEY (`list_price_id`) REFERENCES `list_price` (`id`),
  CONSTRAINT `FK_remision_seller` FOREIGN KEY (`seller_id`) REFERENCES `seller` (`id`),
  CONSTRAINT `FK_remision_status` FOREIGN KEY (`status_id`) REFERENCES `remision_status` (`id`),
  CONSTRAINT `FK_remision_user` FOREIGN KEY (`user_id`) REFERENCES `user` (`id`)
) ENGINE=InnoDB AUTO_INCREMENT=10 DEFAULT CHARSET=latin1;

-- Volcando datos para la tabla krece.remision: ~4 rows (aproximadamente)
DELETE FROM `remision`;
/*!40000 ALTER TABLE `remision` DISABLE KEYS */;
INSERT INTO `remision` (`id`, `account_id`, `user_id`, `public_id`, `resolution_id`, `seller_id`, `list_price_id`, `customer_id`, `currency_code`, `document_type_id`, `status_id`, `date`, `due_date`, `sub_total`, `total_discounts`, `total_taxes`, `total`, `notes`, `observations`, `exchange_rate`, `isDeleted`, `created_at`, `deleted_at`, `updated_at`) VALUES
	(6, 1, 1, 1, 1, 4, 1, 4, 'COP', 1, 1, '2017-02-10', '2017-03-10', 10000, 0, 950, 10950, 'asas', NULL, NULL, b'1', '2017-02-10 16:28:02', '2017-03-06 09:48:28', '2017-03-06 09:48:28'),
	(7, 1, 1, 2, 2, NULL, 1, 4, 'COP', 1, 1, '2017-02-10', '2017-03-12', 55000, 0, 950, 55950, 'remision clonada', NULL, NULL, b'1', '2017-02-10 16:57:58', '2017-02-13 13:21:36', '2017-02-13 13:21:36'),
	(8, 1, 1, 3, 3, 4, 1, 18, 'COP', 2, 1, '2017-02-10', '2017-03-10', 10000, 0, 570, 10570, 'prueba remision 2', NULL, NULL, b'1', '2017-02-10 17:01:08', '2017-03-06 09:48:24', '2017-03-06 09:48:24'),
	(9, 1, 1, 4, 4, 4, 1, 25, 'COP', 1, 1, '2017-03-06', '2017-04-06', 7000, 0, 380, 7380, 'estas fueron las notas de la remision', 'esta es una remision', NULL, b'0', '2017-03-06 13:29:45', NULL, '2017-03-06 14:53:18');
/*!40000 ALTER TABLE `remision` ENABLE KEYS */;

-- Volcando estructura para tabla krece.remision_detail
CREATE TABLE IF NOT EXISTS `remision_detail` (
  `id` int(11) NOT NULL AUTO_INCREMENT,
  `remision_id` int(11) NOT NULL,
  `user_id` int(11) NOT NULL,
  `product_id` int(11) NOT NULL,
  `reference` varchar(50) DEFAULT NULL,
  `unit_price` float NOT NULL,
  `discount` float DEFAULT NULL,
  `tax_id` int(11) DEFAULT NULL,
  `tax_amount` float DEFAULT NULL,
  `name` varchar(255) DEFAULT NULL,
  `description` varchar(255) DEFAULT NULL,
  `quantity` int(11) NOT NULL,
  `total` float DEFAULT NULL,
  `total_tax` float DEFAULT NULL,
  `created_at` timestamp NULL DEFAULT NULL,
  `updated_at` timestamp NULL DEFAULT NULL,
  `deleted_at` timestamp NULL DEFAULT NULL,
  PRIMARY KEY (`id`),
  KEY `FK_remision_detail_remision_id` (`remision_id`),
  KEY `FK_remision_detail_item` (`product_id`),
  KEY `FK_remision_detail_tax` (`tax_id`),
  KEY `FK_remision_detail_user` (`user_id`),
  CONSTRAINT `FK_remision_detail_item` FOREIGN KEY (`product_id`) REFERENCES `product` (`id`),
  CONSTRAINT `FK_remision_detail_remision_id` FOREIGN KEY (`remision_id`) REFERENCES `remision` (`id`),
  CONSTRAINT `FK_remision_detail_tax` FOREIGN KEY (`tax_id`) REFERENCES `tax` (`id`),
  CONSTRAINT `FK_remision_detail_user` FOREIGN KEY (`user_id`) REFERENCES `user` (`id`)
) ENGINE=InnoDB AUTO_INCREMENT=30 DEFAULT CHARSET=latin1;

-- Volcando datos para la tabla krece.remision_detail: ~11 rows (aproximadamente)
DELETE FROM `remision_detail`;
/*!40000 ALTER TABLE `remision_detail` DISABLE KEYS */;
INSERT INTO `remision_detail` (`id`, `remision_id`, `user_id`, `product_id`, `reference`, `unit_price`, `discount`, `tax_id`, `tax_amount`, `name`, `description`, `quantity`, `total`, `total_tax`, `created_at`, `updated_at`, `deleted_at`) VALUES
	(8, 6, 1, 4, NULL, 5000, 0, NULL, 19, NULL, 'producto para pruebas', 1, 5000, NULL, '2017-02-10 16:59:26', '2017-02-10 16:59:26', NULL),
	(9, 6, 1, 2, NULL, 2000, 0, NULL, 0, NULL, 'producto 1', 1, 2000, NULL, '2017-02-10 16:59:26', '2017-02-10 16:59:26', NULL),
	(10, 6, 1, 3, NULL, 3000, 0, NULL, 0, NULL, 'descripcion producto 2', 1, 3000, NULL, '2017-02-10 16:59:26', '2017-02-10 16:59:26', NULL),
	(11, 8, 1, 2, NULL, 2000, 0, NULL, 0, NULL, 'producto 1', 1, 2000, NULL, '2017-02-10 17:01:08', '2017-02-10 17:01:08', NULL),
	(12, 8, 1, 3, NULL, 3000, 0, NULL, 19, NULL, 'descripcion producto 2', 1, 3000, NULL, '2017-02-10 17:01:08', '2017-02-10 17:01:08', NULL),
	(13, 8, 1, 4, NULL, 5000, 0, NULL, 0, NULL, 'producto para pruebas', 1, 5000, NULL, '2017-02-10 17:01:08', '2017-02-10 17:01:08', NULL),
	(14, 7, 1, 4, NULL, 5000, 0, NULL, 19, NULL, 'producto para pruebas', 1, 5000, NULL, '2017-02-13 13:01:15', '2017-02-13 13:01:15', NULL),
	(15, 7, 1, 2, NULL, 2000, 0, NULL, 0, NULL, 'producto 1', 1, 2000, NULL, '2017-02-13 13:01:15', '2017-02-13 13:01:15', NULL),
	(16, 7, 1, 3, NULL, 3000, 0, NULL, 0, NULL, 'descripcion producto 2', 1, 3000, NULL, '2017-02-13 13:01:15', '2017-02-13 13:01:15', NULL),
	(17, 7, 1, 5, NULL, 45000, 0, NULL, 0, NULL, NULL, 1, 45000, NULL, '2017-02-13 13:01:15', '2017-02-13 13:01:15', NULL),
	(28, 9, 1, 6, NULL, 2000, 0, 3, 19, NULL, NULL, 1, 2000, 380, '2017-03-06 14:29:26', '2017-03-06 14:29:26', NULL),
	(29, 9, 1, 7, NULL, 5000, 0, NULL, 0, NULL, NULL, 1, 5000, 0, '2017-03-06 14:29:26', '2017-03-06 14:29:26', NULL);
/*!40000 ALTER TABLE `remision_detail` ENABLE KEYS */;

-- Volcando estructura para tabla krece.remision_document_type
CREATE TABLE IF NOT EXISTS `remision_document_type` (
  `id` int(11) NOT NULL,
  `description` varchar(50) NOT NULL,
  PRIMARY KEY (`id`)
) ENGINE=InnoDB DEFAULT CHARSET=latin1;

-- Volcando datos para la tabla krece.remision_document_type: ~2 rows (aproximadamente)
DELETE FROM `remision_document_type`;
/*!40000 ALTER TABLE `remision_document_type` DISABLE KEYS */;
INSERT INTO `remision_document_type` (`id`, `description`) VALUES
	(1, 'Remision'),
	(2, 'Orden de Servicio');
/*!40000 ALTER TABLE `remision_document_type` ENABLE KEYS */;

-- Volcando estructura para tabla krece.remision_status
CREATE TABLE IF NOT EXISTS `remision_status` (
  `id` int(11) NOT NULL,
  `description` varchar(20) DEFAULT NULL,
  PRIMARY KEY (`id`)
) ENGINE=InnoDB DEFAULT CHARSET=latin1;

-- Volcando datos para la tabla krece.remision_status: ~2 rows (aproximadamente)
DELETE FROM `remision_status`;
/*!40000 ALTER TABLE `remision_status` DISABLE KEYS */;
INSERT INTO `remision_status` (`id`, `description`) VALUES
	(1, 'Activo'),
	(2, 'Anulado');
/*!40000 ALTER TABLE `remision_status` ENABLE KEYS */;

-- Volcando estructura para tabla krece.resolution
CREATE TABLE IF NOT EXISTS `resolution` (
  `id` int(11) NOT NULL AUTO_INCREMENT,
  `account_id` int(11) NOT NULL,
  `public_id` int(11) NOT NULL,
  `user_id` int(11) NOT NULL,
  `initial_number` varchar(50) DEFAULT NULL,
  `final_number` varchar(50) DEFAULT NULL,
  `next_invoice_number` varchar(50) DEFAULT NULL,
  `name` varchar(50) NOT NULL,
  `prefix` varchar(10) DEFAULT NULL,
  `invoice_text` varchar(500) DEFAULT NULL,
  `isDefault` bit(1) NOT NULL,
  `isActive` bit(1) NOT NULL DEFAULT b'1',
  `isDeleted` bit(1) NOT NULL DEFAULT b'0',
  `auto_increment` bit(1) NOT NULL DEFAULT b'1',
  `created_at` timestamp NULL DEFAULT NULL,
  `updated_at` timestamp NULL DEFAULT NULL,
  `deleted_at` timestamp NULL DEFAULT NULL,
  PRIMARY KEY (`id`),
  KEY `FK_resolution_account` (`account_id`),
  KEY `FK_resolution_user` (`user_id`),
  CONSTRAINT `FK_resolution_account` FOREIGN KEY (`account_id`) REFERENCES `account` (`id`),
  CONSTRAINT `FK_resolution_user` FOREIGN KEY (`user_id`) REFERENCES `user` (`id`)
) ENGINE=InnoDB AUTO_INCREMENT=6 DEFAULT CHARSET=latin1 COMMENT='contains resolution IDs for each sale order, according law policies (DIAN in colombia)';

-- Volcando datos para la tabla krece.resolution: ~4 rows (aproximadamente)
DELETE FROM `resolution`;
/*!40000 ALTER TABLE `resolution` DISABLE KEYS */;
INSERT INTO `resolution` (`id`, `account_id`, `public_id`, `user_id`, `initial_number`, `final_number`, `next_invoice_number`, `name`, `prefix`, `invoice_text`, `isDefault`, `isActive`, `isDeleted`, `auto_increment`, `created_at`, `updated_at`, `deleted_at`) VALUES
	(1, 1, 1, 1, '1', '', '18', 'Principal', NULL, 'resolucion', b'1', b'1', b'0', b'1', '2017-02-09 15:58:41', '2017-03-05 11:15:51', NULL),
	(2, 1, 2, 1, '1', '', '1', 'Nuevo', NULL, NULL, b'0', b'1', b'0', b'1', '2017-02-09 16:15:11', '2017-02-14 11:13:27', '2017-02-09 19:09:39'),
	(3, 1, 3, 1, '1', NULL, '2', 'tes', 'PR', NULL, b'0', b'1', b'1', b'1', '2017-02-09 18:15:58', '2017-02-14 14:19:34', '2017-02-14 14:19:34'),
	(4, 1, 4, 1, '1', NULL, '1', 'fer', NULL, NULL, b'0', b'0', b'0', b'1', '2017-02-09 19:38:49', '2017-02-14 10:47:25', NULL),
	(5, 1, 5, 1, NULL, NULL, NULL, 'sin numeraci칩n', NULL, 'Resoluci칩n de facturaci칩n No 12345678', b'0', b'1', b'0', b'0', '2017-02-10 09:17:13', '2017-02-14 14:22:03', NULL);
/*!40000 ALTER TABLE `resolution` ENABLE KEYS */;

-- Volcando estructura para tabla krece.resolution_numbers
CREATE TABLE IF NOT EXISTS `resolution_numbers` (
  `id` int(11) unsigned NOT NULL AUTO_INCREMENT,
  `account_id` int(11) NOT NULL,
  `key` varchar(255) COLLATE utf8_unicode_ci NOT NULL,
  `prefix` varchar(255) COLLATE utf8_unicode_ci DEFAULT NULL,
  `number` int(11) NOT NULL,
  `text` varchar(255) COLLATE utf8_unicode_ci NOT NULL,
  `created_at` timestamp NULL DEFAULT NULL,
  `updated_at` timestamp NULL DEFAULT NULL,
  PRIMARY KEY (`id`),
  KEY `FK_resonumb_account_id` (`account_id`),
  CONSTRAINT `FK_resonumb_account_id` FOREIGN KEY (`account_id`) REFERENCES `account` (`id`)
) ENGINE=InnoDB AUTO_INCREMENT=16 DEFAULT CHARSET=utf8 COLLATE=utf8_unicode_ci;

-- Volcando datos para la tabla krece.resolution_numbers: ~7 rows (aproximadamente)
DELETE FROM `resolution_numbers`;
/*!40000 ALTER TABLE `resolution_numbers` DISABLE KEYS */;
INSERT INTO `resolution_numbers` (`id`, `account_id`, `key`, `prefix`, `number`, `text`, `created_at`, `updated_at`) VALUES
	(8, 1, 'estimate', NULL, 39, 'Siguiente n칰mero de cotizaciones', '2017-02-09 12:55:05', '2017-03-08 17:14:19'),
	(9, 1, 'purchase_order', NULL, 2, 'Siguiente n칰mero de 칩rdenes de compra', '2017-02-09 12:55:53', '2017-02-23 18:12:19'),
	(10, 1, 'credit_note', NULL, 4, 'Siguiente n칰mero de nota credito', '2017-02-09 12:56:46', '2017-03-13 13:58:26'),
	(11, 1, 'remision', NULL, 5, 'Siguiente n칰mero de remisiones', '2017-02-09 12:57:47', '2017-03-06 13:29:45'),
	(12, 1, 'in-come', NULL, 29, 'Siguiente n칰mero de recibo de caja', '2017-02-16 12:37:49', '2017-03-10 22:19:01'),
	(13, 1, 'debit_note', NULL, 4, 'Siguiente n칰mero de nota debito', '2017-02-24 14:07:27', '2017-02-24 17:13:48'),
	(14, 1, 'bill', NULL, 5, 'Siguiente n칰mero de factura de proveedores', '2017-02-24 16:13:59', '2017-02-28 10:31:18'),
	(15, 1, 'out-come', NULL, 24, 'Siguiente n칰mero de comprobante de pago', '2017-02-28 10:09:04', '2017-03-10 22:19:01');
/*!40000 ALTER TABLE `resolution_numbers` ENABLE KEYS */;

-- Volcando estructura para tabla krece.retention
CREATE TABLE IF NOT EXISTS `retention` (
  `id` int(11) NOT NULL AUTO_INCREMENT,
  `account_id` int(11) NOT NULL,
  `user_id` int(11) NOT NULL,
  `name` varchar(100) NOT NULL,
  `value` float NOT NULL,
  `description` varchar(100) DEFAULT NULL,
  `isDeleted` bit(1) NOT NULL DEFAULT b'0',
  `type_id` int(11) NOT NULL,
  `created_at` timestamp NULL DEFAULT NULL,
  `updated_at` timestamp NULL DEFAULT CURRENT_TIMESTAMP ON UPDATE CURRENT_TIMESTAMP,
  `deleted_at` timestamp NULL DEFAULT NULL,
  PRIMARY KEY (`id`),
  KEY `FK_wht_type` (`type_id`),
  KEY `FK_wht_company` (`account_id`),
  KEY `FK_wht_user` (`user_id`),
  CONSTRAINT `FK_wht_company` FOREIGN KEY (`account_id`) REFERENCES `account` (`id`),
  CONSTRAINT `FK_wht_type` FOREIGN KEY (`type_id`) REFERENCES `retention_type` (`id`),
  CONSTRAINT `FK_wht_user` FOREIGN KEY (`user_id`) REFERENCES `user` (`id`)
) ENGINE=InnoDB AUTO_INCREMENT=4 DEFAULT CHARSET=latin1 COMMENT='contains the taxes list that each user defines';

-- Volcando datos para la tabla krece.retention: ~3 rows (aproximadamente)
DELETE FROM `retention`;
/*!40000 ALTER TABLE `retention` DISABLE KEYS */;
INSERT INTO `retention` (`id`, `account_id`, `user_id`, `name`, `value`, `description`, `isDeleted`, `type_id`, `created_at`, `updated_at`, `deleted_at`) VALUES
	(1, 1, 1, 'Retencion', 3.5, 'prueba', b'1', 2, '2017-01-17 14:34:56', '2017-01-17 14:37:14', '2017-01-17 14:37:14'),
	(2, 1, 1, 'Compras', 2.5, 'Retenci칩n aplicada a compras declarantes', b'0', 2, '2017-01-17 14:39:16', '2017-01-17 14:41:13', NULL),
	(3, 1, 1, 'Arrendamiento de bienes raices', 3.5, 'Retenci칩n aplicada a arrendamiento de bienes raices', b'0', 2, '2017-01-17 14:40:07', '2017-01-17 14:40:07', NULL);
/*!40000 ALTER TABLE `retention` ENABLE KEYS */;

-- Volcando estructura para tabla krece.retention_type
CREATE TABLE IF NOT EXISTS `retention_type` (
  `id` int(11) NOT NULL,
  `name` varchar(50) NOT NULL,
  PRIMARY KEY (`id`)
) ENGINE=InnoDB DEFAULT CHARSET=latin1 COMMENT='this contains the list of with holding tax used by the app';

-- Volcando datos para la tabla krece.retention_type: ~5 rows (aproximadamente)
DELETE FROM `retention_type`;
/*!40000 ALTER TABLE `retention_type` DISABLE KEYS */;
INSERT INTO `retention_type` (`id`, `name`) VALUES
	(1, 'Retenci칩n de IVA'),
	(2, 'Retenci칩n en la fuente'),
	(3, 'Retenci칩n de Industria y Comercio'),
	(4, 'Retenci칩n de CREE'),
	(5, 'Otro tipo de retenci칩n');
/*!40000 ALTER TABLE `retention_type` ENABLE KEYS */;

-- Volcando estructura para tabla krece.seller
CREATE TABLE IF NOT EXISTS `seller` (
  `id` int(11) NOT NULL AUTO_INCREMENT,
  `account_id` int(11) NOT NULL,
  `user_id` int(11) NOT NULL,
  `public_id` int(11) NOT NULL,
  `name` varchar(100) NOT NULL,
  `dni` varchar(50) DEFAULT NULL,
  `work_phone` varchar(255) DEFAULT NULL,
  `private_phone` varchar(255) DEFAULT NULL,
  `observations` text,
  `isEnabled` bit(1) NOT NULL DEFAULT b'1',
  `isDeleted` bit(1) NOT NULL DEFAULT b'0',
  `created_at` timestamp NULL DEFAULT NULL,
  `updated_at` timestamp NULL DEFAULT NULL,
  `deleted_at` timestamp NULL DEFAULT NULL,
  PRIMARY KEY (`id`),
  UNIQUE KEY `company_id_local_id` (`account_id`,`public_id`),
  KEY `FK_seller_user` (`user_id`),
  CONSTRAINT `FK_seller_account` FOREIGN KEY (`account_id`) REFERENCES `account` (`id`),
  CONSTRAINT `FK_seller_user` FOREIGN KEY (`user_id`) REFERENCES `user` (`id`)
) ENGINE=InnoDB AUTO_INCREMENT=5 DEFAULT CHARSET=latin1 COMMENT='seller list customized by company';

-- Volcando datos para la tabla krece.seller: ~4 rows (aproximadamente)
DELETE FROM `seller`;
/*!40000 ALTER TABLE `seller` DISABLE KEYS */;
INSERT INTO `seller` (`id`, `account_id`, `user_id`, `public_id`, `name`, `dni`, `work_phone`, `private_phone`, `observations`, `isEnabled`, `isDeleted`, `created_at`, `updated_at`, `deleted_at`) VALUES
	(1, 1, 1, 1, 'Fernando ardila', '12345996', '123456', '123456', 'observaciones', b'1', b'1', '2017-01-19 15:33:25', '2017-01-19 15:48:06', '2017-01-19 15:48:06'),
	(2, 1, 1, 2, 'Fernando Ardila', '18234994', '1234565', '12345', 'prueba', b'0', b'0', '2017-01-19 15:47:34', '2017-02-04 14:15:39', NULL),
	(3, 1, 1, 3, 'vendedor 2', '', '', '', '', b'0', b'0', '2017-01-19 15:50:56', '2017-01-19 15:52:59', NULL),
	(4, 1, 1, 4, 'vendedor 3', '', '', '124334', '', b'1', b'0', '2017-01-19 15:51:04', '2017-01-19 15:53:53', NULL);
/*!40000 ALTER TABLE `seller` ENABLE KEYS */;

-- Volcando estructura para tabla krece.supplier_order_status
CREATE TABLE IF NOT EXISTS `supplier_order_status` (
  `id` int(11) NOT NULL,
  `description` varchar(20) NOT NULL,
  PRIMARY KEY (`id`)
) ENGINE=InnoDB DEFAULT CHARSET=latin1;

-- Volcando datos para la tabla krece.supplier_order_status: ~0 rows (aproximadamente)
DELETE FROM `supplier_order_status`;
/*!40000 ALTER TABLE `supplier_order_status` DISABLE KEYS */;
/*!40000 ALTER TABLE `supplier_order_status` ENABLE KEYS */;

-- Volcando estructura para tabla krece.tax
CREATE TABLE IF NOT EXISTS `tax` (
  `id` int(11) NOT NULL AUTO_INCREMENT,
  `account_id` int(11) NOT NULL,
  `public_id` int(11) NOT NULL,
  `user_id` int(11) NOT NULL,
  `name` varchar(10) NOT NULL,
  `amount` float NOT NULL,
  `description` varchar(100) DEFAULT NULL,
  `type_id` int(11) NOT NULL,
  `isEditable` bit(1) NOT NULL DEFAULT b'1',
  `isDeleted` bit(1) NOT NULL DEFAULT b'0',
  `created_at` timestamp NULL DEFAULT NULL,
  `updated_at` timestamp NULL DEFAULT CURRENT_TIMESTAMP ON UPDATE CURRENT_TIMESTAMP,
  `deleted_at` timestamp NULL DEFAULT NULL,
  PRIMARY KEY (`id`),
  UNIQUE KEY `UK_taxes_account_id_public_id` (`account_id`,`public_id`),
  KEY `FK_taxes_user` (`user_id`),
  KEY `FK_taxes_type` (`type_id`),
  CONSTRAINT `FK_taxes_account` FOREIGN KEY (`account_id`) REFERENCES `account` (`id`),
  CONSTRAINT `FK_taxes_type` FOREIGN KEY (`type_id`) REFERENCES `tax_type` (`id`),
  CONSTRAINT `FK_taxes_user` FOREIGN KEY (`user_id`) REFERENCES `user` (`id`)
) ENGINE=InnoDB AUTO_INCREMENT=8 DEFAULT CHARSET=latin1 COMMENT='contains the taxes list that each user defines';

-- Volcando datos para la tabla krece.tax: ~7 rows (aproximadamente)
DELETE FROM `tax`;
/*!40000 ALTER TABLE `tax` DISABLE KEYS */;
INSERT INTO `tax` (`id`, `account_id`, `public_id`, `user_id`, `name`, `amount`, `description`, `type_id`, `isEditable`, `isDeleted`, `created_at`, `updated_at`, `deleted_at`) VALUES
	(1, 1, 1, 1, 'IVA', 19, 'Nuevo IVA', 1, b'1', b'1', '2017-01-16 09:26:09', '2017-01-19 15:45:00', '2017-01-19 15:45:00'),
	(2, 1, 2, 1, 'te', 20, 'test', 1, b'1', b'1', '2017-01-16 16:27:32', '2017-01-17 12:44:16', '2017-01-17 12:44:16'),
	(3, 1, 3, 1, 'IVA', 19, 'test', 1, b'1', b'0', '2017-01-16 16:31:26', '2017-01-17 12:45:51', '2017-01-17 10:36:27'),
	(4, 1, 4, 1, 'ICO', 15, 'test', 2, b'1', b'0', '2017-01-16 16:32:31', '2017-03-06 14:06:48', '2017-01-17 12:37:34'),
	(5, 1, 5, 1, 'Ninguno', 0, 'prueba', 1, b'1', b'0', '2017-01-16 16:34:48', '2017-01-17 12:46:17', NULL),
	(6, 1, 6, 1, 'IVA2', 18, 'prueba', 1, b'1', b'1', '2017-01-17 10:44:59', '2017-03-06 14:07:50', '2017-01-17 12:44:08'),
	(7, 1, 7, 1, 'IVA3', 17, 'prueba', 1, b'1', b'1', '2017-01-17 10:45:53', '2017-03-06 14:07:51', '2017-01-17 12:44:02');
/*!40000 ALTER TABLE `tax` ENABLE KEYS */;

-- Volcando estructura para tabla krece.tax_type
CREATE TABLE IF NOT EXISTS `tax_type` (
  `id` int(11) NOT NULL,
  `name` varchar(10) NOT NULL,
  PRIMARY KEY (`id`)
) ENGINE=InnoDB DEFAULT CHARSET=latin1 COMMENT='this contains the kind of taxes used inside the app';

-- Volcando datos para la tabla krece.tax_type: ~3 rows (aproximadamente)
DELETE FROM `tax_type`;
/*!40000 ALTER TABLE `tax_type` DISABLE KEYS */;
INSERT INTO `tax_type` (`id`, `name`) VALUES
	(1, 'IVA'),
	(2, 'ICO'),
	(3, 'Otro');
/*!40000 ALTER TABLE `tax_type` ENABLE KEYS */;

-- Volcando estructura para tabla krece.user
CREATE TABLE IF NOT EXISTS `user` (
  `id` int(11) NOT NULL AUTO_INCREMENT,
  `account_id` int(11) DEFAULT NULL,
  `role_id` int(11) DEFAULT '1',
  `name` varchar(255) DEFAULT NULL,
  `last_name` varchar(255) DEFAULT NULL,
  `email` varchar(255) NOT NULL,
  `password` varchar(255) NOT NULL,
  `remember_token` varchar(255) DEFAULT NULL,
  `transaction_token` varchar(255) DEFAULT NULL,
  `phone` varchar(255) DEFAULT NULL,
  `status_id` int(11) DEFAULT '1' COMMENT 'state of the user: active, inactive',
  `created_at` timestamp NULL DEFAULT NULL,
  `deleted_at` timestamp NULL DEFAULT NULL,
  `updated_at` timestamp NULL DEFAULT NULL,
  `last_login` timestamp NULL DEFAULT NULL,
  `modified_by` varchar(50) DEFAULT NULL,
  `created_by` varchar(50) DEFAULT NULL,
  `public_id` int(11) unsigned DEFAULT NULL,
  `oauth_user_id` varchar(255) DEFAULT NULL,
  `oauth_provider_id` int(11) unsigned DEFAULT NULL,
  `is_admin` bit(1) DEFAULT b'1',
  PRIMARY KEY (`id`),
  KEY `FK_user_status` (`status_id`),
  KEY `FK_user_role` (`role_id`),
  KEY `FK_user_accountid` (`account_id`),
  CONSTRAINT `FK_user_accountid` FOREIGN KEY (`account_id`) REFERENCES `account` (`id`),
  CONSTRAINT `FK_user_role` FOREIGN KEY (`role_id`) REFERENCES `user_role` (`id`),
  CONSTRAINT `FK_user_status` FOREIGN KEY (`status_id`) REFERENCES `user_status` (`id`)
) ENGINE=InnoDB AUTO_INCREMENT=6 DEFAULT CHARSET=latin1;

-- Volcando datos para la tabla krece.user: ~5 rows (aproximadamente)
DELETE FROM `user`;
/*!40000 ALTER TABLE `user` DISABLE KEYS */;
INSERT INTO `user` (`id`, `account_id`, `role_id`, `name`, `last_name`, `email`, `password`, `remember_token`, `transaction_token`, `phone`, `status_id`, `created_at`, `deleted_at`, `updated_at`, `last_login`, `modified_by`, `created_by`, `public_id`, `oauth_user_id`, `oauth_provider_id`, `is_admin`) VALUES
	(1, 1, 1, 'Fernando', 'Ardila Rodriguez', 'fernando2684@gmail.com', '$2y$10$gC551oWqmWxtaA8mphnAVOC2u3SF.rPX65x/4qYn.0nUihR8QjSWS', 'MVwTqVMe8J13hykDVY3SUEmoCRrfEbCjs2IHodhQoI4DK7ZO0VC9g7lQtQdA', NULL, NULL, 1, '2016-12-07 16:17:25', NULL, '2017-03-05 10:28:15', '2017-03-05 10:28:15', NULL, NULL, 1, NULL, NULL, b'1'),
	(2, 2, 1, 'Fernando 2', 'Ardila', 'fernando26842@gmail.com', '$2y$10$a55MnRDXKsxTU5UmNWKh/ua7FY1kSsvAI.PaZNXcWC3Axulhr.aD2', 'FcregiMVfdO3B65QJkXKuELvAVo9VO41bZVsKq27s22fDwJDqK79DWs92VmN', NULL, NULL, 1, '2016-12-07 17:19:15', NULL, '2017-01-24 16:45:47', NULL, NULL, NULL, 1, NULL, NULL, b'1'),
	(3, 3, 1, NULL, NULL, 'fernandwo2684@gmail.com', '$2y$10$u6v0vfdvla3xCyD7HJLkVeFS/Q6Ozhf.I1AIv9nnUCqDuPDCUe1XW', 'j7WUKqHUUhp5uBiAZKAg9fWmTvKYEgEq9kk9PGGiwf1ax3DE2H5oSjoau79P', NULL, NULL, 1, '2016-12-07 17:22:30', NULL, '2016-12-07 17:22:35', NULL, NULL, NULL, 1, NULL, NULL, b'1'),
	(4, 4, 1, NULL, NULL, 'fernando268422@gmail.com', '$2y$10$n..GzUA79THtAPd2Y/J8N.7nZiFzeHcdCEIH3emPIM98k4Yp9/z7u', 'O67MhIiFYyJkgNi3AkvJsI1UL7fJf8cYE4depxK7Kmk3WvI50zYWoh2u0aRJ', NULL, NULL, 1, '2016-12-07 17:23:24', NULL, '2016-12-07 17:24:15', NULL, NULL, NULL, 1, NULL, NULL, b'1'),
	(5, 5, 1, NULL, NULL, 'fernando2684fff@gmail.com', '$2y$10$pzPLJy8dj/OZm0PZig7RU.MQapUDHC0QAeeoS01n5W8jedsr9jaw6', 'vJlDKaPMlujHx33vjYwAE4b6pMzOkpf75DRllIZX0dkUsCMEsgJ7Lq6DqEEp', NULL, NULL, 1, '2016-12-07 22:43:02', NULL, '2017-01-17 17:56:29', NULL, NULL, NULL, 1, NULL, NULL, b'1');
/*!40000 ALTER TABLE `user` ENABLE KEYS */;

-- Volcando estructura para tabla krece.user_password_resets
CREATE TABLE IF NOT EXISTS `user_password_resets` (
  `email` varchar(255) COLLATE utf8_unicode_ci NOT NULL,
  `token` varchar(255) COLLATE utf8_unicode_ci NOT NULL,
  `created_at` timestamp NULL DEFAULT NULL,
  `updated_at` timestamp NULL DEFAULT NULL,
  KEY `password_resets_email_index` (`email`),
  KEY `password_resets_token_index` (`token`)
) ENGINE=InnoDB DEFAULT CHARSET=utf8 COLLATE=utf8_unicode_ci;

-- Volcando datos para la tabla krece.user_password_resets: ~0 rows (aproximadamente)
DELETE FROM `user_password_resets`;
/*!40000 ALTER TABLE `user_password_resets` DISABLE KEYS */;
/*!40000 ALTER TABLE `user_password_resets` ENABLE KEYS */;

-- Volcando estructura para tabla krece.user_rights
CREATE TABLE IF NOT EXISTS `user_rights` (
  `id` int(11) NOT NULL,
  `user_id` int(11) DEFAULT NULL,
  `module_id` int(11) DEFAULT NULL,
  PRIMARY KEY (`id`),
  UNIQUE KEY `UK_user_rights_module_id` (`user_id`,`module_id`),
  KEY `FK_user_rights_module` (`module_id`),
  CONSTRAINT `FK_user_rights_module` FOREIGN KEY (`module_id`) REFERENCES `modules` (`id`),
  CONSTRAINT `FK_user_rights_user_id` FOREIGN KEY (`user_id`) REFERENCES `user` (`id`)
) ENGINE=InnoDB DEFAULT CHARSET=latin1 COMMENT='list of modules that an user has access';

-- Volcando datos para la tabla krece.user_rights: ~0 rows (aproximadamente)
DELETE FROM `user_rights`;
/*!40000 ALTER TABLE `user_rights` DISABLE KEYS */;
/*!40000 ALTER TABLE `user_rights` ENABLE KEYS */;

-- Volcando estructura para tabla krece.user_role
CREATE TABLE IF NOT EXISTS `user_role` (
  `id` int(11) NOT NULL,
  `description` varchar(50) DEFAULT NULL,
  PRIMARY KEY (`id`)
) ENGINE=InnoDB DEFAULT CHARSET=latin1;

-- Volcando datos para la tabla krece.user_role: ~2 rows (aproximadamente)
DELETE FROM `user_role`;
/*!40000 ALTER TABLE `user_role` DISABLE KEYS */;
INSERT INTO `user_role` (`id`, `description`) VALUES
	(1, 'Administrator'),
	(2, 'Restricted');
/*!40000 ALTER TABLE `user_role` ENABLE KEYS */;

-- Volcando estructura para tabla krece.user_status
CREATE TABLE IF NOT EXISTS `user_status` (
  `id` int(11) NOT NULL,
  `description` varchar(50) NOT NULL,
  PRIMARY KEY (`id`)
) ENGINE=InnoDB DEFAULT CHARSET=latin1;

-- Volcando datos para la tabla krece.user_status: ~3 rows (aproximadamente)
DELETE FROM `user_status`;
/*!40000 ALTER TABLE `user_status` DISABLE KEYS */;
INSERT INTO `user_status` (`id`, `description`) VALUES
	(1, 'Active'),
	(2, 'Inactive'),
	(3, 'Deleted');
/*!40000 ALTER TABLE `user_status` ENABLE KEYS */;

/*!40101 SET SQL_MODE=IFNULL(@OLD_SQL_MODE, '') */;
/*!40014 SET FOREIGN_KEY_CHECKS=IF(@OLD_FOREIGN_KEY_CHECKS IS NULL, 1, @OLD_FOREIGN_KEY_CHECKS) */;
/*!40101 SET CHARACTER_SET_CLIENT=@OLD_CHARACTER_SET_CLIENT */;
